topic,id,text,created_at,author,location,is_malaysian,likeCount,retweetCount,clean_text
fuel_prices,2091481249865232490,"Kos Sara Hidup Antara Tumpuan Utama Belanjawan 2027 #mgflash

Kerajaan dijangka terus memberi tumpuan kepada usaha menangani kos sara hidup rakyat, selain memperkukuh pelaburan domestik dan antarabangsa dalam Belanjawan 2027.

Menteri Komunikasi, Datuk Seri Fahmi Fadzil berkata, perkembangan geopolitik semasa termasuk harga minyak mentah dunia antara faktor yang akan diambil kira dalam merangka belanjawan kali ini.

#malaysiagazette #Belanjawan2027",Sun Aug 23 11:02:42 +0000 2026,MalaysiaGazette,Kuala Lumpur,True,0,0,"Kos Sara Hidup Antara Tumpuan Utama Belanjawan 2027 #mgflash Kerajaan dijangka terus memberi tumpuan kepada usaha menangani kos sara hidup rakyat, selain memperkukuh pelaburan domestik dan antarabangsa dalam Belanjawan 2027. Menteri Komunikasi, Datuk Seri Fahmi Fadzil berkata, perkembangan geopolitik semasa termasuk harga minyak mentah dunia antara faktor yang akan diambil kira dalam merangka belanjawan kali ini. #malaysiagazette #Belanjawan2027"
fuel_prices,2090982397294625161,"Harga runcit bahan api tanpa subsidi akan meningkat sehingga 20 sen seliter mulai 20 Ogos, susulan kenaikan harga minyak mentah global akibat ketidaktentuan geopolitik yang berlarutan.

RON95 tanpa subsidi naik 15 sen kepada RM3.77 seliter, RON97 naik 10 sen kepada RM4.25, manakala diesel tanpa subsidi meningkat 20 sen kepada RM4.67 seliter. Harga bersubsidi kekal pada RM1.99 bagi RON95 dan RM2.10 bagi diesel.",Sat Aug 22 02:00:26 +0000 2026,EkonomiRakyatMY,Kuala Lumpur,True,1,0,"Harga runcit bahan api tanpa subsidi akan meningkat sehingga 20 sen seliter mulai 20 Ogos, susulan kenaikan harga minyak mentah global akibat ketidaktentuan geopolitik yang berlarutan. RON95 tanpa subsidi naik 15 sen kepada RM3.77 seliter, RON97 naik 10 sen kepada RM4.25, manakala diesel tanpa subsidi meningkat 20 sen kepada RM4.67 seliter. Harga bersubsidi kekal pada RM1.99 bagi RON95 dan RM2.10 bagi diesel."
fuel_prices,2090573157199385064,"Harga Minyak 20–26 Ogos 2026: RON97, RON95 dan Diesel Naik Sehingga 20 Sen Seliter - https://t.co/jaJdUXKQNv https://t.co/9IAR71iLnP",Thu Aug 20 22:54:16 +0000 2026,hrga_my,Malaysia,True,0,0,"Harga Minyak 20–26 Ogos 2026: RON97, RON95 dan Diesel Naik Sehingga 20 Sen Seliter -"
fuel_prices,2090049194161758277,"Harga RON97, RON95 dan diesel tanpa subsidi naik kepada RM4.25, RM3.77 dan RM4.67 seliter bagi 20 hingga 26 Ogos.

Kenaikan dipengaruhi konflik geopolitik yang menjejaskan bekalan minyak dunia, manakala harga bersubsidi kekal.

Sumber: Harian Metro

#ohbulan #kinitrending https://t.co/aRfHZ3Zrp8",Wed Aug 19 12:12:13 +0000 2026,ohbulanofficial,Malaysia,True,0,0,"Harga RON97, RON95 dan diesel tanpa subsidi naik kepada RM4.25, RM3.77 dan RM4.67 seliter bagi 20 hingga 26 Ogos. Kenaikan dipengaruhi konflik geopolitik yang menjejaskan bekalan minyak dunia, manakala harga bersubsidi kekal. Sumber: Harian Metro #ohbulan #kinitrending"
fuel_prices,2087492567780987132,"Harga petrol tanpa subsidi turun bagi tempoh 13 hingga 19 Ogos. RON97 turun kepada RM4.15, RON95 kepada RM3.62 dan diesel kepada RM4.47 seliter.

Harga bersubsidi kekal RM1.99 bagi RON95 dan RM2.10 bagi diesel. Penurunan disebabkan kejatuhan harga minyak dunia, namun harga dijangka terus turun naik akibat ketidaktentuan geopolitik.

Sumber: Berita Harian 
#ohbulan #kinitrending",Wed Aug 12 10:53:06 +0000 2026,ohbulanofficial,Malaysia,True,2,0,"Harga petrol tanpa subsidi turun bagi tempoh 13 hingga 19 Ogos. RON97 turun kepada RM4.15, RON95 kepada RM3.62 dan diesel kepada RM4.47 seliter. Harga bersubsidi kekal RM1.99 bagi RON95 dan RM2.10 bagi diesel. Penurunan disebabkan kejatuhan harga minyak dunia, namun harga dijangka terus turun naik akibat ketidaktentuan geopolitik. Sumber: Berita Harian #ohbulan #kinitrending"
fuel_prices,2087335255057600964,"[PROMO] Asnaf Tak Patut Diwarisi Walaupun Berlaku Krisis Geopolitik, Ekonomi 

Perkembangan geopolitik dunia seperti konflik di Asia Barat, perang yang berlarutan, ketegangan antara kuasa besar serta gangguan rantaian bekalan global memberi impak yang signifikan terhadap ekonomi dunia, termasuk Malaysia. 

Keadaan ini mendorong peningkatan kos sara hidup melalui kenaikan harga minyak, makanan dan barangan import, sekali gus memberi tekanan kepada isi rumah, khususnya golongan berpendapatan rendah dan asnaf. 

Walaupun zakat merupakan kewajipan bagi umat Islam yang memenuhi syarat, ketidaktentuan ekonomi akibat faktor geopolitik boleh mempengaruhi keupayaan pembayar zakat serta meningkatkan permintaan terhadap bantuan zakat. 

Oleh itu, institusi zakat perlu bersedia menyesuaikan strategi kutipan dan agihan agar dapat terus memenuhi keperluan masyarakat yang semakin terkesan dengan perubahan ekonomi global.

#malaysiagazette #borakMG #Maiwp #zakat #golonganasnaf",Wed Aug 12 00:28:00 +0000 2026,MalaysiaGazette,Kuala Lumpur,True,0,0,"[PROMO] Asnaf Tak Patut Diwarisi Walaupun Berlaku Krisis Geopolitik, Ekonomi Perkembangan geopolitik dunia seperti konflik di Asia Barat, perang yang berlarutan, ketegangan antara kuasa besar serta gangguan rantaian bekalan global memberi impak yang signifikan terhadap ekonomi dunia, termasuk Malaysia. Keadaan ini mendorong peningkatan kos sara hidup melalui kenaikan harga minyak, makanan dan barangan import, sekali gus memberi tekanan kepada isi rumah, khususnya golongan berpendapatan rendah dan asnaf. Walaupun zakat merupakan kewajipan bagi umat Islam yang memenuhi syarat, ketidaktentuan ekonomi akibat faktor geopolitik boleh mempengaruhi keupayaan pembayar zakat serta meningkatkan permintaan terhadap bantuan zakat. Oleh itu, institusi zakat perlu bersedia menyesuaikan strategi kutipan dan agihan agar dapat terus memenuhi keperluan masyarakat yang semakin terkesan dengan perubahan ekonomi global. #malaysiagazette #borakMG #Maiwp #zakat #golonganasnaf"
fuel_prices,2087134685193556100,"Bursa Malaysia ditutup rendah pada Selasa berikutan kenaikan berterusan harga minyak mentah dan kebimbangan geopolitik yang berterusan menjejaskan sentimen pelabur.

#AWANInews
#AWANI745

https://t.co/rLhJEZXiM9",Tue Aug 11 11:11:00 +0000 2026,501Awani,Malaysia,True,0,0,Bursa Malaysia ditutup rendah pada Selasa berikutan kenaikan berterusan harga minyak mentah dan kebimbangan geopolitik yang berterusan menjejaskan sentimen pelabur. #AWANInews #AWANI745
fuel_prices,2087129321421099305,"Bursa Malaysia ditutup rendah akibat kenaikan berterusan harga minyak, krisis geopolitik

#BHbisnes Indeks penanda aras FBM KLCI susut 3.91 mata atau 0.23 peratus kepada 1,731.46 mata.

https://t.co/caBhhSuUAH",Tue Aug 11 10:49:41 +0000 2026,bharianmy,Malaysia,True,0,0,"Bursa Malaysia ditutup rendah akibat kenaikan berterusan harga minyak, krisis geopolitik #BHbisnes Indeks penanda aras FBM KLCI susut 3.91 mata atau 0.23 peratus kepada 1,731.46 mata."
fuel_prices,2085562042820571332,"Thong berkata Wall Street terjejas selepas harga minyak mentah melonjak ke paras kira-kira US$82 setong apabila Iran mengeluarkan deraf pelan lebih ketat bagi Selat Hormuz.
#AWANInews #AWANIpagi

https://t.co/ff0gxthhIk",Fri Aug 07 03:01:53 +0000 2026,501Awani,Malaysia,True,0,0,Thong berkata Wall Street terjejas selepas harga minyak mentah melonjak ke paras kira-kira US$82 setong apabila Iran mengeluarkan deraf pelan lebih ketat bagi Selat Hormuz. #AWANInews #AWANIpagi
fuel_prices,2084082229043745175,"Harga minyak dunia susut hampir 5% susulan rundingan baharu AS-Iran

https://t.co/E9uA3RLvJM",Mon Aug 03 01:01:38 +0000 2026,MalaysiaGazette,Kuala Lumpur,True,0,0,Harga minyak dunia susut hampir 5% susulan rundingan baharu AS-Iran
fuel_prices,2080205668632703449,"MALAYSIA PETANG INI
23 Julai 2026, Khamis
Siaran Langsung 5.00-5.30 Petang
@ Studio 2, Ground Floor Wisma BERNAMA
 
TAJUK
Geopolitik Asia Barat : Pacu Kenaikan Harga Bahan Api

TETAMU DI TALIAN (ZOOM)
1)SHAHRUL NIZAM MD RADZI
Naib Presiden,
Persatuan Pengusaha Stesen Minyak Bumiputera Malaysia (Bumipeda)

TAJUK
PERTAHANKAN
KEDAULATAN MALAYSIA, TOLAK CAMPUR TANGAN ASING

TETAMU DI TALIAN(ZOOM)
2)AHMAD FAHMI
MOHD SAMSUDIN
Presiden ABIM

Saksikan Malaysia Petang Ini dengan dua topik menarik yang akan dibincangkan iaitu mengenai pergerakan pasaran minyak dunia yang dipengaruhi konflik antara Amerika Syarikat (AS) dan Iran yang kembali memuncak selepas tempoh gencatan senjata berakhir dan juga berhubung isu Network School dimana ABIM berpandangan bahawa siasatan hendaklah diserahkan sepenuhnya kepada pihak berkuasa Malaysia.

Saluran ASTRO 502 / UNIFI TV 631 / MyTV 121
FB Live & YouTube Streaming: BERNAMA TV",Thu Jul 23 08:17:34 +0000 2026,BernamaTV,Kuala Lumpur,True,0,1,"MALAYSIA PETANG INI 23 Julai 2026, Khamis Siaran Langsung 5.00-5.30 Petang @ Studio 2, Ground Floor Wisma BERNAMA TAJUK Geopolitik Asia Barat : Pacu Kenaikan Harga Bahan Api TETAMU DI TALIAN (ZOOM) 1)SHAHRUL NIZAM MD RADZI Naib Presiden, Persatuan Pengusaha Stesen Minyak Bumiputera Malaysia (Bumipeda) TAJUK PERTAHANKAN KEDAULATAN MALAYSIA, TOLAK CAMPUR TANGAN ASING TETAMU DI TALIAN(ZOOM) 2)AHMAD FAHMI MOHD SAMSUDIN Presiden ABIM Saksikan Malaysia Petang Ini dengan dua topik menarik yang akan dibincangkan iaitu mengenai pergerakan pasaran minyak dunia yang dipengaruhi konflik antara Amerika Syarikat (AS) dan Iran yang kembali memuncak selepas tempoh gencatan senjata berakhir dan juga berhubung isu Network School dimana ABIM berpandangan bahawa siasatan hendaklah diserahkan sepenuhnya kepada pihak berkuasa Malaysia. Saluran ASTRO 502 / UNIFI TV 631 / MyTV 121 FB Live & YouTube Streaming: BERNAMA TV"
fuel_prices,2080128836168261739,"MALAYSIA PETANG INI
23 Julai 2026, Khamis
Siaran Langsung 5.00-5.30 Petang
@ Studio 2, Ground Floor Wisma BERNAMA

TAJUK
Geopolitik Asia Barat : Pacu Kenaikan Harga Bahan Api

TETAMU DI TALIAN (ZOOM)
SHAHRUL NIZAM MD RADZI
Naib Presiden,
Persatuan Pengusaha Stesen Minyak Bumiputera Malaysia (Bumipeda)

Pergerakan pasaran minyak dunia dipengaruhi konflik antara Amerika Syarikat (AS) dan Iran yang kembali memuncak selepas tempoh gencatan senjata berakhir.

Ini didorong oleh kenaikan harga minyak mentah di paras inventori global yang semakin ketat serta ancaman gangguan terhadap penghantaran minyak dari Arab Saudi.

Nantikan perbincangan lanjut dalam Malaysia Petang Ini, jam 5 petang di Bernama TV.

Saluran ASTRO 502 / UNIFI TV 631 / MyTV 121
FB Live & YouTube Streaming: BERNAMA TV",Thu Jul 23 03:12:16 +0000 2026,BernamaTV,Kuala Lumpur,True,0,0,"MALAYSIA PETANG INI 23 Julai 2026, Khamis Siaran Langsung 5.00-5.30 Petang @ Studio 2, Ground Floor Wisma BERNAMA TAJUK Geopolitik Asia Barat : Pacu Kenaikan Harga Bahan Api TETAMU DI TALIAN (ZOOM) SHAHRUL NIZAM MD RADZI Naib Presiden, Persatuan Pengusaha Stesen Minyak Bumiputera Malaysia (Bumipeda) Pergerakan pasaran minyak dunia dipengaruhi konflik antara Amerika Syarikat (AS) dan Iran yang kembali memuncak selepas tempoh gencatan senjata berakhir. Ini didorong oleh kenaikan harga minyak mentah di paras inventori global yang semakin ketat serta ancaman gangguan terhadap penghantaran minyak dari Arab Saudi. Nantikan perbincangan lanjut dalam Malaysia Petang Ini, jam 5 petang di Bernama TV. Saluran ASTRO 502 / UNIFI TV 631 / MyTV 121 FB Live & YouTube Streaming: BERNAMA TV"
fuel_prices,2079929835267539325,"Harga runcit RON97 dan RON95 tanpa subsidi masing-masing meningkat 20 sen seliter manakala harga diesel tanpa subsidi meningkat 35 sen seliter bagi tempoh 23 Julai hingga 29 Julai ini. 

Kementerian Kewangan (MOF) memaklumkan harga runcit RON97 ditetapkan RM4.20 seliter berbanding RM4 sebelum ini manakala RON95 tanpa subsidi RM3.62 seliter berbanding RM3.42 seliter. 

Harga diesel tanpa subsidi pula ditetapkan RM4.42 seliter berbanding RM4.07 seliter sebelum ini. 

Menurut MOF, harga produk petroleum tanpa subsidi dipengaruhi pergerakan pasaran minyak dunia pada minggu terdahulu, menyaksikan harga minyak mentah Brent meningkat 16 peratus sepanjang minggu lepas susulan konflik Amerika Syarikat dan Iran kembali memuncak selepas berakhirnya tempoh gencatan senjata.

#digitalbernamatv
#petrol
#diesel",Wed Jul 22 14:01:30 +0000 2026,BernamaTV,Kuala Lumpur,True,0,1,"Harga runcit RON97 dan RON95 tanpa subsidi masing-masing meningkat 20 sen seliter manakala harga diesel tanpa subsidi meningkat 35 sen seliter bagi tempoh 23 Julai hingga 29 Julai ini. Kementerian Kewangan (MOF) memaklumkan harga runcit RON97 ditetapkan RM4.20 seliter berbanding RM4 sebelum ini manakala RON95 tanpa subsidi RM3.62 seliter berbanding RM3.42 seliter. Harga diesel tanpa subsidi pula ditetapkan RM4.42 seliter berbanding RM4.07 seliter sebelum ini. Menurut MOF, harga produk petroleum tanpa subsidi dipengaruhi pergerakan pasaran minyak dunia pada minggu terdahulu, menyaksikan harga minyak mentah Brent meningkat 16 peratus sepanjang minggu lepas susulan konflik Amerika Syarikat dan Iran kembali memuncak selepas berakhirnya tempoh gencatan senjata. #digitalbernamatv #petrol #diesel"
fuel_prices,2079922635190976646,"Harga runcit RON97 dan RON95 tanpa subsidi meningkat 20 sen seliter, diesel tanpa subsidi naik 35 sen seliter

#BHnasional Harga minyak mentah Brent meningkat 16 peratus sepanjang minggu lalu apabila konflik antara AS dan Iran kembali memuncak selepas berakhirnya tempoh gencatan senjata. 

https://t.co/mxC8qdEyJq",Wed Jul 22 13:32:53 +0000 2026,bharianmy,Malaysia,True,1,0,"Harga runcit RON97 dan RON95 tanpa subsidi meningkat 20 sen seliter, diesel tanpa subsidi naik 35 sen seliter #BHnasional Harga minyak mentah Brent meningkat 16 peratus sepanjang minggu lalu apabila konflik antara AS dan Iran kembali memuncak selepas berakhirnya tempoh gencatan senjata."
fuel_prices,2079918394841964807,"RON97, RON95 tanpa subsidi naik 20 sen, diesel meningkat 35 sen bermula Khamis

Harga runcit RON97 dan RON95 tanpa subsidi masing-masing naik 20 sen seliter, manakala diesel tanpa subsidi meningkat 35 sen seliter bagi tempoh 23 hingga 29 Julai 2026 susulan kenaikan harga minyak mentah dunia yang didorong ketegangan geopolitik di Asia Barat.

#RON95 #RON97 #subsidi #MADANIBekerja 

Artikel https://t.co/6k6xXun9Kg",Wed Jul 22 13:16:03 +0000 2026,SinarOnline,Malaysia,True,0,0,"RON97, RON95 tanpa subsidi naik 20 sen, diesel meningkat 35 sen bermula Khamis Harga runcit RON97 dan RON95 tanpa subsidi masing-masing naik 20 sen seliter, manakala diesel tanpa subsidi meningkat 35 sen seliter bagi tempoh 23 hingga 29 Julai 2026 susulan kenaikan harga minyak mentah dunia yang didorong ketegangan geopolitik di Asia Barat. #RON95 #RON97 #subsidi #MADANIBekerja Artikel"
fuel_prices,2079910999986217308,"RON97, RON95 tanpa subsidi naik 20 sen, diesel meningkat 35 sen bermula Khamis

Peningkatan harga itu susulan kenaikan harga minyak mentah dunia yang didorong ketegangan geopolitik di Asia Barat.
#SinarHarian #petrol #diesel #harga

https://t.co/6k6xXun9Kg",Wed Jul 22 12:46:39 +0000 2026,SinarOnline,Malaysia,True,0,1,"RON97, RON95 tanpa subsidi naik 20 sen, diesel meningkat 35 sen bermula Khamis Peningkatan harga itu susulan kenaikan harga minyak mentah dunia yang didorong ketegangan geopolitik di Asia Barat. #SinarHarian #petrol #diesel #harga"
fuel_prices,2079839701058396357,"#kualalumpur Risiko lonjakan harga minyak mentah susulan ketegangan geopolitik yang semakin memuncak di Asia Barat dijangka memberi kesan berganda kepada Malaysia termasuk peningkatan kos sara hidup, kestabilan fiskal, pelaburan dan pertumbuhan ekonomi.
https://t.co/loAhGQtIrQ https://t.co/MWjMord58Z",Wed Jul 22 08:03:20 +0000 2026,hmetromy,Malaysia,True,1,0,"#kualalumpur Risiko lonjakan harga minyak mentah susulan ketegangan geopolitik yang semakin memuncak di Asia Barat dijangka memberi kesan berganda kepada Malaysia termasuk peningkatan kos sara hidup, kestabilan fiskal, pelaburan dan pertumbuhan ekonomi."
fuel_prices,2077408600046403653,"Kenaikan itu berdasarkan formula Mekanisme Harga Automatik (APM) dan dipengaruhi pergerakan pasaran minyak dunia pada minggu terdahulu. 
#AWANInews #AWANI745 
https://t.co/fX1JI5V5gJ",Wed Jul 15 15:03:01 +0000 2026,501Awani,Malaysia,True,1,0,Kenaikan itu berdasarkan formula Mekanisme Harga Automatik (APM) dan dipengaruhi pergerakan pasaran minyak dunia pada minggu terdahulu. #AWANInews #AWANI745
fuel_prices,2077373310808342659,"Sedar atau tidak, Iran baru saja sekali lagi umumkan penutupan Selat Hormuz. 

Ini apa yang kita semua perlu tahu dan bersedia mental dan fizikal, jadi dengar sampai habis.

Ringkasnya, Selat Hormuz ditutup sekali lagi kerana ada ketegangan baru selepas serangan terkini Amerika Syarikat terhadap Iran pada 8 Julai yang lepas.

Walau pun Selat Hormuz ditutup semula, sebahagian trafik komersial dilaporkan masih bergerak walaupun sedikit.

Tetapi itu tak boleh buat kita selesa sama sekali, sama ada Kerajaan atau pun rakyat. Ini bermakna ekonomi kita sekali lagi terdedah kepada segala ketidaktentuan dari luar. 

Kerajaan, peniaga, rakyat dan semua pihak perlu bersedia dengan kesan daripada tekanan kepada harga minyak, kos pengangkutan, tempoh penghantaran dan harga bahan mentah global. 

Isu yang paling penting ialah bekalan dan harga makanan untuk rakyat. Ini saya update dalam Sidang Media Taklimat Krisis Tenaga Global.

Kita juga perlu kurangkan tekanan yang ditanggung pesawah akibat peningkatan kos pengeluaran supaya tidak menjejaskan pengguna. Sebab itu sebanyak RM45.98 juta telah diagihkan melalui Insentif Pembajakan Kepada Pesawah, melibatkan 118,908 pesawah di Semenanjung Malaysia.

Satu lagi yang penting adalah untuk menangani cabaran industri terhadap rantaian tekanan bekalan global.

Sebab bila krisis ini berpanjangan, industri mula terasa kesan dan seterusnya kepada kita semua pengguna.

Dia lebih complicated dari apa yang disangka. Satu contoh saja, apabila apabila industri plastik tertekan, kesannya boleh merebak kepada pembungkusan makanan, komponen E&E, automotif, peranti perubatan, pembinaan, pertanian dan eksport pembuatan.

Ini Kerajaan tangani dengan membangunkan ekosistem rantaian bekalan kita dengan cepat supaya kita tidak bergantung sepenuhnya dari luar.

Mungkin ada yang tanya, kenapa saya terus ingatkan semua cabaran-cabaran ini. 

Sepatutnya saya cakap sajalah semuanya baik-baik, jangan risau.

Peranan saya di Kementerian Ekonomi adalah untuk laporkan keadaan sebenar yang berlaku. Jadi kita semua tak boleh lalai dan ambil tindakan yang sepatutnya dengan pantas, termasuklah Kerajaan, peniaga dan rakyat.

Kita semua tak boleh leka dan perlu menyesuaikan diri dengan cabaran ekonomi akibat konflik di Asia Barat yang masih belum surut.",Wed Jul 15 12:42:47 +0000 2026,akmalnasir,"Johor Bahru, Johor",True,82,30,"Sedar atau tidak, Iran baru saja sekali lagi umumkan penutupan Selat Hormuz. Ini apa yang kita semua perlu tahu dan bersedia mental dan fizikal, jadi dengar sampai habis. Ringkasnya, Selat Hormuz ditutup sekali lagi kerana ada ketegangan baru selepas serangan terkini Amerika Syarikat terhadap Iran pada 8 Julai yang lepas. Walau pun Selat Hormuz ditutup semula, sebahagian trafik komersial dilaporkan masih bergerak walaupun sedikit. Tetapi itu tak boleh buat kita selesa sama sekali, sama ada Kerajaan atau pun rakyat. Ini bermakna ekonomi kita sekali lagi terdedah kepada segala ketidaktentuan dari luar. Kerajaan, peniaga, rakyat dan semua pihak perlu bersedia dengan kesan daripada tekanan kepada harga minyak, kos pengangkutan, tempoh penghantaran dan harga bahan mentah global. Isu yang paling penting ialah bekalan dan harga makanan untuk rakyat. Ini saya update dalam Sidang Media Taklimat Krisis Tenaga Global. Kita juga perlu kurangkan tekanan yang ditanggung pesawah akibat peningkatan kos pengeluaran supaya tidak menjejaskan pengguna. Sebab itu sebanyak RM45.98 juta telah diagihkan melalui Insentif Pembajakan Kepada Pesawah, melibatkan 118,908 pesawah di Semenanjung Malaysia. Satu lagi yang penting adalah untuk menangani cabaran industri terhadap rantaian tekanan bekalan global. Sebab bila krisis ini berpanjangan, industri mula terasa kesan dan seterusnya kepada kita semua pengguna. Dia lebih complicated dari apa yang disangka. Satu contoh saja, apabila apabila industri plastik tertekan, kesannya boleh merebak kepada pembungkusan makanan, komponen E&E, automotif, peranti perubatan, pembinaan, pertanian dan eksport pembuatan. Ini Kerajaan tangani dengan membangunkan ekosistem rantaian bekalan kita dengan cepat supaya kita tidak bergantung sepenuhnya dari luar. Mungkin ada yang tanya, kenapa saya terus ingatkan semua cabaran-cabaran ini. Sepatutnya saya cakap sajalah semuanya baik-baik, jangan risau. Peranan saya di Kementerian Ekonomi adalah untuk laporkan keadaan sebenar yang berlaku. Jadi kita semua tak boleh lalai dan ambil tindakan yang sepatutnya dengan pantas, termasuklah Kerajaan, peniaga dan rakyat. Kita semua tak boleh leka dan perlu menyesuaikan diri dengan cabaran ekonomi akibat konflik di Asia Barat yang masih belum surut."
fuel_prices,2076483173589062012,"Perjanjian gencatan senjata yang masih rapuh susulan serangan yang masih berterusan antara AS dan Iran telah menyebabkan harga minyak mentah serta hasil bon Perbendaharaan AS kekal tinggi.

https://t.co/j74WArfn2V

#AWANInews #AWANIpagi",Mon Jul 13 01:45:42 +0000 2026,501Awani,Malaysia,True,0,0,Perjanjian gencatan senjata yang masih rapuh susulan serangan yang masih berterusan antara AS dan Iran telah menyebabkan harga minyak mentah serta hasil bon Perbendaharaan AS kekal tinggi. #AWANInews #AWANIpagi
fuel_prices,2076464884792049671,"Harga minyak melonjak lebih 3.5 peratus susulan konflik baharu AS-Iran

https://t.co/u8ctkTpNcY",Mon Jul 13 00:33:02 +0000 2026,MalaysiaGazette,Kuala Lumpur,True,1,0,Harga minyak melonjak lebih 3.5 peratus susulan konflik baharu AS-Iran
fuel_prices,2074824832114725064,"Asia Barat kembali tegang, ringgit jatuh kepada RM4.07 sedolar

#BHbisnes Harga minyak mentah meningkat ketara susulan serangan tentera AS terhadap pasukan Iran.

https://t.co/JGWi3X8Iyp",Wed Jul 08 11:56:03 +0000 2026,bharianmy,Malaysia,True,3,0,"Asia Barat kembali tegang, ringgit jatuh kepada RM4.07 sedolar #BHbisnes Harga minyak mentah meningkat ketara susulan serangan tentera AS terhadap pasukan Iran."
fuel_prices,2074788448540795337,"Harga minyak naik lebih 5% selepas Trump umum gencatan senjata Iran berakhir

https://t.co/xRuCVbdILO",Wed Jul 08 09:31:28 +0000 2026,MalaysiaGazette,Kuala Lumpur,True,0,0,Harga minyak naik lebih 5% selepas Trump umum gencatan senjata Iran berakhir
fuel_prices,2074667681568215145,"Harga minyak naik ekoran serangan AS di Iran

https://t.co/XcHrUxPMqA",Wed Jul 08 01:31:35 +0000 2026,UMonline,Malaysia,True,3,0,Harga minyak naik ekoran serangan AS di Iran
fuel_prices,2068976357196145112,"Minyak mentah Brent menyusut AS$1.68 atau 2.09 peratus kepada AS$78.89 setong (kira-kira RM324) setakat jam 2.33 petang waktu Malaysia.

#AWANInews #AWANI745

https://t.co/xJzlORj4Ar",Mon Jun 22 08:36:17 +0000 2026,501Awani,Malaysia,True,1,0,Minyak mentah Brent menyusut AS$1.68 atau 2.09 peratus kepada AS$78.89 setong (kira-kira RM324) setakat jam 2.33 petang waktu Malaysia. #AWANInews #AWANI745
fuel_prices,2068085972802339023,"Kestabilan harga minyak global tidak dapat dicapai serta-merta dan pemulihan itu turut mengambil kira kos logistik, pengangkutan dan insurans yang meningkat sepanjang tempoh krisis berkenaan.

#AWANInews #AWANIpagi

https://t.co/1baX2LbApa",Fri Jun 19 21:38:13 +0000 2026,501Awani,Malaysia,True,1,1,"Kestabilan harga minyak global tidak dapat dicapai serta-merta dan pemulihan itu turut mengambil kira kos logistik, pengangkutan dan insurans yang meningkat sepanjang tempoh krisis berkenaan. #AWANInews #AWANIpagi"
fuel_prices,2067943638328607075,"""Asyik Terbang Ke Luar Negara?"" – Mengapa Lawatan Ke Rusia Kali Ini Berbeza Dan Membuka Mata.

Bila kita dengar Perdana Menteri terbang lagi ke luar negara, saya faham sangat kalau ada yang mengeluh kecil dan berkata, ""Asyik ke luar negara je, apa hasilnya untuk kita yang tengah bergelut cari rezeki kat bawah ni?""

Sejujurnya, keraguan itu sangat wajar. Kita berhak menuntut hasil yang nyata.

Tetapi, bila saya ambil masa sejenak untuk meneliti hasil misi Misi Diplomasi MADANI di Kazan, Rusia kali ini, perlahan-lahan sudut pandang saya berubah. Ini bukan lawatan sambil lewa atau sekadar nak bergambar di pentas dunia. Perjumpaan empat mata bersama Presiden Vladimir Putin sebenarnya membuka satu pintu yang sangat besar untuk kelangsungan hidup kita.

Pernahkah kita terfikir bagaimana harga barang boleh distabilkan? Salah satu caranya adalah dengan melepaskan pergantungan kita kepada Dolar AS. Di meja perundingan tersebut, Malaysia dan Rusia secara serius membincangkan pemansuhan visa serta perdagangan menggunakan mata wang tempatan, iaitu Ringgit dan Ruble. 

Ini langkah berani yang jarang-jarang pemimpin dunia ketiga berani utarakan di hadapan kuasa besar. Selain itu, ada komitmen jangka panjang untuk bekalan tenaga dan minyak negara, penerokaan pelaburan digital, serta pertanian moden. Ini semua adalah 'talian hayat' ekonomi masa depan anak cucu kita.

Satu perkara yang benar-benar menyentuh hati saya adalah ketika di Forum Perniagaan Rusia-ASEAN. Di hadapan pemimpin antarabangsa dan tokoh korporat, Dato' Seri Anwar Ibrahim tidak memfokuskan kepada angka kapitalis semata-mata. 

Beliau memetik kata-kata penyair agung Tatarstan, Abdullah Tukay: ""Hanya dalam berkhidmat untuk rakyat, saya menemui kebahagiaan sejati"". 

Beliau mengingatkan dunia bahawa walau apa pun kerjasama ekonomi yang dibina, matlamat akhirnya wajiblah untuk kesejahteraan rakyat biasa.

Bukan itu sahaja, Malaysia terus dihormati kerana kelantangan suara kita bergema mempertahan isu Gaza dan Iran, dan ini mendapat sokongan serta pendirian konsisten daripada pihak Rusia. Suara kita didengari dan dihormati di pentas antarabangsa.

Mungkin hari ini, kita belum nampak duit itu terus masuk ke dalam poket kita. Membina ekonomi negara bukanlah magis semalaman. Tetapi percayalah, 'pagar' ekonomi, keselamatan, dan maruah negara sedang dibina dengan cukup kukuh di luar sana. 

Berilah sedikit ruang dan kepercayaan untuk benih diplomasi ini tumbuh dan membuahkan hasil buat kita semua. 

#DiplomasiMADANI #MalaysiaMADANI #anwaribrahim #PakatanHarapan #keadilanuntuksemua",Fri Jun 19 12:12:38 +0000 2026,jasonyew,Kuala Lumpur,True,121,28,"""Asyik Terbang Ke Luar Negara?"" – Mengapa Lawatan Ke Rusia Kali Ini Berbeza Dan Membuka Mata. Bila kita dengar Perdana Menteri terbang lagi ke luar negara, saya faham sangat kalau ada yang mengeluh kecil dan berkata, ""Asyik ke luar negara je, apa hasilnya untuk kita yang tengah bergelut cari rezeki kat bawah ni?"" Sejujurnya, keraguan itu sangat wajar. Kita berhak menuntut hasil yang nyata. Tetapi, bila saya ambil masa sejenak untuk meneliti hasil misi Misi Diplomasi MADANI di Kazan, Rusia kali ini, perlahan-lahan sudut pandang saya berubah. Ini bukan lawatan sambil lewa atau sekadar nak bergambar di pentas dunia. Perjumpaan empat mata bersama Presiden Vladimir Putin sebenarnya membuka satu pintu yang sangat besar untuk kelangsungan hidup kita. Pernahkah kita terfikir bagaimana harga barang boleh distabilkan? Salah satu caranya adalah dengan melepaskan pergantungan kita kepada Dolar AS. Di meja perundingan tersebut, Malaysia dan Rusia secara serius membincangkan pemansuhan visa serta perdagangan menggunakan mata wang tempatan, iaitu Ringgit dan Ruble. Ini langkah berani yang jarang-jarang pemimpin dunia ketiga berani utarakan di hadapan kuasa besar. Selain itu, ada komitmen jangka panjang untuk bekalan tenaga dan minyak negara, penerokaan pelaburan digital, serta pertanian moden. Ini semua adalah 'talian hayat' ekonomi masa depan anak cucu kita. Satu perkara yang benar-benar menyentuh hati saya adalah ketika di Forum Perniagaan Rusia-ASEAN. Di hadapan pemimpin antarabangsa dan tokoh korporat, Dato' Seri Anwar Ibrahim tidak memfokuskan kepada angka kapitalis semata-mata. Beliau memetik kata-kata penyair agung Tatarstan, Abdullah Tukay: ""Hanya dalam berkhidmat untuk rakyat, saya menemui kebahagiaan sejati"". Beliau mengingatkan dunia bahawa walau apa pun kerjasama ekonomi yang dibina, matlamat akhirnya wajiblah untuk kesejahteraan rakyat biasa. Bukan itu sahaja, Malaysia terus dihormati kerana kelantangan suara kita bergema mempertahan isu Gaza dan Iran, dan ini mendapat sokongan serta pendirian konsisten daripada pihak Rusia. Suara kita didengari dan dihormati di pentas antarabangsa. Mungkin hari ini, kita belum nampak duit itu terus masuk ke dalam poket kita. Membina ekonomi negara bukanlah magis semalaman. Tetapi percayalah, 'pagar' ekonomi, keselamatan, dan maruah negara sedang dibina dengan cukup kukuh di luar sana. Berilah sedikit ruang dan kepercayaan untuk benih diplomasi ini tumbuh dan membuahkan hasil buat kita semua. #DiplomasiMADANI #MalaysiaMADANI #anwaribrahim #PakatanHarapan #keadilanuntuksemua"
fuel_prices,2067829661804241360,"#TOP10 Berita popular di #SinarHarian pada 19 Jun 2026

TOP 1 l  Rohingya: Pulau Bidong sudah mengajar kita
https://t.co/ekvX5FWSlj

TOP 2 l Berang ibu enggan bayar sewa kondo, anak pandu SUV masuk kolam renang
https://t.co/1l17c76s4W

TOP 3 l Tekanan kos sara hidup: Selangor tawar moratorium tiga bulan
https://t.co/TOTyusY0a7

TOP 4 l Azizah si cantik manis yang buat satu Malaysia marah
https://t.co/p4OQJIYp7u

TOP 5 l Tamparan hebat kepada musuh Iran
https://t.co/I1RbCVm7tS

TOP 6 l 'Saya tumpang rezeki legasi Tun Razak'
https://t.co/s509Ch5XDn

TOP 7 l Harga minyak turun, siapa paling untung?
https://t.co/Leqdz4xyIV

TOP 8 l Iran untung besar
https://t.co/EDGpCK1Upm

TOP 9 l  Kone patah kaki, Kanada hilang tonggak di sebalik pesta gol
https://t.co/ay2VKezWQu

TOP 10 l Lee Kang-in dilayangkan kad kuning seawal minit ke-4
https://t.co/UbQtCV31DS",Fri Jun 19 04:39:44 +0000 2026,SinarOnline,Malaysia,True,0,0,"#TOP10 Berita popular di #SinarHarian pada 19 Jun 2026 TOP 1 l Rohingya: Pulau Bidong sudah mengajar kita TOP 2 l Berang ibu enggan bayar sewa kondo, anak pandu SUV masuk kolam renang TOP 3 l Tekanan kos sara hidup: Selangor tawar moratorium tiga bulan TOP 4 l Azizah si cantik manis yang buat satu Malaysia marah TOP 5 l Tamparan hebat kepada musuh Iran TOP 6 l 'Saya tumpang rezeki legasi Tun Razak' TOP 7 l Harga minyak turun, siapa paling untung? TOP 8 l Iran untung besar TOP 9 l Kone patah kaki, Kanada hilang tonggak di sebalik pesta gol TOP 10 l Lee Kang-in dilayangkan kad kuning seawal minit ke-4"
fuel_prices,2067461709665796409,"Jika Perdana Menteri Bukan Anwar, Saya Boleh Katakan Hari Ini USD1=RM5 - Arul Kumar 

Oleh Mynewshub 

SEREMBAN - Nilai ringgit hari ini RM5 berbanding dolar Amerika Syarikat (AS) jika Perdana Menteri Malaysia bukan Datuk Seri Anwar Ibrahim.

Penyandang Exco Kerajaan Negeri Sembilan, J Arul Kumar berkata, nilai ringgit semakin mengukuh berbanding dolar AS dibawah pentadbiran Anwar.

""Nilai ringgit menunjukkan pengukuhan berbanding dolar AS berbanding ketika awal pentadbiran beliau. 

""Hari pertama Anwar menjadi Perdana Menteri USD1 = RM 4.70 dan hari ini USD1 = RM4. Nilai mata wang ringgit terus naik. 

""Jika Perdana Menteri bukan Anwar, saya boleh katakan hari ini USD1 = RM5,"" katanya dalam satu kenyataan di media sosial.

Arul Kumar yang juga Naib Pengerusi Kebangsaan DAP berkata, pelaburan domestik dan asing juga terus mencatat peningkatan.

Menurut beliau, ia termasuk kelulusan pelaburan yang tinggi dalam sejarah Malaysia 
RM427 bilion bagi tahun 2025.

Kata beliau, kerajaan Anwar berjaya mengurus cabaran berkaitan bekalan dan harga tenaga di tengah-tengah ketidaktentuan geopolitik dunia.

""Dalam tempoh tiga bulan berlaku peperangan Malaysia masih mempunyai bekalan minyak,"" katanya. 

Selain itu, katanya, program Sumbangan Tunai Rahmah (STR) dan Sumbangan Asas Rahmah (SARA) terus diperkukuh.

""Adaalah adil untuk menilai seseorang pemimpin berdasarkan keseluruhan prestasi dan pencapaiannya, bukan hanya berdasarkan kelemahan tertentu,"" katanya. - MYNEWSHUB

Sumber Info/Foto: Akaun Media Sosial Arul Kumar Jambunathan",Thu Jun 18 04:17:37 +0000 2026,mynewshub,Malaysia,True,26,5,"Jika Perdana Menteri Bukan Anwar, Saya Boleh Katakan Hari Ini USD1=RM5 - Arul Kumar Oleh Mynewshub SEREMBAN - Nilai ringgit hari ini RM5 berbanding dolar Amerika Syarikat (AS) jika Perdana Menteri Malaysia bukan Datuk Seri Anwar Ibrahim. Penyandang Exco Kerajaan Negeri Sembilan, J Arul Kumar berkata, nilai ringgit semakin mengukuh berbanding dolar AS dibawah pentadbiran Anwar. ""Nilai ringgit menunjukkan pengukuhan berbanding dolar AS berbanding ketika awal pentadbiran beliau. ""Hari pertama Anwar menjadi Perdana Menteri USD1 = RM 4.70 dan hari ini USD1 = RM4. Nilai mata wang ringgit terus naik. ""Jika Perdana Menteri bukan Anwar, saya boleh katakan hari ini USD1 = RM5,"" katanya dalam satu kenyataan di media sosial. Arul Kumar yang juga Naib Pengerusi Kebangsaan DAP berkata, pelaburan domestik dan asing juga terus mencatat peningkatan. Menurut beliau, ia termasuk kelulusan pelaburan yang tinggi dalam sejarah Malaysia RM427 bilion bagi tahun 2025. Kata beliau, kerajaan Anwar berjaya mengurus cabaran berkaitan bekalan dan harga tenaga di tengah-tengah ketidaktentuan geopolitik dunia. ""Dalam tempoh tiga bulan berlaku peperangan Malaysia masih mempunyai bekalan minyak,"" katanya. Selain itu, katanya, program Sumbangan Tunai Rahmah (STR) dan Sumbangan Asas Rahmah (SARA) terus diperkukuh. ""Adaalah adil untuk menilai seseorang pemimpin berdasarkan keseluruhan prestasi dan pencapaiannya, bukan hanya berdasarkan kelemahan tertentu,"" katanya. - MYNEWSHUB Sumber Info/Foto: Akaun Media Sosial Arul Kumar Jambunathan"
fuel_prices,2067036926457114685,"Perjanjian tamat perang AS-Iran 'kemenangan' kepada global

#BHnasional #MindaPengarang Pembukaan semula Selat Hormuz, antara laluan minyak terpenting dunia, memberi isyarat positif kepada pasaran dan membantu meredakan tekanan terhadap harga tenaga yang menggugat fiskal Malaysia.

https://t.co/0Yb53sNG7S",Wed Jun 17 00:09:41 +0000 2026,bharianmy,Malaysia,True,3,0,"Perjanjian tamat perang AS-Iran 'kemenangan' kepada global #BHnasional #MindaPengarang Pembukaan semula Selat Hormuz, antara laluan minyak terpenting dunia, memberi isyarat positif kepada pasaran dan membantu meredakan tekanan terhadap harga tenaga yang menggugat fiskal Malaysia."
food_prices,2079740083893309660,"Bagaimana Malaysia kekal bekalan di saat konflik global semakin menekan?  

Konflik global, harga minyak yang tidak menentu dan gangguan rantaian bekalan memberi tekanan kepada banyak negara.  Namun, Malaysia masih berjaya mengekalkan bekalan makanan, bahan api dan logistik dalam keadaan stabil.  Bagaimana kerajaan melakukannya?  

#BeritaFMT",Wed Jul 22 01:27:30 +0000 2026,fmtoday,Malaysia,True,2,0,"Bagaimana Malaysia kekal bekalan di saat konflik global semakin menekan? Konflik global, harga minyak yang tidak menentu dan gangguan rantaian bekalan memberi tekanan kepada banyak negara. Namun, Malaysia masih berjaya mengekalkan bekalan makanan, bahan api dan logistik dalam keadaan stabil. Bagaimana kerajaan melakukannya? #BeritaFMT"
food_prices,2076603499601973250,"Bekalan makanan ruji negara itu ketika ini berada pada tahap stabil dan mencukupi meskipun dunia berdepan ketidaktentuan geopolitik

#AWANInews #AWANI745

https://t.co/EjbGsQRP2i",Mon Jul 13 09:43:50 +0000 2026,501Awani,Malaysia,True,0,0,Bekalan makanan ruji negara itu ketika ini berada pada tahap stabil dan mencukupi meskipun dunia berdepan ketidaktentuan geopolitik #AWANInews #AWANI745
food_prices,2067870304630903185,"KHPM Melaka Perkukuh Ekosistem Keusahawanan, Sasar Limpahan Ekonomi Kepada Negeri

Karnival Hebatkan Perniagaan Malaysia (KHPM) Edisi Melaka yang berlangsung selama tiga hari bermula 19 hingga 21 Jun ini di Morten Walk menyasarkan kehadiran lebih 50,000 pengunjung.

Penganjuran kali kedua karnival di bawah inisiatif Hebatkan Perniagaan Malaysia oleh Kementerian Pembangunan Usahawan dan Koperasi (KUSKOP) itu membawa tema “Jom Singgah SDSI” dengan fokus memperkukuh budaya keusahawanan, memperluaskan akses pasaran serta membuka peluang jaringan perniagaan kepada usahawan tempatan. Program tersebut merupakan cetusan idea Menteri Pembangunan Usahawan dan Koperasi, Steven Sim Chee Keong.

KHPM Edisi Melaka menghimpunkan pelbagai program yang memberi manfaat secara langsung kepada rakyat, khususnya usahawan Perusahaan Mikro, Kecil dan Sederhana (PMKS) serta koperasi menerusi pameran produk, sesi perkongsian ilmu, padanan perniagaan dan khidmat nasihat keusahawanan.

Antara tarikan utama yang dijangka menjadi tumpuan pengunjung ialah Jualan MADANI KUSKOP (JMK) yang menawarkan diskaun sehingga 20 peratus bagi 60 jenis barangan keperluan asas termasuk beras, tepung, bahan pencuci, ayam, daging, telur dan minyak masak.

Lebih menarik, promosi happy hour pada tengah hari 21 Jun akan menyaksikan beberapa barangan keperluan asas dijual pada harga sehingga 30 peratus lebih rendah berbanding harga pasaran. Program itu menyasarkan potensi jualan sebanyak RM135,000 sepanjang tiga hari penganjuran.

Selain membantu rakyat mendapatkan barangan pada harga lebih berpatutan, karnival tersebut turut menyediakan pelbagai peluang kepada usahawan untuk mengembangkan perniagaan menerusi sesi padanan perniagaan (business matching), pameran produk serta khidmat konsultasi keusahawanan.

Bagi memudahkan urusan usahawan mendapatkan maklumat berkaitan pembiayaan, geran, latihan dan pembangunan perniagaan, KUSKOP bersama sembilan agensi di bawah kementerian itu turut membuka Kaunter Konsultasi Keusahawanan sepanjang tempoh karnival berlangsung.

Program Satu Daerah Satu Industri (SDSI) yang menjadi antara tunjang utama penganjuran pula terus memainkan peranan dalam memperkasa produk dan perkhidmatan tempatan, sekali gus memperkenalkan potensi serta kualiti produk keluaran usahawan SDSI kepada masyarakat dan pelancong.

Menteri Pembangunan Usahawan dan Koperasi, Steven Sim Chee Keong, berkata penganjuran KHPM dijangka memberi limpahan ekonomi kepada Melaka melalui peningkatan aktiviti perniagaan, aliran pengunjung dan permintaan terhadap sektor sokongan termasuk perhotelan, makanan dan minuman (F&B) serta perkhidmatan pengangkutan tempatan. - MYNEWSHUB",Fri Jun 19 07:21:14 +0000 2026,mynewshub,Malaysia,True,2,0,"KHPM Melaka Perkukuh Ekosistem Keusahawanan, Sasar Limpahan Ekonomi Kepada Negeri Karnival Hebatkan Perniagaan Malaysia (KHPM) Edisi Melaka yang berlangsung selama tiga hari bermula 19 hingga 21 Jun ini di Morten Walk menyasarkan kehadiran lebih 50,000 pengunjung. Penganjuran kali kedua karnival di bawah inisiatif Hebatkan Perniagaan Malaysia oleh Kementerian Pembangunan Usahawan dan Koperasi (KUSKOP) itu membawa tema “Jom Singgah SDSI” dengan fokus memperkukuh budaya keusahawanan, memperluaskan akses pasaran serta membuka peluang jaringan perniagaan kepada usahawan tempatan. Program tersebut merupakan cetusan idea Menteri Pembangunan Usahawan dan Koperasi, Steven Sim Chee Keong. KHPM Edisi Melaka menghimpunkan pelbagai program yang memberi manfaat secara langsung kepada rakyat, khususnya usahawan Perusahaan Mikro, Kecil dan Sederhana (PMKS) serta koperasi menerusi pameran produk, sesi perkongsian ilmu, padanan perniagaan dan khidmat nasihat keusahawanan. Antara tarikan utama yang dijangka menjadi tumpuan pengunjung ialah Jualan MADANI KUSKOP (JMK) yang menawarkan diskaun sehingga 20 peratus bagi 60 jenis barangan keperluan asas termasuk beras, tepung, bahan pencuci, ayam, daging, telur dan minyak masak. Lebih menarik, promosi happy hour pada tengah hari 21 Jun akan menyaksikan beberapa barangan keperluan asas dijual pada harga sehingga 30 peratus lebih rendah berbanding harga pasaran. Program itu menyasarkan potensi jualan sebanyak RM135,000 sepanjang tiga hari penganjuran. Selain membantu rakyat mendapatkan barangan pada harga lebih berpatutan, karnival tersebut turut menyediakan pelbagai peluang kepada usahawan untuk mengembangkan perniagaan menerusi sesi padanan perniagaan (business matching), pameran produk serta khidmat konsultasi keusahawanan. Bagi memudahkan urusan usahawan mendapatkan maklumat berkaitan pembiayaan, geran, latihan dan pembangunan perniagaan, KUSKOP bersama sembilan agensi di bawah kementerian itu turut membuka Kaunter Konsultasi Keusahawanan sepanjang tempoh karnival berlangsung. Program Satu Daerah Satu Industri (SDSI) yang menjadi antara tunjang utama penganjuran pula terus memainkan peranan dalam memperkasa produk dan perkhidmatan tempatan, sekali gus memperkenalkan potensi serta kualiti produk keluaran usahawan SDSI kepada masyarakat dan pelancong. Menteri Pembangunan Usahawan dan Koperasi, Steven Sim Chee Keong, berkata penganjuran KHPM dijangka memberi limpahan ekonomi kepada Melaka melalui peningkatan aktiviti perniagaan, aliran pengunjung dan permintaan terhadap sektor sokongan termasuk perhotelan, makanan dan minuman (F&B) serta perkhidmatan pengangkutan tempatan. - MYNEWSHUB"
food_prices,2064635715619795105,"Walaupun konflik berlaku jauh dari rantau kita, kesannya tetap sampai ke ekonomi kita.

Perang atau krisis geopolitik bukan hanya soal keselamatan. Ia boleh memberi kesan kepada harga tenaga, kos makanan, rantaian bekalan, perdagangan dan keyakinan pelabur.

Di Oxford, saya menyertai perbincangan meja bulat bertajuk “Impact of the Iran crisis on Asian and African economies”, dipengerusikan oleh Prof Stefan Dercon, Professor of Economic Policy di Blavatnik School of Government, University of Oxford.

Turut hadir ialah Sri Mulyani Indrawati, bekas Menteri Kewangan Indonesia dan bekas Managing Director World Bank, serta Abebe Aemro Selassie, bekas Director of the African Department di IMF.

Perbincangan seperti ini penting kerana ekonomi Malaysia tidak bergerak dalam vakum. Apa yang berlaku di Timur Tengah, Afrika, Eropah atau Amerika boleh memberi kesan kepada rakyat - daripada harga barang, peluang pekerjaan, pelaburan, hinggalah kepada kestabilan ekonomi negara.

Sebab itu pembuat dasar perlu sentiasa belajar, mendengar dan membandingkan pengalaman negara lain.

Dalam dunia yang semakin tidak menentu, kita tidak boleh hanya bertindak selepas krisis berlaku. Kita perlu faham risikonya lebih awal, supaya keputusan yang dibuat lebih bersedia dan lebih bertanggungjawab.

#TZA #MADANIBekerja #EkonomiRakyat",Wed Jun 10 09:08:08 +0000 2026,tzafrul_aziz,Kuala Lumpur,True,21,3,"Walaupun konflik berlaku jauh dari rantau kita, kesannya tetap sampai ke ekonomi kita. Perang atau krisis geopolitik bukan hanya soal keselamatan. Ia boleh memberi kesan kepada harga tenaga, kos makanan, rantaian bekalan, perdagangan dan keyakinan pelabur. Di Oxford, saya menyertai perbincangan meja bulat bertajuk “Impact of the Iran crisis on Asian and African economies”, dipengerusikan oleh Prof Stefan Dercon, Professor of Economic Policy di Blavatnik School of Government, University of Oxford. Turut hadir ialah Sri Mulyani Indrawati, bekas Menteri Kewangan Indonesia dan bekas Managing Director World Bank, serta Abebe Aemro Selassie, bekas Director of the African Department di IMF. Perbincangan seperti ini penting kerana ekonomi Malaysia tidak bergerak dalam vakum. Apa yang berlaku di Timur Tengah, Afrika, Eropah atau Amerika boleh memberi kesan kepada rakyat - daripada harga barang, peluang pekerjaan, pelaburan, hinggalah kepada kestabilan ekonomi negara. Sebab itu pembuat dasar perlu sentiasa belajar, mendengar dan membandingkan pengalaman negara lain. Dalam dunia yang semakin tidak menentu, kita tidak boleh hanya bertindak selepas krisis berlaku. Kita perlu faham risikonya lebih awal, supaya keputusan yang dibuat lebih bersedia dan lebih bertanggungjawab. #TZA #MADANIBekerja #EkonomiRakyat"
food_prices,2061809588333351157,"siap sedia harga roti, tepung, mee dan makanan berkaitan gandum naik. hasil tanaman gandum Australia dijangka turun 25% sebab harga baja naik kesan Perang Iran dan cuaca kering luar jangka. 

Malaysia mengimport 1.025 juta tan metrik bernilai RM1.4 bilion iaitu hampir 60% keperluan gandum untuk buat tepung, roti, mee dan lain-lain dari Australia yang merupakan sumber import gandum nombor 1 negara kita.",Tue Jun 02 13:58:07 +0000 2026,syahir,Malaysia,True,648,517,"siap sedia harga roti, tepung, mee dan makanan berkaitan gandum naik. hasil tanaman gandum Australia dijangka turun 25% sebab harga baja naik kesan Perang Iran dan cuaca kering luar jangka. Malaysia mengimport 1.025 juta tan metrik bernilai RM1.4 bilion iaitu hampir 60% keperluan gandum untuk buat tepung, roti, mee dan lain-lain dari Australia yang merupakan sumber import gandum nombor 1 negara kita."
food_prices,2060972041575321734,"Krisis Hormuz buat harga barang melonjak

Kejutan tenaga yang sedang melanda Malaysia ketika ini berbeza daripada krisis sebelum ini kerana ia bukan sahaja menjejaskan hasil minyak, malah turut memberi kesan kepada bekalan penting seperti baja dan plastik. Kesan rantaian susulan sekatan di Selat Hormuz kini mula dirasai dalam sektor pembungkusan, pertanian dan kos makanan, sekali gus mendedahkan kelemahan yang tidak mampu ditangani melalui subsidi semata-mata.

Bagi memahami tekanan ini dengan lebih mendalam, penyelidik dan penganalisis dasar di South-East Asian Futures Initiative Centre (SEAFIC), Dr Mikhail Rosli, menjelaskan bagaimana peranan Malaysia sebagai hab penapisan minyak, risiko tersembunyi dalam rantaian bekalan serta pertimbangan fiskal mempengaruhi daya tahan negara. Pandangannya menjelaskan mengapa isi rumah dan perniagaan turut merasai tempias kejutan secara tidak langsung, selain mengapa pilihan dasar lebih penting berbanding penyelesaian jangka pendek.",Sun May 31 06:30:00 +0000 2026,SinarOnline,Malaysia,True,2,0,"Krisis Hormuz buat harga barang melonjak Kejutan tenaga yang sedang melanda Malaysia ketika ini berbeza daripada krisis sebelum ini kerana ia bukan sahaja menjejaskan hasil minyak, malah turut memberi kesan kepada bekalan penting seperti baja dan plastik. Kesan rantaian susulan sekatan di Selat Hormuz kini mula dirasai dalam sektor pembungkusan, pertanian dan kos makanan, sekali gus mendedahkan kelemahan yang tidak mampu ditangani melalui subsidi semata-mata. Bagi memahami tekanan ini dengan lebih mendalam, penyelidik dan penganalisis dasar di South-East Asian Futures Initiative Centre (SEAFIC), Dr Mikhail Rosli, menjelaskan bagaimana peranan Malaysia sebagai hab penapisan minyak, risiko tersembunyi dalam rantaian bekalan serta pertimbangan fiskal mempengaruhi daya tahan negara. Pandangannya menjelaskan mengapa isi rumah dan perniagaan turut merasai tempias kejutan secara tidak langsung, selain mengapa pilihan dasar lebih penting berbanding penyelesaian jangka pendek."
food_prices,2054888981645709806,"Bangi | 14 Mei 2026 | Khamis

Alhamdulillah dah Tahniah saya ucapkan kepada 168 penerima Anugerah Perkhidmatan Cemerlang (APC) 2025 Kementerian Peralihan Tenaga dan Transformasi Air (PETRA), yang menerima anugerah pada Majlis Anugerah APC Tahun 2025 PETRA, hari ini tadi.

Majlis ini merupakan simbolik penghargaan dan apresiasi Kementerian dan Kerajaan kepada warga PETRA yang telah memberikan perkhidmatan bermutu tinggi di samping penglibatan aktif di luar tugasan rasmi antaranya kegiatan sukan, kemasyarakatan, persatuan serta sumbangan-sumbangan lain yang memberi manfaat kepada komuniti, organisasi dan negara. 

Ia juga satu manifestasi keprihatinan Kerajaan terhadap modal insan
berkualiti, dinamik dan berprestasi tinggi yang unggul dalam mencapai ekspektasi yang telah ditetapkan.

Namun dalam kita meraikan warga yang berkhidmat dengan cemerlang, kita juga harus menginsafi betapa krisis bekalan global yang sedang dunia hadapi kini, bukan lagi sekadar isu berkaitan minyak dan gas tetapi telah berkembang menjadi cabaran besar yang memberi kesan langsung kepada ekonomi, rantaian bekalan serta kos sara hidup rakyat. 

Gangguan bekalan global, ketidaktentuan geopolitik dan peningkatan kos logistik antarabangsa telah menyebabkan harga makanan, pengangkutan dan pelbagai barangan keperluan meningkat di kebanyakan negara.

Malaysia turut menerima tempias daripada situasi ini, namun kerajaan kekal komited untuk memastikan kebajikan rakyat sentiasa menjadi keutamaan dalam setiap keputusan dan dasar yang dilaksanakan.

Kerajaan justeru mengambil pendekatan yang pragmatik dengan fokus utama adalah bagi memastikan bekalan keperluan asas negara kekal stabil, melindungi rakyat daripada tekanan kos hidup yang melampau serta memperkukuh daya tahan ekonomi negara bagi jangka panjang. Bantuan bersasar, kawalan harga, pengukuhan
keselamatan tenaga serta kerjasama strategik antara kerajaan, industri dan rakyat telah dan sedang dilaksanakan oleh kerajaan.

Apa yang penting, krisis ini perlu dihadapi secara bersama dengan semangat kebersamaan, disiplin dan keyakinan rakyat termasuk semua warga PETRA, dalam mendukung usaha negara semasa mengharungi cabaran global ini.

Syabas kepada kesemua penerima anugerah perkhidmatan cemerlang PETRA tahun 2025 atas segala sumbangan, komitmen dan konsistensi dalam pelaksanaan tugas di Kementerian. Kementerian ini terbina atas usaha kita bersama dan segala sumbangan warga PETRA amatlah saya hargai dalam membantu kita memberikan perkhidmatan terbaik kepada rakyat.

Jadikanlah segala usaha berterusan kita sebagai penjawat awam sebagai sedekah jariah dan ibadah yang berterusan. Jadilah ejen produktiviti Kementerian dan ejen kebaikan dalam perkhidmatan awam.

Semoga seluruh warga PETRA terus menjadi contoh penjawat awam berprestasi tinggi demi kesejahteraan rakyat dan kemajuan negara.

#PETRA
#MalaysiaMADANI",Thu May 14 11:38:05 +0000 2026,PetraJayaMP,Malaysia,True,4,4,"Bangi | 14 Mei 2026 | Khamis Alhamdulillah dah Tahniah saya ucapkan kepada 168 penerima Anugerah Perkhidmatan Cemerlang (APC) 2025 Kementerian Peralihan Tenaga dan Transformasi Air (PETRA), yang menerima anugerah pada Majlis Anugerah APC Tahun 2025 PETRA, hari ini tadi. Majlis ini merupakan simbolik penghargaan dan apresiasi Kementerian dan Kerajaan kepada warga PETRA yang telah memberikan perkhidmatan bermutu tinggi di samping penglibatan aktif di luar tugasan rasmi antaranya kegiatan sukan, kemasyarakatan, persatuan serta sumbangan-sumbangan lain yang memberi manfaat kepada komuniti, organisasi dan negara. Ia juga satu manifestasi keprihatinan Kerajaan terhadap modal insan berkualiti, dinamik dan berprestasi tinggi yang unggul dalam mencapai ekspektasi yang telah ditetapkan. Namun dalam kita meraikan warga yang berkhidmat dengan cemerlang, kita juga harus menginsafi betapa krisis bekalan global yang sedang dunia hadapi kini, bukan lagi sekadar isu berkaitan minyak dan gas tetapi telah berkembang menjadi cabaran besar yang memberi kesan langsung kepada ekonomi, rantaian bekalan serta kos sara hidup rakyat. Gangguan bekalan global, ketidaktentuan geopolitik dan peningkatan kos logistik antarabangsa telah menyebabkan harga makanan, pengangkutan dan pelbagai barangan keperluan meningkat di kebanyakan negara. Malaysia turut menerima tempias daripada situasi ini, namun kerajaan kekal komited untuk memastikan kebajikan rakyat sentiasa menjadi keutamaan dalam setiap keputusan dan dasar yang dilaksanakan. Kerajaan justeru mengambil pendekatan yang pragmatik dengan fokus utama adalah bagi memastikan bekalan keperluan asas negara kekal stabil, melindungi rakyat daripada tekanan kos hidup yang melampau serta memperkukuh daya tahan ekonomi negara bagi jangka panjang. Bantuan bersasar, kawalan harga, pengukuhan keselamatan tenaga serta kerjasama strategik antara kerajaan, industri dan rakyat telah dan sedang dilaksanakan oleh kerajaan. Apa yang penting, krisis ini perlu dihadapi secara bersama dengan semangat kebersamaan, disiplin dan keyakinan rakyat termasuk semua warga PETRA, dalam mendukung usaha negara semasa mengharungi cabaran global ini. Syabas kepada kesemua penerima anugerah perkhidmatan cemerlang PETRA tahun 2025 atas segala sumbangan, komitmen dan konsistensi dalam pelaksanaan tugas di Kementerian. Kementerian ini terbina atas usaha kita bersama dan segala sumbangan warga PETRA amatlah saya hargai dalam membantu kita memberikan perkhidmatan terbaik kepada rakyat. Jadikanlah segala usaha berterusan kita sebagai penjawat awam sebagai sedekah jariah dan ibadah yang berterusan. Jadilah ejen produktiviti Kementerian dan ejen kebaikan dalam perkhidmatan awam. Semoga seluruh warga PETRA terus menjadi contoh penjawat awam berprestasi tinggi demi kesejahteraan rakyat dan kemajuan negara. #PETRA #MalaysiaMADANI"
food_prices,2054806325385974088,"Ucapan PM Singapura sempena Hari Buruh 1 Mei 2026 haritu pun cakap benda yang serupa macam penasihat ekonomi PM @econsmalaysia cakap dalam BFM semalam. 

Antara poin penting:

1. Walaupun perang tamat, Selat Hormuz dibuka jangan anggap krisis bekalan akan selesai serta-merta.

2. Kesan penutupan Selat Hormuz bukan sekadar pada kenaikan harga tapi pada bekalan yang semakin ketat.

3. Negara-negara Asia sangat terkesan kerana kebergantungan tinggi kepada minyak dan produk berkaitan yang datang dari negara-negara Teluk.

4. Gangguan harga dan bekalan tidak terhenti kepada tenaga sahaja tetapi juga baja, makanan dan barangan asas yang lain.

5. Tekanan dan gangguan bekalan akan semakin kuat dan berlanjutan dan akan lebih teruk dalam bulan-bulan mendatang. 

6. Seluruh dunia akan berhadapan kadar inflasi yang lebih tinggi untuk makanan dan barangan asas.

7. Semua ini akan memberi tekanan sebenar kepada isi rumah, pekerja dan perniagaan. 

8. Semua rakyat kena bersedia secara mental untuk keadaan yang lebih mencabar. 

9. Singapura berhadapan dengan krisis ini dalam kedudukan yang lebih kuat (position of strength). 

Malaysia juga memasuki krisis ini dalam kedudukan yang lebih kuat selepas pulih daripada Covid: 

1. Defisit lebih rendah
2. Ringgit lebih kukuh
3. Ekonomi yang terus berkembang

Singapura pun tak umumkan pakej rangsangan besar-besaran kecuali bantuan-bantuan khusus kepada kumpulan tertentu.",Thu May 14 06:09:39 +0000 2026,syahir,Malaysia,True,390,234,"Ucapan PM Singapura sempena Hari Buruh 1 Mei 2026 haritu pun cakap benda yang serupa macam penasihat ekonomi PM @econsmalaysia cakap dalam BFM semalam. Antara poin penting: 1. Walaupun perang tamat, Selat Hormuz dibuka jangan anggap krisis bekalan akan selesai serta-merta. 2. Kesan penutupan Selat Hormuz bukan sekadar pada kenaikan harga tapi pada bekalan yang semakin ketat. 3. Negara-negara Asia sangat terkesan kerana kebergantungan tinggi kepada minyak dan produk berkaitan yang datang dari negara-negara Teluk. 4. Gangguan harga dan bekalan tidak terhenti kepada tenaga sahaja tetapi juga baja, makanan dan barangan asas yang lain. 5. Tekanan dan gangguan bekalan akan semakin kuat dan berlanjutan dan akan lebih teruk dalam bulan-bulan mendatang. 6. Seluruh dunia akan berhadapan kadar inflasi yang lebih tinggi untuk makanan dan barangan asas. 7. Semua ini akan memberi tekanan sebenar kepada isi rumah, pekerja dan perniagaan. 8. Semua rakyat kena bersedia secara mental untuk keadaan yang lebih mencabar. 9. Singapura berhadapan dengan krisis ini dalam kedudukan yang lebih kuat (position of strength). Malaysia juga memasuki krisis ini dalam kedudukan yang lebih kuat selepas pulih daripada Covid: 1. Defisit lebih rendah 2. Ringgit lebih kukuh 3. Ekonomi yang terus berkembang Singapura pun tak umumkan pakej rangsangan besar-besaran kecuali bantuan-bantuan khusus kepada kumpulan tertentu."
food_prices,2054387142055579657,"Konflik geopolitik, perang perdagangan, perubahan iklim dan gangguan rantaian bekalan global kini memberi kesan langsung kepada harga serta bekalan makanan di seluruh dunia. Sejauh mana Malaysia benar-benar bersedia menghadapi krisis makanan? #AWANInews #PantauBelanjawan https://t.co/vlZ4eod3rd",Wed May 13 02:23:57 +0000 2026,501Awani,Malaysia,True,0,0,"Konflik geopolitik, perang perdagangan, perubahan iklim dan gangguan rantaian bekalan global kini memberi kesan langsung kepada harga serta bekalan makanan di seluruh dunia. Sejauh mana Malaysia benar-benar bersedia menghadapi krisis makanan? #AWANInews #PantauBelanjawan"
food_prices,2054384061154820571,"Dalam krisis seperti Selat Hormuz, ia menjadi insurans strategik negara.

Tanpa dua projek ETP zaman Najib ini, Malaysia bukan sahaja lebih terdedah kepada kejutan harga global, tetapi juga lebih lemah dari segi bekalan minyak siap, baja, makanan, industri petrokimia, imbangan…",Wed May 13 02:11:43 +0000 2026,NaratifRakyat,"Kuala Lumpur, Wilayah Persekut",True,2,0,"Dalam krisis seperti Selat Hormuz, ia menjadi insurans strategik negara. Tanpa dua projek ETP zaman Najib ini, Malaysia bukan sahaja lebih terdedah kepada kejutan harga global, tetapi juga lebih lemah dari segi bekalan minyak siap, baja, makanan, industri petrokimia, imbangan…"
food_prices,2052292406104723873,"MALAYSIA PETANG INI
7 Mei 2026 | Khamis
Siaran Langsung | 5.00-5.30 Petang

Konflik dunia bukan sekadar isu luar negara tetapi kesannya kini sampai ke dapur rakyat Malaysia. Harga minyak meningkat, Kos makanan dan logistik semakin dirasai. https://t.co/8FJNVCJLPJ",Thu May 07 07:40:14 +0000 2026,BernamaTV,Kuala Lumpur,True,0,0,"MALAYSIA PETANG INI 7 Mei 2026 | Khamis Siaran Langsung | 5.00-5.30 Petang Konflik dunia bukan sekadar isu luar negara tetapi kesannya kini sampai ke dapur rakyat Malaysia. Harga minyak meningkat, Kos makanan dan logistik semakin dirasai."
food_prices,2049482641796485145,"Krisis Hormuz: Dari Minyak ke Kos Sara Hidup

Ini bukan sekadar cerita harga minyak.
Ini tentang bagaimana satu krisis jauh boleh menekan kos sara hidup kita.

Kalau kita fikir krisis global hanya menaikkan harga minyak, kita mungkin belum nampak gambaran sebenar.

Hari ini saya bersama pakar ekonomi, editor dan penyelidik dalam satu sesi meja bulat SEAFIC untuk membincangkan kesan krisis Iran-Hormuz kepada ASEAN.

Yang jelas, kesannya bukan sekadar harga minyak. Ia boleh merebak melalui rantaian bekalan - daripada kos pengangkutan dan premium insurans, kepada input industri, dan akhirnya memberi kesan kepada harga makanan serta barangan harian.

Untuk Malaysia, kesannya tidak dirasai secara serentak, sebaliknya bermula pada sektor tertentu seperti penapisan petroleum sebelum merebak ke sektor lain. Sektor seperti ternakan dan makanan juga boleh terkesan secara tidak langsung melalui kos baja, makanan ternakan dan input huluan lain.

Inilah cabaran sebenar dasar ekonomi hari ini - memahami bagaimana sesuatu kejutan global bergerak dalam sistem ekonomi kita, siapa yang terkesan dahulu, dan bila rakyat mula merasainya.

Sebab itu, respons dasar perlu dibuat lebih awal, dengan pendekatan yang tepat dan bersasar.

#TZA #MADANIBekerja #KualaLumpur #SEAFIC #EkonomiRakyat",Wed Apr 29 13:35:14 +0000 2026,tzafrul_aziz,Kuala Lumpur,True,47,14,"Krisis Hormuz: Dari Minyak ke Kos Sara Hidup Ini bukan sekadar cerita harga minyak. Ini tentang bagaimana satu krisis jauh boleh menekan kos sara hidup kita. Kalau kita fikir krisis global hanya menaikkan harga minyak, kita mungkin belum nampak gambaran sebenar. Hari ini saya bersama pakar ekonomi, editor dan penyelidik dalam satu sesi meja bulat SEAFIC untuk membincangkan kesan krisis Iran-Hormuz kepada ASEAN. Yang jelas, kesannya bukan sekadar harga minyak. Ia boleh merebak melalui rantaian bekalan - daripada kos pengangkutan dan premium insurans, kepada input industri, dan akhirnya memberi kesan kepada harga makanan serta barangan harian. Untuk Malaysia, kesannya tidak dirasai secara serentak, sebaliknya bermula pada sektor tertentu seperti penapisan petroleum sebelum merebak ke sektor lain. Sektor seperti ternakan dan makanan juga boleh terkesan secara tidak langsung melalui kos baja, makanan ternakan dan input huluan lain. Inilah cabaran sebenar dasar ekonomi hari ini - memahami bagaimana sesuatu kejutan global bergerak dalam sistem ekonomi kita, siapa yang terkesan dahulu, dan bila rakyat mula merasainya. Sebab itu, respons dasar perlu dibuat lebih awal, dengan pendekatan yang tepat dan bersasar. #TZA #MADANIBekerja #KualaLumpur #SEAFIC #EkonomiRakyat"
food_prices,2047497828130541763,"Menurut Fitch, Malaysia pengimport bersih makanan dengan 10% daripada bekalan makanan diimport untuk memenuhi keperluan domestik.

Walaupun nampak kecik tapi kena zoom in mengikut produk makanan. 

Kalau ikut item makanan ada yang kita tidak hasilkan langsung atau sikit je pengeluaran macam semua jenis bawang, epal, mangga, daging lembu & kambing, halia, cili, kobis bulat, gula, gandum. 

Ada item makanan kita hasilkan tapi tak cukup untuk keperluan domestik dan perlu import macam beras, kelapa, susu segar, makanan laut. 

Ada yang kita hasilkan melebihi keperluan domestik macam minyak masak, telur ayam & itik, sebahagian besar sayur dan buah tomato, timun, tembikai, jambu batu. 

Untuk input makanan macam baja Malaysia pengimport bersih juga.

Baja berasaskan nitrogen (urea & ammonium), Malaysia pengeksport bersih tapi baja berasaskan phosphates dan potash Malaysia kena import dari luar negara. 

Harga baja urea meningkat 50% sejak perang, phospates & potash naik 30%. 

Harga makanan belum naik secara signifikan tapi tekanan harga tu dah mula nampak. 

Yang lebih kritikal kalau berlaku kekurangan bekalan (shortages) kalau perang tak berpenghujung.

Harap tak sampai ke peringkat macam tu.",Fri Apr 24 02:08:17 +0000 2026,syahir,Malaysia,True,136,81,"Menurut Fitch, Malaysia pengimport bersih makanan dengan 10% daripada bekalan makanan diimport untuk memenuhi keperluan domestik. Walaupun nampak kecik tapi kena zoom in mengikut produk makanan. Kalau ikut item makanan ada yang kita tidak hasilkan langsung atau sikit je pengeluaran macam semua jenis bawang, epal, mangga, daging lembu & kambing, halia, cili, kobis bulat, gula, gandum. Ada item makanan kita hasilkan tapi tak cukup untuk keperluan domestik dan perlu import macam beras, kelapa, susu segar, makanan laut. Ada yang kita hasilkan melebihi keperluan domestik macam minyak masak, telur ayam & itik, sebahagian besar sayur dan buah tomato, timun, tembikai, jambu batu. Untuk input makanan macam baja Malaysia pengimport bersih juga. Baja berasaskan nitrogen (urea & ammonium), Malaysia pengeksport bersih tapi baja berasaskan phosphates dan potash Malaysia kena import dari luar negara. Harga baja urea meningkat 50% sejak perang, phospates & potash naik 30%. Harga makanan belum naik secara signifikan tapi tekanan harga tu dah mula nampak. Yang lebih kritikal kalau berlaku kekurangan bekalan (shortages) kalau perang tak berpenghujung. Harap tak sampai ke peringkat macam tu."
food_prices,2037770997500088492,"#KualaLumpur Gabungan Persatuan Penjaja dan Peniaga Malaysia menjangkakan akan berlaku kenaikan harga makanan sehingga 50 peratus susulan peningkatan harga minyak. 

https://t.co/Sv7ByWGH9g https://t.co/7kHvpexQXd",Sat Mar 28 05:57:20 +0000 2026,hmetromy,Malaysia,True,4,0,#KualaLumpur Gabungan Persatuan Penjaja dan Peniaga Malaysia menjangkakan akan berlaku kenaikan harga makanan sehingga 50 peratus susulan peningkatan harga minyak.
food_prices,2037336829461201286,"PENURUNAN HAD BUDI95 BERSIFAT SEMENTARA, KERAJAAN MADANI BERTINDAK AWAL DEMI MELINDUNGI RAKYAT

Keputusan menurunkan had penggunaan BUDI95 daripada 300L kepada 200L bukan keputusan yang dibuat tanpa pertimbangan, tetapi tindakan sementara yang terpaksa diambil ketika dunia sedang berdepan ketegangan serius di Asia Barat.

Konflik yang semakin meruncing memberi tekanan langsung kepada bekalan minyak, gas, makanan dan kos sara hidup global. Dalam keadaan ini, Kerajaan MADANI memberanikan diri untuk berterus terang dengan rakyat.

Keputusan ini dibuat berdasarkan data sebenar penggunaan BUDI95 sejak diperkenalkan, yang menunjukkan purata penggunaan sekitar 100L sebulan dan majoriti besar rakyat menggunakan kurang daripada 200L.

Setelah diperhalusi, kerajaan memilih pendekatan yang lebih teliti dan berhemat dengan menyesuaikan had penggunaan tanpa menaikkan harga BUDI95 yang kekal pada kadar RM1.99 seliter. Ini membuktikan kerajaan berusaha mengawal tekanan semasa tanpa terus memindahkan beban kepada rakyat.

Kerajaan kekal mengambil kira keperluan rakyat di lapangan apabila pemandu e-hailing dan pekerja gig terus dibekalkan had sehingga 800L, sementara Sabah dan Sarawak terus menikmati diesel subsidi RM2.15 seliter dengan kawalan lebih ketat. Subsidi ini hak rakyat, bukan ruang untuk penyeludup merompak kekayaan negara, sebab itu penguatkuasaan perlu diperkasa dan rakyat mesti terus menjadi mata dan telinga kerajaan dalam membendung ketirisan.

Pada masa yang sama, Malaysia akan terus memainkan peranan yang adil, tegas dan berprinsip dalam isu Asia Barat. Perdana Menteri sendiri terus mengadakan perbincangan dengan pemimpin serantau bagi mencari ruang perdamaian dan memastikan kepentingan Malaysia turut dipertahankan dalam suasana yang genting ini.

Justeru, semua perlu melihat langkah ini dalam kerangka yang lebih besar, iaitu kerajaan sedang bertindak awal, telus dan bertanggungjawab demi menjaga kestabilan negara, menjamin bekalan, dan melindungi rakyat daripada kesan yang lebih parah jika krisis ini berpanjangan.

ADAM ADLI
PENGARAH KOMUNIKASI KEADILAN",Fri Mar 27 01:12:06 +0000 2026,AdamAdli,Kuala Lumpur,True,55,14,"PENURUNAN HAD BUDI95 BERSIFAT SEMENTARA, KERAJAAN MADANI BERTINDAK AWAL DEMI MELINDUNGI RAKYAT Keputusan menurunkan had penggunaan BUDI95 daripada 300L kepada 200L bukan keputusan yang dibuat tanpa pertimbangan, tetapi tindakan sementara yang terpaksa diambil ketika dunia sedang berdepan ketegangan serius di Asia Barat. Konflik yang semakin meruncing memberi tekanan langsung kepada bekalan minyak, gas, makanan dan kos sara hidup global. Dalam keadaan ini, Kerajaan MADANI memberanikan diri untuk berterus terang dengan rakyat. Keputusan ini dibuat berdasarkan data sebenar penggunaan BUDI95 sejak diperkenalkan, yang menunjukkan purata penggunaan sekitar 100L sebulan dan majoriti besar rakyat menggunakan kurang daripada 200L. Setelah diperhalusi, kerajaan memilih pendekatan yang lebih teliti dan berhemat dengan menyesuaikan had penggunaan tanpa menaikkan harga BUDI95 yang kekal pada kadar RM1.99 seliter. Ini membuktikan kerajaan berusaha mengawal tekanan semasa tanpa terus memindahkan beban kepada rakyat. Kerajaan kekal mengambil kira keperluan rakyat di lapangan apabila pemandu e-hailing dan pekerja gig terus dibekalkan had sehingga 800L, sementara Sabah dan Sarawak terus menikmati diesel subsidi RM2.15 seliter dengan kawalan lebih ketat. Subsidi ini hak rakyat, bukan ruang untuk penyeludup merompak kekayaan negara, sebab itu penguatkuasaan perlu diperkasa dan rakyat mesti terus menjadi mata dan telinga kerajaan dalam membendung ketirisan. Pada masa yang sama, Malaysia akan terus memainkan peranan yang adil, tegas dan berprinsip dalam isu Asia Barat. Perdana Menteri sendiri terus mengadakan perbincangan dengan pemimpin serantau bagi mencari ruang perdamaian dan memastikan kepentingan Malaysia turut dipertahankan dalam suasana yang genting ini. Justeru, semua perlu melihat langkah ini dalam kerangka yang lebih besar, iaitu kerajaan sedang bertindak awal, telus dan bertanggungjawab demi menjaga kestabilan negara, menjamin bekalan, dan melindungi rakyat daripada kesan yang lebih parah jika krisis ini berpanjangan. ADAM ADLI PENGARAH KOMUNIKASI KEADILAN"
food_prices,2037159182106059166,"Harga Minyak Naik: Luahan Peniaga Kecil, Kasihan Tapi Mungkin Terpaksa 'Adjust' 

Peniaga meluahkan rasa simpati terhadap pengguna yang terkesan dengan kos sara hidup, namun mengakui kenaikan harga makanan mungkin tidak dapat dielakkan berikutan peningkatan kos operasi dan bahan mentah. 

#malaysiagazette #hargaminyaknaik #BUDI95 

Video: Hafiz Zaharuddin",Thu Mar 26 13:26:12 +0000 2026,MalaysiaGazette,Kuala Lumpur,True,3,0,"Harga Minyak Naik: Luahan Peniaga Kecil, Kasihan Tapi Mungkin Terpaksa 'Adjust' Peniaga meluahkan rasa simpati terhadap pengguna yang terkesan dengan kos sara hidup, namun mengakui kenaikan harga makanan mungkin tidak dapat dielakkan berikutan peningkatan kos operasi dan bahan mentah. #malaysiagazette #hargaminyaknaik #BUDI95 Video: Hafiz Zaharuddin"
food_prices,2036971395377164346,"#NiagaAWANI bersama @NabilahAWANI

📌 Harga minyak jatuh 2% susulan harapan penamatan konflik AS–Iran

📌 Konflik vs Pandemik: Sejauh mana kesediaan ekonomi Malaysia?

📌 Konflik Asia Barat: Jejas harga baja, risiko inflasi makanan

#AWANInews https://t.co/OyBXPz0wk6",Thu Mar 26 01:00:00 +0000 2026,501Awani,Malaysia,True,1,1,"#NiagaAWANI bersama @NabilahAWANI 📌 Harga minyak jatuh 2% susulan harapan penamatan konflik AS–Iran 📌 Konflik vs Pandemik: Sejauh mana kesediaan ekonomi Malaysia? 📌 Konflik Asia Barat: Jejas harga baja, risiko inflasi makanan #AWANInews"
food_prices,2036765324456952256,"Hamzah gesa kerajaan rangka pelan kontingensi menyeluruh tangani kenaikan harga bahan api

Kegagalan menangani isu tersebut dengan berkesan bakal mengheret Malaysia daripada krisis harga minyak kepada krisis keselamatan bekalan makanan yang lebih serius.

#SinarHarian #Threads #politik #hargabahanapi #pelankontigensi #KetuaPembangkang

https://t.co/1x42xiWmti",Wed Mar 25 11:21:09 +0000 2026,SinarOnline,Malaysia,True,2,0,Hamzah gesa kerajaan rangka pelan kontingensi menyeluruh tangani kenaikan harga bahan api Kegagalan menangani isu tersebut dengan berkesan bakal mengheret Malaysia daripada krisis harga minyak kepada krisis keselamatan bekalan makanan yang lebih serius. #SinarHarian #Threads #politik #hargabahanapi #pelankontigensi #KetuaPembangkang
food_prices,2036616580012937349,"Perniagaan Malaysia dijangka terkesan konflik Asia Barat melalui harga minyak, logistik dan inflasi. Pakar gesa kerajaan nilai impak dahulu sebelum laksana rangsangan fiskal agar lebih bersasar.

Sektor pengangkutan, pembuatan, PKS dan makanan antara paling terdedah. Bantuan bersasar seperti subsidi, tunai dan pembiayaan dicadang bagi lindungi kos sara hidup serta kelangsungan perniagaan.",Wed Mar 25 01:30:05 +0000 2026,EkonomiRakyatMY,Kuala Lumpur,True,19,10,"Perniagaan Malaysia dijangka terkesan konflik Asia Barat melalui harga minyak, logistik dan inflasi. Pakar gesa kerajaan nilai impak dahulu sebelum laksana rangsangan fiskal agar lebih bersasar. Sektor pengangkutan, pembuatan, PKS dan makanan antara paling terdedah. Bantuan bersasar seperti subsidi, tunai dan pembiayaan dicadang bagi lindungi kos sara hidup serta kelangsungan perniagaan."
food_prices,2035599905209929813,"KENYATAAN MEDIA

KEPERLUAN PENDEKATAN NON-PARTISAN DAN PENUBUHAN MAJLIS PERUNDINGAN DAN INTERVENSI EKONOMI NEGARA

Dunia pada hari ini berdepan ketidaktentuan ekonomi yang semakin meruncing susulan konflik berterusan di Asia Barat. Kesan geopolitik ini mula dirasai secara langsung melalui kenaikan harga bahan tenaga, gangguan rantaian bekalan dan tekanan terhadap ekonomi global. Ketidaktentuan ini telah meningkatkan kos logistik, sekali gus meningkatkan kos pengeluaran dan operasi merentasi pelbagai sektor ekonomi.

Kesan rantaian ini tidak dapat dielakkan dan dalam tempoh beberapa bulan mendatang, negara berkemungkinan berdepan dengan kenaikan harga barang asas dan makanan, peningkatan kos pengangkutan dan logistik, kenaikan kos utiliti dan perkhidmatan bahkan lebih besar lagi impaknya adalah risiko tekanan kepada sektor pekerjaan, termasuk kemungkinan pengurangan tenaga kerja dalam industri yang terjejas.

Tanpa intervensi dasar yang proaktif, risiko pemberhentian pekerja boleh meningkat, khususnya dalam sektor pembuatan, logistik, perusahaan kecil dan sederhana yang amat terkesan susulan kenaikan kos bahan mentah.

Sehubungan itu, Malaysia memerlukan pendekatan non-partisan yang mengutamakan kepentingan negara lebih daripada kepentingan politik kepartian, termasuk keperluan untuk lebih inklusif dan berasaskan tindakan. 

Saya mencadangkan penglibatan semua pihak secara menyeluruh termasuk  : kerajaan, pembangkang, Badan Bukan Kerajaan (NGO), ahli akademik, pemain industri serta wakil masyarakat sivil dalam satu forum seumpama  Majlis Perundingan dan Intervensi,  agar setiap keputusan yang dibuat benar-benar mencerminkan kepentingan negara secara kolektif.

Pendekatan ini bukan soal politik, tetapi soal kelangsungan negara. Dalam keadaan dunia yang semakin tidak menentu, Malaysia tidak boleh bergerak secara berpecah mengikut garis kepartian. Sebaliknya, kita mesti menghimpunkan kekuatan seluruh negara dengan merentasi perbezaan politik dan latar belakang untuk menghadapi cabaran ini secara bersama. Apabila kestabilan ekonomi negara dan kebajikan rakyat menjadi taruhan, keutamaan kita semestinya kesejahteraan dan daya tahan Malaysia.

YAB Dato’ Seri Ir. Dr. Ahmad Samsuri Mokhtar
Pengerusi Perikatan Nasional (PN)
22 Mac 2026

------------------------------------------------------------------------

MEDIA STATEMENT

THE IMPERATIVE FOR A NON-PARTISAN APPROACH AND THE ESTABLISHMENT OF THE NATIONAL ECONOMIC CONSULTATION AND INTERVENTION COUNCIL

The world today stands at a critical crossroads, grappling with escalating economic uncertainties fuelled by the protracted conflicts in West Asia. The geopolitical tremors of this crisis are now felt directly through surging energy prices, fractured supply chains, and mounting pressure on the global economy. These instabilities have driven up logistics costs, subsequently inflating production and operational expenses across every economic sector.

This ripple effect is unavoidable. In the coming months, our nation faces the stark probability of rising prices for basic goods and food, increased transportation and utility costs, and perhaps most significantly, severe pressure on our labour market. Without decisive action, we risk a wave of workforce reductions, particularly within the manufacturing, logistics, and Small and Medium Enterprise (SME) sectors, which are most vulnerable to the rising costs of raw materials.

Given these challenges, Malaysia needs a non-partisan approach that prioritises national interest over party politics. Our response must be inclusive, unified, and driven by a commitment to collective action.

I am proposing the comprehensive involvement of all stakeholders : the government, the opposition, Non-Governmental Organisations (NGOs), academics, industry leaders, and civil society representatives in a forum akin to a Consultation and Intervention Council to ensure that every policy decision reflects the collective will and the best interests of our nation. 

This",Sun Mar 22 06:10:11 +0000 2026,DrAhmadSamsuri,"Terengganu, Malaysia",True,37,11,"KENYATAAN MEDIA KEPERLUAN PENDEKATAN NON-PARTISAN DAN PENUBUHAN MAJLIS PERUNDINGAN DAN INTERVENSI EKONOMI NEGARA Dunia pada hari ini berdepan ketidaktentuan ekonomi yang semakin meruncing susulan konflik berterusan di Asia Barat. Kesan geopolitik ini mula dirasai secara langsung melalui kenaikan harga bahan tenaga, gangguan rantaian bekalan dan tekanan terhadap ekonomi global. Ketidaktentuan ini telah meningkatkan kos logistik, sekali gus meningkatkan kos pengeluaran dan operasi merentasi pelbagai sektor ekonomi. Kesan rantaian ini tidak dapat dielakkan dan dalam tempoh beberapa bulan mendatang, negara berkemungkinan berdepan dengan kenaikan harga barang asas dan makanan, peningkatan kos pengangkutan dan logistik, kenaikan kos utiliti dan perkhidmatan bahkan lebih besar lagi impaknya adalah risiko tekanan kepada sektor pekerjaan, termasuk kemungkinan pengurangan tenaga kerja dalam industri yang terjejas. Tanpa intervensi dasar yang proaktif, risiko pemberhentian pekerja boleh meningkat, khususnya dalam sektor pembuatan, logistik, perusahaan kecil dan sederhana yang amat terkesan susulan kenaikan kos bahan mentah. Sehubungan itu, Malaysia memerlukan pendekatan non-partisan yang mengutamakan kepentingan negara lebih daripada kepentingan politik kepartian, termasuk keperluan untuk lebih inklusif dan berasaskan tindakan. Saya mencadangkan penglibatan semua pihak secara menyeluruh termasuk : kerajaan, pembangkang, Badan Bukan Kerajaan (NGO), ahli akademik, pemain industri serta wakil masyarakat sivil dalam satu forum seumpama Majlis Perundingan dan Intervensi, agar setiap keputusan yang dibuat benar-benar mencerminkan kepentingan negara secara kolektif. Pendekatan ini bukan soal politik, tetapi soal kelangsungan negara. Dalam keadaan dunia yang semakin tidak menentu, Malaysia tidak boleh bergerak secara berpecah mengikut garis kepartian. Sebaliknya, kita mesti menghimpunkan kekuatan seluruh negara dengan merentasi perbezaan politik dan latar belakang untuk menghadapi cabaran ini secara bersama. Apabila kestabilan ekonomi negara dan kebajikan rakyat menjadi taruhan, keutamaan kita semestinya kesejahteraan dan daya tahan Malaysia. YAB Dato’ Seri Ir. Dr. Ahmad Samsuri Mokhtar Pengerusi Perikatan Nasional (PN) 22 Mac 2026 ------------------------------------------------------------------------ MEDIA STATEMENT THE IMPERATIVE FOR A NON-PARTISAN APPROACH AND THE ESTABLISHMENT OF THE NATIONAL ECONOMIC CONSULTATION AND INTERVENTION COUNCIL The world today stands at a critical crossroads, grappling with escalating economic uncertainties fuelled by the protracted conflicts in West Asia. The geopolitical tremors of this crisis are now felt directly through surging energy prices, fractured supply chains, and mounting pressure on the global economy. These instabilities have driven up logistics costs, subsequently inflating production and operational expenses across every economic sector. This ripple effect is unavoidable. In the coming months, our nation faces the stark probability of rising prices for basic goods and food, increased transportation and utility costs, and perhaps most significantly, severe pressure on our labour market. Without decisive action, we risk a wave of workforce reductions, particularly within the manufacturing, logistics, and Small and Medium Enterprise (SME) sectors, which are most vulnerable to the rising costs of raw materials. Given these challenges, Malaysia needs a non-partisan approach that prioritises national interest over party politics. Our response must be inclusive, unified, and driven by a commitment to collective action. I am proposing the comprehensive involvement of all stakeholders : the government, the opposition, Non-Governmental Organisations (NGOs), academics, industry leaders, and civil society representatives in a forum akin to a Consultation and Intervention Council to ensure that every policy decision reflects the collective will and the best interests of our nation. This"
food_prices,2034935347323252859,"Allahu Akbar, Allahu Akbar, Allahu Akbar, walillahil hamd

Alhamdulillah, syukur ke hadrat Allah SWT kerana kita diberi peluang menyempurnakan Ramadan dan kini menyambut Syawal yang penuh keberkahan.

Marilah kita raikan Aidilfitri tahun ini dengan sederhana tetapi penuh makna. Dunia hari ini masih berdepan konflik dan peperangan di beberapa rantau termasuk di Asia Barat melibatkan Gaza–Palestin, serta ketegangan antara Iran, Israel dan Amerika Syarikat yang terus memberi kesan kepada kestabilan serantau. Di Eropah Timur, konflik Rusia–Ukraine yang berpanjangan masih belum menemui noktah, manakala di Asia Selatan, ketegangan antara Pakistan dan Afghanistan turut menambah tekanan kepada keamanan serantau.

Keadaan ini bukan sahaja menjejaskan keselamatan dunia, malah memberi kesan besar kepada ekonomi global, termasuk gangguan bekalan tenaga dan makanan, kenaikan harga komoditi, serta ketidaktentuan pasaran antarabangsa. Tempiasnya turut dirasai di Malaysia apabila kos sara hidup meningkat, rantaian bekalan terjejas dan ekonomi menjadi lebih mencabar, menuntut kita semua untuk lebih berhemah dan berwaspada dalam setiap perbelanjaan.

Dalam suasana dunia yang tidak menentu, setiap sen yang kita jimatkan memberi makna besar kepada masa depan kita dan keluarga. 

Namun begitu, janganlah keadaan ini memadamkan kemeriahan Hari Raya. Hakikatnya, kemeriahan sebenar bukan pada kemewahan, tetapi pada kebersamaan – duduk semeja, saling memaafkan, menghargai keluarga tersayang dan memperkukuhkan kebersamaan dengan rakan-rakan dari pelbagai kaum dan agama.

Kerajaan MADANI telah dan sedang mengambil beberapa langkah bagi membantu rakyat menghadapi krisis dunia, dengan menguruskan perbelanjaan negara secara berhemah. Di sebalik kenaikan harga minyak global, Kerajaan MADANI berusaha melindungi rakyat melalui subsidi bersasar sambil mengurus harga bahan api secara bertanggungjawab.

Tatkala pasaran minyak global terus berdepan ketidaktentuan, Kerajaan MADANI  masih mengekalkan harga RON95 di bawah BUDI95 bagi melindungi isi rumah.  Di samping itu bantuan tunai tambahan RM100 BUDI Diesel turut disalurkan. Sumbangan Tunai Rahmah (STR) Fasa 2 diawalkan dan Bantuan Khas Kewangan juga sudah disalurkan, selain pemberian cuti tambahan supaya rakyat dapat membuat persiapan Aidilfitri dan pulang ke kampung dengan lebih tenang. Semoga usaha ini sedikit sebanyak meringankan beban dan memberi kegembiraan kepada semua.

Kerajaan akan terus berusaha memastikan kestabilan melalui kawalan harga barang keperluan, pengukuhan jaringan keselamatan sosial, bantuan bersasar kepada rakyat, serta usaha memperkukuh ekonomi domestik agar kita tidak terlalu bergantung kepada faktor luar. Di sebalik setiap dasar dan keputusan yang dibuat, ada matlamat kerajaan yang cukup jelas, demi membantu rakyat meneruskan kehidupan dengan lebih baik.

Namun kekuatan Malaysia bukan hanya pada dasar kerajaan sahaja, ia juga terletak pada rakyatnya. Dalam suasana yang mencabar ini, marilah kita terus memelihara perpaduan yang telah lama menjadi tunjang negara. Saling menghormati, jaga sensitiviti, tolong-menolong, dan saling memahami antara kaum adalah kekuatan terbesar kita. Jangan sama sekali biarkan perbezaan memecahkan kita, sebaliknya jadikan kepelbagaian itu sebagai sumber kekuatan.

Hari Raya ini adalah waktu terbaik untuk kita merapatkan kembali silaturahim, memaafkan, dan memperkukuhkan jambatan perpaduan. Negara ini hanya akan terus kukuh jika rakyatnya bersatu hati, segulai sejalai.

Kepada yang pulang ke kampung halaman, utamakan keselamatan, pandulah dengan berhati-hati. Pastikan rumah dikunci rapi, maklumkan kepada jiran atau balai polis terdekat, tutup suis elektrik dan paip air dengan rapat. Kita mahu pulang beraya dengan tenang, dan kembali juga dengan hati yang lapang.

Selamat Hari Raya Aidilfitri, Maaf Zahir Batin.

Taqabbalallahu minna wa minkum.

Ikhlas,
Hj Fadillah Bin Hj Yusof",Fri Mar 20 10:09:28 +0000 2026,PetraJayaMP,Malaysia,True,9,6,"Allahu Akbar, Allahu Akbar, Allahu Akbar, walillahil hamd Alhamdulillah, syukur ke hadrat Allah SWT kerana kita diberi peluang menyempurnakan Ramadan dan kini menyambut Syawal yang penuh keberkahan. Marilah kita raikan Aidilfitri tahun ini dengan sederhana tetapi penuh makna. Dunia hari ini masih berdepan konflik dan peperangan di beberapa rantau termasuk di Asia Barat melibatkan Gaza–Palestin, serta ketegangan antara Iran, Israel dan Amerika Syarikat yang terus memberi kesan kepada kestabilan serantau. Di Eropah Timur, konflik Rusia–Ukraine yang berpanjangan masih belum menemui noktah, manakala di Asia Selatan, ketegangan antara Pakistan dan Afghanistan turut menambah tekanan kepada keamanan serantau. Keadaan ini bukan sahaja menjejaskan keselamatan dunia, malah memberi kesan besar kepada ekonomi global, termasuk gangguan bekalan tenaga dan makanan, kenaikan harga komoditi, serta ketidaktentuan pasaran antarabangsa. Tempiasnya turut dirasai di Malaysia apabila kos sara hidup meningkat, rantaian bekalan terjejas dan ekonomi menjadi lebih mencabar, menuntut kita semua untuk lebih berhemah dan berwaspada dalam setiap perbelanjaan. Dalam suasana dunia yang tidak menentu, setiap sen yang kita jimatkan memberi makna besar kepada masa depan kita dan keluarga. Namun begitu, janganlah keadaan ini memadamkan kemeriahan Hari Raya. Hakikatnya, kemeriahan sebenar bukan pada kemewahan, tetapi pada kebersamaan – duduk semeja, saling memaafkan, menghargai keluarga tersayang dan memperkukuhkan kebersamaan dengan rakan-rakan dari pelbagai kaum dan agama. Kerajaan MADANI telah dan sedang mengambil beberapa langkah bagi membantu rakyat menghadapi krisis dunia, dengan menguruskan perbelanjaan negara secara berhemah. Di sebalik kenaikan harga minyak global, Kerajaan MADANI berusaha melindungi rakyat melalui subsidi bersasar sambil mengurus harga bahan api secara bertanggungjawab. Tatkala pasaran minyak global terus berdepan ketidaktentuan, Kerajaan MADANI masih mengekalkan harga RON95 di bawah BUDI95 bagi melindungi isi rumah. Di samping itu bantuan tunai tambahan RM100 BUDI Diesel turut disalurkan. Sumbangan Tunai Rahmah (STR) Fasa 2 diawalkan dan Bantuan Khas Kewangan juga sudah disalurkan, selain pemberian cuti tambahan supaya rakyat dapat membuat persiapan Aidilfitri dan pulang ke kampung dengan lebih tenang. Semoga usaha ini sedikit sebanyak meringankan beban dan memberi kegembiraan kepada semua. Kerajaan akan terus berusaha memastikan kestabilan melalui kawalan harga barang keperluan, pengukuhan jaringan keselamatan sosial, bantuan bersasar kepada rakyat, serta usaha memperkukuh ekonomi domestik agar kita tidak terlalu bergantung kepada faktor luar. Di sebalik setiap dasar dan keputusan yang dibuat, ada matlamat kerajaan yang cukup jelas, demi membantu rakyat meneruskan kehidupan dengan lebih baik. Namun kekuatan Malaysia bukan hanya pada dasar kerajaan sahaja, ia juga terletak pada rakyatnya. Dalam suasana yang mencabar ini, marilah kita terus memelihara perpaduan yang telah lama menjadi tunjang negara. Saling menghormati, jaga sensitiviti, tolong-menolong, dan saling memahami antara kaum adalah kekuatan terbesar kita. Jangan sama sekali biarkan perbezaan memecahkan kita, sebaliknya jadikan kepelbagaian itu sebagai sumber kekuatan. Hari Raya ini adalah waktu terbaik untuk kita merapatkan kembali silaturahim, memaafkan, dan memperkukuhkan jambatan perpaduan. Negara ini hanya akan terus kukuh jika rakyatnya bersatu hati, segulai sejalai. Kepada yang pulang ke kampung halaman, utamakan keselamatan, pandulah dengan berhati-hati. Pastikan rumah dikunci rapi, maklumkan kepada jiran atau balai polis terdekat, tutup suis elektrik dan paip air dengan rapat. Kita mahu pulang beraya dengan tenang, dan kembali juga dengan hati yang lapang. Selamat Hari Raya Aidilfitri, Maaf Zahir Batin. Taqabbalallahu minna wa minkum. Ikhlas, Hj Fadillah Bin Hj Yusof"
food_prices,2034754330948247862,"@chairmanGLC Rantaian makanan terjejas teruk sebab penutupan selat ni kerana 1/3 bekalan baja di hasilkan di sana sebab minyak murah, bila bekalan minyak terjejas, baja pun sama. Sawit dan padi di Malaysia gantung pada baja, harga akan naik sebanyak 100%-150%, tapi lebih risaukan internet???",Thu Mar 19 22:10:11 +0000 2026,Fatulamnan,"Petaling Jaya, Selangor",True,34,1,"@chairmanGLC Rantaian makanan terjejas teruk sebab penutupan selat ni kerana 1/3 bekalan baja di hasilkan di sana sebab minyak murah, bila bekalan minyak terjejas, baja pun sama. Sawit dan padi di Malaysia gantung pada baja, harga akan naik sebanyak 100%-150%, tapi lebih risaukan internet???"
food_prices,2034586910988079587,"Import baja (dan kandungan baja) negara kita sekitar RM5 bilion setahun. Tahun 2022 lepas Russia serang Ukraine harga naik mencanak-canak, kos import baja kita naik 90% jadi hampir RM9 bilion setahun. 

Malaysia eksport baja juga mostly nitrogen based (urea) tapi import banyak Phosphate & Potassium. 

Import baja kita 60% dari Russia dan China. 

China dah umum kawalan eksport baja 2 hari lepas. 

Pemproses baja dalam Malaysia ada yang dah mula tangguhkan order pelanggan sebab harga input baja naik 100% ke 150%. 

Harga makanan minyak masak sawit, sayur-sayuran, ayam & telur akan naik kalau perang berterusan. 

Mungkin seteruk 2022, kalau tidak lebih teruk.",Thu Mar 19 11:04:55 +0000 2026,syahir,Malaysia,True,45,30,"Import baja (dan kandungan baja) negara kita sekitar RM5 bilion setahun. Tahun 2022 lepas Russia serang Ukraine harga naik mencanak-canak, kos import baja kita naik 90% jadi hampir RM9 bilion setahun. Malaysia eksport baja juga mostly nitrogen based (urea) tapi import banyak Phosphate & Potassium. Import baja kita 60% dari Russia dan China. China dah umum kawalan eksport baja 2 hari lepas. Pemproses baja dalam Malaysia ada yang dah mula tangguhkan order pelanggan sebab harga input baja naik 100% ke 150%. Harga makanan minyak masak sawit, sayur-sayuran, ayam & telur akan naik kalau perang berterusan. Mungkin seteruk 2022, kalau tidak lebih teruk."
food_prices,2032773383461679226,"#AWANIBorneo bersama Firdaus Azil

📌Harga minyak mencanak, Malaysia pantau kos penerbangan jemaah haji

📌Diesel sabah sarawak 'barang panas', jurang harga punca penyeludupan 

📌23 barangan makanan asas di Sarawak disenarai dibawah SHMMP

#AWANInews https://t.co/9aS9YkhRJV",Sat Mar 14 10:58:36 +0000 2026,501Awani,Malaysia,True,1,1,"#AWANIBorneo bersama Firdaus Azil 📌Harga minyak mencanak, Malaysia pantau kos penerbangan jemaah haji 📌Diesel sabah sarawak 'barang panas', jurang harga punca penyeludupan 📌23 barangan makanan asas di Sarawak disenarai dibawah SHMMP #AWANInews"
food_prices,2030976499541565805,"YB Datuk Seri Dr. Dzulkefly Ahmad, Menteri Kesihatan bersama barisan pengurusan tertinggi dan seluruh warga kerja Kementerian Kesihatan Malaysia (KKM) menyertai Majlis Perjumpaan YAB Perdana Menteri bersama warga kementerian bersempena perhimpunan bulanan Kementerian Perdagangan Dalam Negeri dan Kos Sara Hidup secara maya bagi mengikuti amanat Perdana Menteri di Ibu Pejabat KKM hari ini. 

Dalam usaha memperkukuh kesejahteraan rakyat, YAB Perdana Menteri mengumumkan inisiatif MADANI seperti Sumbangan Tunai Rahmah (STR) Fasa 2 yang diawalkan bermul 10 Mac 2026, Bantuan Khas Kewangan 2026 kepada penjawat awam Gred 15 ke bawah, pelaksanaan larangan penjualan minyak masak paket 1kg kepada warga asing, memperluaskan subsidi tiket penerbangan FLYsiswa RM400 kepada lebih 50,000 pelajar serta penganjuran Jualan Rahmah MADANI menjelang Aidilfitri bagi membantu rakyat mendapat barangan keperluan pada harga berpatutan. 

KKM komited mendukung aspirasi MADANI melalui penyampaian perkhidmatan kesihatan yang menyeluruh, adil dan inklusif demi memastikan kesejahteraan rakyat terus diperkasa sejajar dengan nilai kemanusiaan sejagat.  

Turut hadir, YBhg. Datuk Seri Hj. Hasnol Zam Zam bin Hj. Ahmad, Ketua Setiausaha Kementerian Kesihatan, YBhg. Dato’ Sri Zahrul Hakim bin Abdullah,Timbalan Ketua Setiausaha (Kewangan), YBrs. Dr. Ismuni bin Bohari, Timbalan Ketua Pengarah Kesihatan (Kesihatan Awam), YBhg. Datuk Dr. Nor Fariza binti Ngah Timbalan Ketua Pengarah Kesihatan (Penyelidikan & Sokongan Teknikal, YBrs. Dr. Azuana binti Ramli, Timbalan Ketua Pengarah Kesihatan (Perkhidmatan Farmasi), YBrs. Dr. Fauziah binti Ahmad, Timbalan Ketua Pengarah Kesihatan (Kesihatan Pergigian), YBrs. Ts. Zailina binti Abdul Majid, Timbalan Ketua Pengarah Kesihatan (Keselamatan & Kualiti Makanan).

#KKMPrihatin #SihatBersama #MalaysiaSihat #MADANIBekerja #RancakkanMADANI",Mon Mar 09 11:58:25 +0000 2026,KKMPutrajaya,Putrajaya,True,4,1,"YB Datuk Seri Dr. Dzulkefly Ahmad, Menteri Kesihatan bersama barisan pengurusan tertinggi dan seluruh warga kerja Kementerian Kesihatan Malaysia (KKM) menyertai Majlis Perjumpaan YAB Perdana Menteri bersama warga kementerian bersempena perhimpunan bulanan Kementerian Perdagangan Dalam Negeri dan Kos Sara Hidup secara maya bagi mengikuti amanat Perdana Menteri di Ibu Pejabat KKM hari ini. Dalam usaha memperkukuh kesejahteraan rakyat, YAB Perdana Menteri mengumumkan inisiatif MADANI seperti Sumbangan Tunai Rahmah (STR) Fasa 2 yang diawalkan bermul 10 Mac 2026, Bantuan Khas Kewangan 2026 kepada penjawat awam Gred 15 ke bawah, pelaksanaan larangan penjualan minyak masak paket 1kg kepada warga asing, memperluaskan subsidi tiket penerbangan FLYsiswa RM400 kepada lebih 50,000 pelajar serta penganjuran Jualan Rahmah MADANI menjelang Aidilfitri bagi membantu rakyat mendapat barangan keperluan pada harga berpatutan. KKM komited mendukung aspirasi MADANI melalui penyampaian perkhidmatan kesihatan yang menyeluruh, adil dan inklusif demi memastikan kesejahteraan rakyat terus diperkasa sejajar dengan nilai kemanusiaan sejagat. Turut hadir, YBhg. Datuk Seri Hj. Hasnol Zam Zam bin Hj. Ahmad, Ketua Setiausaha Kementerian Kesihatan, YBhg. Dato’ Sri Zahrul Hakim bin Abdullah,Timbalan Ketua Setiausaha (Kewangan), YBrs. Dr. Ismuni bin Bohari, Timbalan Ketua Pengarah Kesihatan (Kesihatan Awam), YBhg. Datuk Dr. Nor Fariza binti Ngah Timbalan Ketua Pengarah Kesihatan (Penyelidikan & Sokongan Teknikal, YBrs. Dr. Azuana binti Ramli, Timbalan Ketua Pengarah Kesihatan (Perkhidmatan Farmasi), YBrs. Dr. Fauziah binti Ahmad, Timbalan Ketua Pengarah Kesihatan (Kesihatan Pergigian), YBrs. Ts. Zailina binti Abdul Majid, Timbalan Ketua Pengarah Kesihatan (Keselamatan & Kualiti Makanan). #KKMPrihatin #SihatBersama #MalaysiaSihat #MADANIBekerja #RancakkanMADANI"
food_prices,2029461051700592834,"KONFLIK TIMUR TENGAH: MALAYSIA KEKAL STABIL, KESELAMATAN RAKYAT TERUS TERPELIHARA

Ketegangan geopolitik di Timur Tengah memberi kesan kepada ekonomi global termasuk harga minyak, kos logistik serta rantaian bekalan makanan dunia. https://t.co/3U30BWdo5G",Thu Mar 05 07:36:34 +0000 2026,KDNPUTRAJAYA,Putrajaya,True,5,2,"KONFLIK TIMUR TENGAH: MALAYSIA KEKAL STABIL, KESELAMATAN RAKYAT TERUS TERPELIHARA Ketegangan geopolitik di Timur Tengah memberi kesan kepada ekonomi global termasuk harga minyak, kos logistik serta rantaian bekalan makanan dunia."
food_prices,2029008428178321772,"#putrajaya Harga pengangkutan dan makanan dijangka menerima tekanan paling awal dan paling ketara susulan konflik geopolitik yang semakin memuncak di Timur Tengah

https://t.co/Jo5iJgEri9 https://t.co/MiVBUzeqU1",Wed Mar 04 01:38:01 +0000 2026,hmetromy,Malaysia,True,2,0,#putrajaya Harga pengangkutan dan makanan dijangka menerima tekanan paling awal dan paling ketara susulan konflik geopolitik yang semakin memuncak di Timur Tengah
food_prices,2026881593865122120,"Situasi itu berisiko mengulangi impak seperti yang berlaku susulan konflik Rusia-Ukraine yang menjejaskan pengeluaran makanan dan bahan galian dunia hingga meningkatkan harga barangan.

#AWANInews #AWANI745 

https://t.co/v4uQuzHuhR",Thu Feb 26 04:46:44 +0000 2026,501Awani,Malaysia,True,1,1,Situasi itu berisiko mengulangi impak seperti yang berlaku susulan konflik Rusia-Ukraine yang menjejaskan pengeluaran makanan dan bahan galian dunia hingga meningkatkan harga barangan. #AWANInews #AWANI745
food_prices,1988000497064964234,"Lu punya statement ni menunjukkan yang lu gagal faham statement 'Harga makanan tersangkut dipuncak' ni Mat.

Time harga barang naik dulu, telur naik kaw2, minyak masak pun sama, harga makanan siap di seluruh Malaysia pun ikut naik. sekarang banyak harga barangan asas dah turun, tapi harga makanan siap masih tersangkut dipuncak. selain daripada sifat peniaga yang nak untung maximum yahudi, ada jawapan lain?

Dan tak semua benda Cgpt boleh bagi jawapan tepat brader, kalau jawapan memandai2 boleh ler.",Mon Nov 10 21:47:08 +0000 2025,aku_anak_felda,"Pengerang, Johor",True,4,0,"Lu punya statement ni menunjukkan yang lu gagal faham statement 'Harga makanan tersangkut dipuncak' ni Mat. Time harga barang naik dulu, telur naik kaw2, minyak masak pun sama, harga makanan siap di seluruh Malaysia pun ikut naik. sekarang banyak harga barangan asas dah turun, tapi harga makanan siap masih tersangkut dipuncak. selain daripada sifat peniaga yang nak untung maximum yahudi, ada jawapan lain? Dan tak semua benda Cgpt boleh bagi jawapan tepat brader, kalau jawapan memandai2 boleh ler."
inflation,2087082571863851022,"Agihan Zakat: MAIWP Memperkukuh Kebajikan Asnaf Dalam Cabaran Geopolitik Asia Barat 

Geopolitik dunia, khususnya konflik di Asia Barat bukan sekadar isu antarabangsa, malah memberi kesan kepada kehidupan rakyat melalui inflasi, kos sara hidup dan pertumbuhan ekonomi selain mempengaruhi kutipan serta keperluan agihan zakat yang menjadi instrumen penting bagi ekonomi umat islam, namun apakah pendekatan terbaik dilaksanakan Majlis Agama Islam Wilayah Persekutuan (MAIWP) untuk memastikan kebajikan asnaf terus terpelihara walaupun berdepan ketidaktentuan ekonomi global?

#malaysiagazette #borakMG #Maiwp #zakat #golonganasnaf",Tue Aug 11 07:43:55 +0000 2026,MalaysiaGazette,Kuala Lumpur,True,0,0,"Agihan Zakat: MAIWP Memperkukuh Kebajikan Asnaf Dalam Cabaran Geopolitik Asia Barat Geopolitik dunia, khususnya konflik di Asia Barat bukan sekadar isu antarabangsa, malah memberi kesan kepada kehidupan rakyat melalui inflasi, kos sara hidup dan pertumbuhan ekonomi selain mempengaruhi kutipan serta keperluan agihan zakat yang menjadi instrumen penting bagi ekonomi umat islam, namun apakah pendekatan terbaik dilaksanakan Majlis Agama Islam Wilayah Persekutuan (MAIWP) untuk memastikan kebajikan asnaf terus terpelihara walaupun berdepan ketidaktentuan ekonomi global? #malaysiagazette #borakMG #Maiwp #zakat #golonganasnaf"
inflation,2086738628135501894,"Ekonomi Malaysia diunjur terus kukuh disokong pelaburan domestik, asing

#BHbisnes Tekanan terhadap kos sara hidup dan kesan inflasi susulan peningkatan harga minyak kekal antara kebimbangan yang perlu diberi perhatian.

https://t.co/VpDjTYyrnE",Mon Aug 10 08:57:13 +0000 2026,bharianmy,Malaysia,True,0,0,"Ekonomi Malaysia diunjur terus kukuh disokong pelaburan domestik, asing #BHbisnes Tekanan terhadap kos sara hidup dan kesan inflasi susulan peningkatan harga minyak kekal antara kebimbangan yang perlu diberi perhatian."
inflation,2077970055586103777,"Inflasi Jun menyederhana 1.9 peratus disokong penurunan harga minyak

#BHbisnes Purata harga RON97 turun kepada RM4.33 seliter pada Jun, manakala purata harga diesel di Semenanjung Malaysia lebih rendah RM4.50 seliter.

https://t.co/y5syBOccRq",Fri Jul 17 04:14:02 +0000 2026,bharianmy,Malaysia,True,4,1,"Inflasi Jun menyederhana 1.9 peratus disokong penurunan harga minyak #BHbisnes Purata harga RON97 turun kepada RM4.33 seliter pada Jun, manakala purata harga diesel di Semenanjung Malaysia lebih rendah RM4.50 seliter."
inflation,2072276135745147092,"HSBC kekalkan unjuran pertumbuhan ekonomi Malaysia, inflasi terkawal disokong subsidi petrol

#BHbisnes Meskipun Malaysia kekal sebagai pengimport bersih minyak mentah, negara juga berstatus pengeksport utama gas asli, sekali gus meletakkannya pada posisi yang menggalakkan.

https://t.co/9AmI21evK6",Wed Jul 01 11:08:26 +0000 2026,bharianmy,Malaysia,True,1,0,"HSBC kekalkan unjuran pertumbuhan ekonomi Malaysia, inflasi terkawal disokong subsidi petrol #BHbisnes Meskipun Malaysia kekal sebagai pengimport bersih minyak mentah, negara juga berstatus pengeksport utama gas asli, sekali gus meletakkannya pada posisi yang menggalakkan."
inflation,2071761483009339479,"Semalam, ketika kami bermesyuarat di sebuah warung terpencil yang langsung tiada dalam Google Maps, salah seorang kawan bertanya,

""PRN Johor nanti kau turun mengundi tak?""

Aku jawab,

""Tak. And I'll explain why.""

Mengikut syarat kelayakan mengundi di Malaysia, seseorang hanya perlu memenuhi beberapa syarat asas:

- Warganegara Malaysia.
- Berumur 18 tahun ke atas.
- Berdaftar sebagai pemilih melalui pendaftaran automatik SPR berdasarkan rekod JPN.

Manakala golongan yang tidak layak mengundi hanyalah:

- Individu yang disahkan tidak sempurna akal.
- Individu yang sedang menjalani hukuman penjara.
- Individu yang dijatuhi hukuman mati atau dipenjarakan lebih 12 bulan dan masih menjalani hukuman tersebut pada tarikh kelayakan.

Sekarang mari kita fikirkan.

Dalam demokrasi moden:

Satu undi lelaki = satu undi wanita.

Satu undi orang yang benar-benar memahami ekonomi, sejarah, geopolitik dan pentadbiran = satu undi orang yang langsung tidak tahu membezakan inflasi dengan kenaikan harga.

Adakah semua undi benar-benar patut dianggap setara?

Majoriti manusia bukanlah terdiri daripada golongan yang berfikir secara mendalam. Majoriti hanya mengikut emosi, propaganda, sentimen semasa dan apa yang mereka lihat di media.

Dalam sistem sebegini, seorang yang membuat keputusan berdasarkan ilmu dan hikmah boleh dengan mudah dikalahkan oleh ribuan orang yang membuat keputusan berdasarkan kejahilan.

Orang bijak hampir mustahil untuk mengatasi jumlah orang yang bebal, kerana orang bebal sentiasa jauh lebih ramai.

Itulah kelemahan asas demokrasi.

Lebih menarik lagi, undang-undang sendiri mengiktiraf bahawa ada individu yang tidak layak mengundi kerana tidak sempurna akal.

Tetapi pada masa yang sama, sistem ini memberikan hak mengundi kepada wanita.

Sedangkan Nabi SAW sendiri menyifatkan wanita sebagai golongan yang naqisat 'aql wa din, kurang akal dan kurang agama.

Kalau begitu, atas dasar apa mereka diberikan tanggungjawab yang sama dalam menentukan hala tuju sesebuah negara?

Aku melihat perkara ini bukan sebagai satu bentuk penghormatan kepada wanita, tetapi sebagai satu bentuk ketidakadilan terhadap mereka.

Kita meletakkan satu tanggungjawab politik yang besar ke atas golongan yang Rasulullah SAW sendiri telah jelaskan mempunyai kekurangan tertentu mengikut fitrah mereka.

Hakikatnya, tidak semua hak adalah satu penghormatan.

Ada tanggungjawab yang sepatutnya dipikul oleh mereka yang lebih layak memikulnya.

Sama seperti kita tidak memberikan hak mengundi kepada kanak-kanak kerana mereka belum cukup matang untuk membuat keputusan yang besar.

Sebagai seorang lelaki, kau tak rasa pelik bahawa undi kau mempunyai nilai yang sama dengan sesiapa sahaja tanpa mengambil kira tahap kebijaksanaan, pengalaman atau kemampuan berfikir?

Bayangkan undi kau bernilai sama dengan lelaki yang takut bini sehingga semua keputusan hidupnya ditentukan oleh bini.

Bayangkan undi kau bernilai sama dengan lelaki yang menganggap institusi riba hanyalah tempat orang berjual beli kelapa sawit.

Bayangkan undi kau bernilai sama dengan mereka yang tidak mampu berfikir secara objektif langsung, berdarah 7-14 hari sebulan, tetapi tetap diberi kuasa menentukan masa depan seluruh negara.

Tidakkah itu satu penghinaan terhadap nilai pertimbangan dan kebijaksanaan?

Aku tidak menerima bahawa setiap manusia, tanpa mengambil kira ilmu, hikmah, kebijaksanaan atau kemampuan membuat pertimbangan, wajar diberikan kuasa politik yang sama.

Lebih-lebih lagi apabila keseluruhan sistem politik moden, tidak kira parti mana yang menang, akhirnya tetap berkhidmat kepada tuan yang sama.

Mereka mungkin bergaduh di pentas politik.

Tetapi apabila menyentuh sistem kewangan fiat, bank pusat, penciptaan wang daripada hutang dan penyebaran riba secara sistemik, hampir semuanya bermain dalam permainan yang sama.

Parti bertukar. 

Menteri bertukar. 

Tetapi mesin mencetak wang terus beroperasi.

Riba terus berkembang.

Kuasa terus dipusatkan.

Jadi, kenapa turut serta?",Tue Jun 30 01:03:23 +0000 2026,RealSunBros,Malaysia ☀️💧🧲,True,17,3,"Semalam, ketika kami bermesyuarat di sebuah warung terpencil yang langsung tiada dalam Google Maps, salah seorang kawan bertanya, ""PRN Johor nanti kau turun mengundi tak?"" Aku jawab, ""Tak. And I'll explain why."" Mengikut syarat kelayakan mengundi di Malaysia, seseorang hanya perlu memenuhi beberapa syarat asas: - Warganegara Malaysia. - Berumur 18 tahun ke atas. - Berdaftar sebagai pemilih melalui pendaftaran automatik SPR berdasarkan rekod JPN. Manakala golongan yang tidak layak mengundi hanyalah: - Individu yang disahkan tidak sempurna akal. - Individu yang sedang menjalani hukuman penjara. - Individu yang dijatuhi hukuman mati atau dipenjarakan lebih 12 bulan dan masih menjalani hukuman tersebut pada tarikh kelayakan. Sekarang mari kita fikirkan. Dalam demokrasi moden: Satu undi lelaki = satu undi wanita. Satu undi orang yang benar-benar memahami ekonomi, sejarah, geopolitik dan pentadbiran = satu undi orang yang langsung tidak tahu membezakan inflasi dengan kenaikan harga. Adakah semua undi benar-benar patut dianggap setara? Majoriti manusia bukanlah terdiri daripada golongan yang berfikir secara mendalam. Majoriti hanya mengikut emosi, propaganda, sentimen semasa dan apa yang mereka lihat di media. Dalam sistem sebegini, seorang yang membuat keputusan berdasarkan ilmu dan hikmah boleh dengan mudah dikalahkan oleh ribuan orang yang membuat keputusan berdasarkan kejahilan. Orang bijak hampir mustahil untuk mengatasi jumlah orang yang bebal, kerana orang bebal sentiasa jauh lebih ramai. Itulah kelemahan asas demokrasi. Lebih menarik lagi, undang-undang sendiri mengiktiraf bahawa ada individu yang tidak layak mengundi kerana tidak sempurna akal. Tetapi pada masa yang sama, sistem ini memberikan hak mengundi kepada wanita. Sedangkan Nabi SAW sendiri menyifatkan wanita sebagai golongan yang naqisat 'aql wa din, kurang akal dan kurang agama. Kalau begitu, atas dasar apa mereka diberikan tanggungjawab yang sama dalam menentukan hala tuju sesebuah negara? Aku melihat perkara ini bukan sebagai satu bentuk penghormatan kepada wanita, tetapi sebagai satu bentuk ketidakadilan terhadap mereka. Kita meletakkan satu tanggungjawab politik yang besar ke atas golongan yang Rasulullah SAW sendiri telah jelaskan mempunyai kekurangan tertentu mengikut fitrah mereka. Hakikatnya, tidak semua hak adalah satu penghormatan. Ada tanggungjawab yang sepatutnya dipikul oleh mereka yang lebih layak memikulnya. Sama seperti kita tidak memberikan hak mengundi kepada kanak-kanak kerana mereka belum cukup matang untuk membuat keputusan yang besar. Sebagai seorang lelaki, kau tak rasa pelik bahawa undi kau mempunyai nilai yang sama dengan sesiapa sahaja tanpa mengambil kira tahap kebijaksanaan, pengalaman atau kemampuan berfikir? Bayangkan undi kau bernilai sama dengan lelaki yang takut bini sehingga semua keputusan hidupnya ditentukan oleh bini. Bayangkan undi kau bernilai sama dengan lelaki yang menganggap institusi riba hanyalah tempat orang berjual beli kelapa sawit. Bayangkan undi kau bernilai sama dengan mereka yang tidak mampu berfikir secara objektif langsung, berdarah 7-14 hari sebulan, tetapi tetap diberi kuasa menentukan masa depan seluruh negara. Tidakkah itu satu penghinaan terhadap nilai pertimbangan dan kebijaksanaan? Aku tidak menerima bahawa setiap manusia, tanpa mengambil kira ilmu, hikmah, kebijaksanaan atau kemampuan membuat pertimbangan, wajar diberikan kuasa politik yang sama. Lebih-lebih lagi apabila keseluruhan sistem politik moden, tidak kira parti mana yang menang, akhirnya tetap berkhidmat kepada tuan yang sama. Mereka mungkin bergaduh di pentas politik. Tetapi apabila menyentuh sistem kewangan fiat, bank pusat, penciptaan wang daripada hutang dan penyebaran riba secara sistemik, hampir semuanya bermain dalam permainan yang sama. Parti bertukar. Menteri bertukar. Tetapi mesin mencetak wang terus beroperasi. Riba terus berkembang. Kuasa terus dipusatkan. Jadi, kenapa turut serta?"
inflation,2070096036568367172,"Penurunan harga minyak kurangkan kebimbangan tekanan inflasi di Malaysia

#BHbisnes Harga minyak yang rendah dapat membantu meredakan tekanan inflasi dengan mengurangkan kos pengangkutan, logistik dan pengeluaran dalam pelbagai industri.

https://t.co/fX0SFbTgb9",Thu Jun 25 10:45:30 +0000 2026,bharianmy,Malaysia,True,1,1,"Penurunan harga minyak kurangkan kebimbangan tekanan inflasi di Malaysia #BHbisnes Harga minyak yang rendah dapat membantu meredakan tekanan inflasi dengan mengurangkan kos pengangkutan, logistik dan pengeluaran dalam pelbagai industri."
inflation,2070090693645914560,"Penurunan Harga Minyak Redakan Kebimbangan Inflasi Malaysia Dan Ekonomi Global

#BernamaBiz

https://t.co/383mnhsjaf https://t.co/kp0b0PzrpZ",Thu Jun 25 10:24:16 +0000 2026,BernamaBiz,Kuala Lumpur,True,4,2,Penurunan Harga Minyak Redakan Kebimbangan Inflasi Malaysia Dan Ekonomi Global #BernamaBiz
inflation,2069786342901604713,"Hala tuju kadar faedah AS, konflik geopolitik jejas sentimen ringgit

#BHbisnes Faktor asas ekonomi domestik seperti kadar inflasi, OPR, dasar fiskal, landskap politik negara turut memainkan peranan menentukan turun naik kadar pertukaran mata wang.

https://t.co/74Mi6F6QV8",Wed Jun 24 14:14:53 +0000 2026,bharianmy,Malaysia,True,0,0,"Hala tuju kadar faedah AS, konflik geopolitik jejas sentimen ringgit #BHbisnes Faktor asas ekonomi domestik seperti kadar inflasi, OPR, dasar fiskal, landskap politik negara turut memainkan peranan menentukan turun naik kadar pertukaran mata wang."
inflation,2066382649082671552,"Kementerian Ekonomi menjangka kadar inflasi Malaysia kekal terkawal antara 1.5 dan 2.5 peratus sepanjang tahun ini meskipun berdepan tekanan daripada krisis bekalan tenaga dan ketidaktentuan geopolitik global.  

#BernamaNews 
#InfografikBernama 
#inflasi

 https://t.co/FBOb7MW0Ms",Mon Jun 15 04:49:49 +0000 2026,Bernama_Radio,Malaysia,True,2,2,Kementerian Ekonomi menjangka kadar inflasi Malaysia kekal terkawal antara 1.5 dan 2.5 peratus sepanjang tahun ini meskipun berdepan tekanan daripada krisis bekalan tenaga dan ketidaktentuan geopolitik global. #BernamaNews #InfografikBernama #inflasi
inflation,2066361010454507727,"#Putrajaya Kementerian Ekonomi menjangka kadar inflasi Malaysia kekal terkawal antara 1.5 dan 2.5 peratus sepanjang tahun ini meskipun berdepan tekanan daripada krisis bekalan tenaga dan ketidaktentuan geopolitik global.

https://t.co/r8WfJkPbNU",Mon Jun 15 03:23:50 +0000 2026,hmetromy,Malaysia,True,1,0,#Putrajaya Kementerian Ekonomi menjangka kadar inflasi Malaysia kekal terkawal antara 1.5 dan 2.5 peratus sepanjang tahun ini meskipun berdepan tekanan daripada krisis bekalan tenaga dan ketidaktentuan geopolitik global.
inflation,2064663896535740436,"Kejutan Minyak Meningkatkan Inflasi Malaysia Kepada 1.9%

Sebanyak 70% isi rumah di negara ini berdepan tekanan kos sara hidup apabila kadar inflasi meningkat kepada 1.9% pada April 2026 berbanding 1.7% pada Mac lalu. 

https://t.co/31jJo3K5we https://t.co/FxOZlv1tYO",Wed Jun 10 11:00:07 +0000 2026,EkonomiRakyatMY,Kuala Lumpur,True,2,1,Kejutan Minyak Meningkatkan Inflasi Malaysia Kepada 1.9% Sebanyak 70% isi rumah di negara ini berdepan tekanan kos sara hidup apabila kadar inflasi meningkat kepada 1.9% pada April 2026 berbanding 1.7% pada Mac lalu.
inflation,2063483753557614716,"Ringgit diunjur berada antara RM4.02 dan RM4.04 sedolar minggu depan

#BHbisnes Kebuntuan rundingan AS-Iran boleh menyebabkan harga bahan api terus meningkat, mengakibatkan tekanan inflasi yang tinggi.

https://t.co/9JCtigb6pw",Sun Jun 07 04:50:39 +0000 2026,bharianmy,Malaysia,True,1,0,"Ringgit diunjur berada antara RM4.02 dan RM4.04 sedolar minggu depan #BHbisnes Kebuntuan rundingan AS-Iran boleh menyebabkan harga bahan api terus meningkat, mengakibatkan tekanan inflasi yang tinggi."
inflation,2062896236479565848,"Ringgit jatuh kepada RM4.02 sedolar dalam ketidaktentuan geopolitik berterusan

#BHbisnes Kebuntuan dalam rundingan antara AS dan Iran berpotensi mengekalkan harga bahan api pada paras tinggi, meningkatkan tekanan inflasi.

https://t.co/cPZ8ZsHGvC",Fri Jun 05 13:56:04 +0000 2026,bharianmy,Malaysia,True,4,1,"Ringgit jatuh kepada RM4.02 sedolar dalam ketidaktentuan geopolitik berterusan #BHbisnes Kebuntuan dalam rundingan antara AS dan Iran berpotensi mengekalkan harga bahan api pada paras tinggi, meningkatkan tekanan inflasi."
inflation,2062493602677407971,"Ringgit jatuh kepada RM4 sedolar hari ini susulan ketegangan geopolitik tidak berkesudahan

#BHbisnes Kenaikan harga bahan api dijangka memberi tekanan terhadap inflasi global memandangkan gencatan senjata antara AS, rejim zionis Israel dan Iran masih sukar dicapai.

https://t.co/JZvPFsS01z",Thu Jun 04 11:16:08 +0000 2026,bharianmy,Malaysia,True,7,5,"Ringgit jatuh kepada RM4 sedolar hari ini susulan ketegangan geopolitik tidak berkesudahan #BHbisnes Kenaikan harga bahan api dijangka memberi tekanan terhadap inflasi global memandangkan gencatan senjata antara AS, rejim zionis Israel dan Iran masih sukar dicapai."
inflation,2061706032532029616,"#kualalumpur Harga minyak mentah Brent berpotensi melonjak sehingga AS$115 berbanding AS$85.63 setong berikutan kemuncak ketegangan geopolitik di Timur Tengah, sekali gus meningkatkan risiko tekanan inflasi global dan kos import yang lebih tinggi kepada Malaysia 

https://t.co/ScWpikYO2Y",Tue Jun 02 07:06:37 +0000 2026,hmetromy,Malaysia,True,5,0,"#kualalumpur Harga minyak mentah Brent berpotensi melonjak sehingga AS$115 berbanding AS$85.63 setong berikutan kemuncak ketegangan geopolitik di Timur Tengah, sekali gus meningkatkan risiko tekanan inflasi global dan kos import yang lebih tinggi kepada Malaysia"
inflation,2054107218904301576,"Harga minyak mentah dunia menurun 8.5 peratus minggu pertama Mei

Ekonomi Malaysia kekal stabil dengan inflasi terkawal dan pertumbuhan KDNK positif

#SinarHarian #hargaminyakdunia #menurun #ekonomiMalaysia #kekalstabil

https://t.co/WgQfonjNk5",Tue May 12 07:51:39 +0000 2026,SinarOnline,Malaysia,True,2,0,Harga minyak mentah dunia menurun 8.5 peratus minggu pertama Mei Ekonomi Malaysia kekal stabil dengan inflasi terkawal dan pertumbuhan KDNK positif #SinarHarian #hargaminyakdunia #menurun #ekonomiMalaysia #kekalstabil
inflation,2052635702190551310,"Malaysia menegaskan komitmen teguh untuk terus memperkukuh kesepaduan ASEAN dalam mendepani tantangan global yang semakin meruncing, khususnya krisis geopolitik yang memberi kesan langsung terhadap aspek keterjaminan tenaga dan makanan serta kestabilan rantaian bekalan serantau. Dalam Sidang Kemuncak ASEAN ke-48 hari ini, saya menekankan bahawa tiada negara mampu menghadapi kemelut ini secara bersendirian, justeru kerjasama kolektif dan perpaduan serantau yang berpaksi pada solidariti ASEAN mesti terus diperkasa. 

Malaysia turut menyuarakan dukungan terhadap pemacuan ASEAN Power Grid, pengukuhan mekanisme keselamatan petroleum serantau, serta keperluan memperluas jaringan kerjasama strategik termasuk menerusi ASEAN-GCC-China demi menjamin daya tahan tenaga jangka panjang. Dalam soal keterjaminan makanan pula, ASEAN perlu bertindak lebih tuntas melalui penyelarasan stok kecemasan makanan dan pengukuhan mekanisme simpanan beras APTERR agar rantau ini tidak terus terdedah kepada inflasi makanan dan gangguan bekalan.

Pada masa yang sama, keselamatan warga ASEAN di kawasan bergolak turut menjadi keutamaan bersama. Kita mesti memperhebat perkongsian maklumat, kerjasama diplomatik dan mekanisme tindak balas kecemasan demi melindungi kebajikan rakyat ASEAN di luar negara. Walhasil, ASEAN harus terus kekal sebagai wahana kestabilan, keterangkuman dan daya tahan serantau dalam dunia yang semakin berantakan dan terpecah dengan persaingan geopolitik.

#MalaysiaMADANI 
#YakinMADANI 
#ASEAN48",Fri May 08 06:24:22 +0000 2026,anwaribrahim,Malaysia,True,148,58,"Malaysia menegaskan komitmen teguh untuk terus memperkukuh kesepaduan ASEAN dalam mendepani tantangan global yang semakin meruncing, khususnya krisis geopolitik yang memberi kesan langsung terhadap aspek keterjaminan tenaga dan makanan serta kestabilan rantaian bekalan serantau. Dalam Sidang Kemuncak ASEAN ke-48 hari ini, saya menekankan bahawa tiada negara mampu menghadapi kemelut ini secara bersendirian, justeru kerjasama kolektif dan perpaduan serantau yang berpaksi pada solidariti ASEAN mesti terus diperkasa. Malaysia turut menyuarakan dukungan terhadap pemacuan ASEAN Power Grid, pengukuhan mekanisme keselamatan petroleum serantau, serta keperluan memperluas jaringan kerjasama strategik termasuk menerusi ASEAN-GCC-China demi menjamin daya tahan tenaga jangka panjang. Dalam soal keterjaminan makanan pula, ASEAN perlu bertindak lebih tuntas melalui penyelarasan stok kecemasan makanan dan pengukuhan mekanisme simpanan beras APTERR agar rantau ini tidak terus terdedah kepada inflasi makanan dan gangguan bekalan. Pada masa yang sama, keselamatan warga ASEAN di kawasan bergolak turut menjadi keutamaan bersama. Kita mesti memperhebat perkongsian maklumat, kerjasama diplomatik dan mekanisme tindak balas kecemasan demi melindungi kebajikan rakyat ASEAN di luar negara. Walhasil, ASEAN harus terus kekal sebagai wahana kestabilan, keterangkuman dan daya tahan serantau dalam dunia yang semakin berantakan dan terpecah dengan persaingan geopolitik. #MalaysiaMADANI #YakinMADANI #ASEAN48"
inflation,2051897955108741603,"Ada juga terfikir, pada peringkat mana Kerajaan Malaysia akan mula berbelanja lebih (defisit lebih tinggi) untuk bantu sektor yang terjejas dengan krisis bekalan hari ini. 

Agak jelas Kerajaan masih menyasarkan nisbah defisit 3.5% kepada KDNK seperti dibentangkan dalam belanjawan 2026. 

Penghalang kepada pakej rangsangan adalah inflasi sebab krisis harini adalah krisis bekalan yang menyebabkan kejutan bekalan manakala permintaan masih belum menunjukkan tanda-tanda akan perlahan. 

Sebarang pakej rangsangan melalui pinjaman berskala besar macam Thailand buat akan meningkatkan kadar inflasi yang sudah mula menunjukkan tekanan. 

Ini yang berlaku pada tahun 2022, harga komoditi termasuk minyak meningkat, subsidi pukal dikekalkan, pent-up demand, perbelanjaan Kerajaan terus berkembang menggunakan dana Covid-19 dan pinjaman/hutang dan inflasi melonjak. 

Bantuan secara bersasar seperti sekarang lebih berkesan berbanding blanket stimulus package.",Wed May 06 05:32:49 +0000 2026,syahir,Malaysia,True,65,35,"Ada juga terfikir, pada peringkat mana Kerajaan Malaysia akan mula berbelanja lebih (defisit lebih tinggi) untuk bantu sektor yang terjejas dengan krisis bekalan hari ini. Agak jelas Kerajaan masih menyasarkan nisbah defisit 3.5% kepada KDNK seperti dibentangkan dalam belanjawan 2026. Penghalang kepada pakej rangsangan adalah inflasi sebab krisis harini adalah krisis bekalan yang menyebabkan kejutan bekalan manakala permintaan masih belum menunjukkan tanda-tanda akan perlahan. Sebarang pakej rangsangan melalui pinjaman berskala besar macam Thailand buat akan meningkatkan kadar inflasi yang sudah mula menunjukkan tekanan. Ini yang berlaku pada tahun 2022, harga komoditi termasuk minyak meningkat, subsidi pukal dikekalkan, pent-up demand, perbelanjaan Kerajaan terus berkembang menggunakan dana Covid-19 dan pinjaman/hutang dan inflasi melonjak. Bantuan secara bersasar seperti sekarang lebih berkesan berbanding blanket stimulus package."
cost_of_living,2091396494301491606,"Minyak Masak Makin Mudah Ditemui, Inilah Hasil Reformasi – Fuziah Salleh

Oleh Mynewshub

KUALA LUMPUR – Timbalan Menteri Perdagangan Dalam Negeri dan Kos Sara Hidup (KPDN), Datuk Dr Fuziah Salleh menyifatkan bekalan minyak masak paket bersubsidi yang kini lebih mudah ditemui sebagai antara hasil reformasi yang dapat dirasai rakyat.

Beliau berkata, perkara itu berdasarkan perkongsian seorang pengguna yang mendakwa minyak masak paket bersubsidi sebelum ini sukar diperoleh, namun kini stoknya lebih mudah ditemui di pasaran.

“Katanya, kalau dahulu memang susah hendak mendapatkan minyak masak ini, sekarang pergi ke mana-mana pun, insya-Allah stok lebih mudah ditemui.

“Inilah Reformasi yang kita mahu rakyat rasai,” katanya menerusi satu hantaran di media sosial.

Menurut Fuziah, KPDN memperkenalkan sistem eCOSS dan Mobile eCOSS bagi memantau pengedaran minyak masak paket bersubsidi dengan lebih menyeluruh, bermula daripada rantaian bekalan sehingga sampai kepada pengguna.

Katanya, berdasarkan perbandingan antara Januari hingga April 2025 dengan tempoh sama pada 2026, aduan berkaitan kegiatan menyorok stok mencatatkan penurunan sebanyak 66.15 peratus.

Dalam tempoh sama, aduan kurang atau tiada bekalan turun 24.47 peratus, penjualan bersyarat menurun 6.19 peratus manakala aduan peniaga enggan menjual berkurangan 1.15 peratus.

Fuziah berkata, Mobile eCOSS turut menggunakan eKYC dan MyDigital ID bagi mengesahkan identiti pengguna, manakala sejak 1 Mac 2026, pembelian minyak masak paket bersubsidi hanya dibenarkan kepada warganegara Malaysia.

Menurutnya, sehingga 3 Julai lalu, lebih 5.2 juta rakyat Malaysia telah berdaftar menggunakan Mobile eCOSS.

“Bagi saya, ukuran kejayaan sesuatu dasar bukan sekadar pada sistem atau angka, tetapi apabila rakyat sendiri mula merasakan bekalan lebih mudah diperoleh.

“Kita akan terus memperkemas pemantauan supaya minyak masak paket bersubsidi ini benar-benar sampai kepada rakyat Malaysia yang berhak,” katanya. - MYNEWSHUB 

Sumber Info/Foto: Akaun Media Sosial Fuziah Salleh",Sun Aug 23 05:25:55 +0000 2026,mynewshub,Malaysia,True,9,4,"Minyak Masak Makin Mudah Ditemui, Inilah Hasil Reformasi – Fuziah Salleh Oleh Mynewshub KUALA LUMPUR – Timbalan Menteri Perdagangan Dalam Negeri dan Kos Sara Hidup (KPDN), Datuk Dr Fuziah Salleh menyifatkan bekalan minyak masak paket bersubsidi yang kini lebih mudah ditemui sebagai antara hasil reformasi yang dapat dirasai rakyat. Beliau berkata, perkara itu berdasarkan perkongsian seorang pengguna yang mendakwa minyak masak paket bersubsidi sebelum ini sukar diperoleh, namun kini stoknya lebih mudah ditemui di pasaran. “Katanya, kalau dahulu memang susah hendak mendapatkan minyak masak ini, sekarang pergi ke mana-mana pun, insya-Allah stok lebih mudah ditemui. “Inilah Reformasi yang kita mahu rakyat rasai,” katanya menerusi satu hantaran di media sosial. Menurut Fuziah, KPDN memperkenalkan sistem eCOSS dan Mobile eCOSS bagi memantau pengedaran minyak masak paket bersubsidi dengan lebih menyeluruh, bermula daripada rantaian bekalan sehingga sampai kepada pengguna. Katanya, berdasarkan perbandingan antara Januari hingga April 2025 dengan tempoh sama pada 2026, aduan berkaitan kegiatan menyorok stok mencatatkan penurunan sebanyak 66.15 peratus. Dalam tempoh sama, aduan kurang atau tiada bekalan turun 24.47 peratus, penjualan bersyarat menurun 6.19 peratus manakala aduan peniaga enggan menjual berkurangan 1.15 peratus. Fuziah berkata, Mobile eCOSS turut menggunakan eKYC dan MyDigital ID bagi mengesahkan identiti pengguna, manakala sejak 1 Mac 2026, pembelian minyak masak paket bersubsidi hanya dibenarkan kepada warganegara Malaysia. Menurutnya, sehingga 3 Julai lalu, lebih 5.2 juta rakyat Malaysia telah berdaftar menggunakan Mobile eCOSS. “Bagi saya, ukuran kejayaan sesuatu dasar bukan sekadar pada sistem atau angka, tetapi apabila rakyat sendiri mula merasakan bekalan lebih mudah diperoleh. “Kita akan terus memperkemas pemantauan supaya minyak masak paket bersubsidi ini benar-benar sampai kepada rakyat Malaysia yang berhak,” katanya. - MYNEWSHUB Sumber Info/Foto: Akaun Media Sosial Fuziah Salleh"
cost_of_living,2089371806763470907,"Perhimpunan Agung UMNO 2026 Perlu Ambil Keputusan Berani Selepas Diserang PKR, DAP 

Oleh Mynewshub 

KUALA LUMPUR - UMNO perlu mempunyai keberanian untuk membuat keputusan yang besar dan penting dalam Perhimpunan Agung UMNO (PAU) 2026.

Exco Pemuda UMNO, Muhamad Nur Aizat Noor Azam berkata, UMNO perlu buat keputusan berani demi maruah parti selepas dihentam oleh Parti Keadilan Rakyat (PKR) dan DAP.

'Keputusan yang mendengar suara ahli dan akar umbi. Dan yang paling penting keputusan yang mengambil kira perubahan sentimen orang Melayu dan Islam yang saya lihat semakin kembali mendekati UMNO.

""Keputusan pilihan raya di Johor dan Negeri Sembilan telah menghantar isyarat yang cukup jelas. Momentum ini jangan disia-siakan,"" katanya dalam satu hantaran di media sosial.

Terdahulu, Muhamad Nur Aizat berkata, UMNO dihentam, dikritik dan diserang oleh jurucakap DAP dan PKR, namun mereka masih memilih untuk terus kekal dalam kerajaan.

Kata beliau, ia bermaksud UMNO boleh dihentam, dikritik dan dipersalahkan, tetapi apabila sampai soal kelangsungan kerajaan UMNO diperlukan.

Dalam pada itu, katanya, PAU 2026 perlu membuat keputusan berani demi rakyat yang semakin penat mendengar slogan dan propaganda politik.

""Kos sara hidup masih menghimpit. Harga barang terus menjadi keluhan. Kehidupan rakyat semakin mencabar.

""Malah sekarang pergerakan harian pun terpaksa dikira dan dikawal kerana kuota subsidi minyak yang tidak mencukupi bagi sebahagian rakyat,"" katanya. 

Dalam keadaan seperti itu, kata beliau, UMNO perlu kembali menjadi suara rakyat, bukan semata-mata memikirkan bagaimana mahu terus berada dalam kerajaan.

""Apakah kedudukan dan hala tuju yang terbaik untuk UMNO, untuk orang Melayu dan Islam serta untuk rakyat Malaysia keseluruhannya?

""Kalau parti lain boleh bermesyuarat, berbahas dan membuat keputusan mengenai kedudukan mereka dalam kerajaan, UMNO juga berhak menilai kedudukan dan hala tujunya sendiri.

""Demi maruah UMNO. Demi perjuangan yang kita warisi. Dan demi mengembalikan keyakinan rakyat kepada parti ini. Kita nantikan 9 hingga 12 September ini.

""Mungkin PAU 2026 masanya untuk UMNO membuat satu keputusan besar demi maruah parti, demi suara akar umbi dan demi mengembalikan keyakinan orang Melayu kepada UMNO,"" katanya. - MYNEWSHUB 

Sumber Info/Foto: Akaun Media Sosial Aizat Reko",Mon Aug 17 15:20:32 +0000 2026,mynewshub,Malaysia,True,13,4,"Perhimpunan Agung UMNO 2026 Perlu Ambil Keputusan Berani Selepas Diserang PKR, DAP Oleh Mynewshub KUALA LUMPUR - UMNO perlu mempunyai keberanian untuk membuat keputusan yang besar dan penting dalam Perhimpunan Agung UMNO (PAU) 2026. Exco Pemuda UMNO, Muhamad Nur Aizat Noor Azam berkata, UMNO perlu buat keputusan berani demi maruah parti selepas dihentam oleh Parti Keadilan Rakyat (PKR) dan DAP. 'Keputusan yang mendengar suara ahli dan akar umbi. Dan yang paling penting keputusan yang mengambil kira perubahan sentimen orang Melayu dan Islam yang saya lihat semakin kembali mendekati UMNO. ""Keputusan pilihan raya di Johor dan Negeri Sembilan telah menghantar isyarat yang cukup jelas. Momentum ini jangan disia-siakan,"" katanya dalam satu hantaran di media sosial. Terdahulu, Muhamad Nur Aizat berkata, UMNO dihentam, dikritik dan diserang oleh jurucakap DAP dan PKR, namun mereka masih memilih untuk terus kekal dalam kerajaan. Kata beliau, ia bermaksud UMNO boleh dihentam, dikritik dan dipersalahkan, tetapi apabila sampai soal kelangsungan kerajaan UMNO diperlukan. Dalam pada itu, katanya, PAU 2026 perlu membuat keputusan berani demi rakyat yang semakin penat mendengar slogan dan propaganda politik. ""Kos sara hidup masih menghimpit. Harga barang terus menjadi keluhan. Kehidupan rakyat semakin mencabar. ""Malah sekarang pergerakan harian pun terpaksa dikira dan dikawal kerana kuota subsidi minyak yang tidak mencukupi bagi sebahagian rakyat,"" katanya. Dalam keadaan seperti itu, kata beliau, UMNO perlu kembali menjadi suara rakyat, bukan semata-mata memikirkan bagaimana mahu terus berada dalam kerajaan. ""Apakah kedudukan dan hala tuju yang terbaik untuk UMNO, untuk orang Melayu dan Islam serta untuk rakyat Malaysia keseluruhannya? ""Kalau parti lain boleh bermesyuarat, berbahas dan membuat keputusan mengenai kedudukan mereka dalam kerajaan, UMNO juga berhak menilai kedudukan dan hala tujunya sendiri. ""Demi maruah UMNO. Demi perjuangan yang kita warisi. Dan demi mengembalikan keyakinan rakyat kepada parti ini. Kita nantikan 9 hingga 12 September ini. ""Mungkin PAU 2026 masanya untuk UMNO membuat satu keputusan besar demi maruah parti, demi suara akar umbi dan demi mengembalikan keyakinan orang Melayu kepada UMNO,"" katanya. - MYNEWSHUB Sumber Info/Foto: Akaun Media Sosial Aizat Reko"
cost_of_living,2088185254712676518,"Untung bersih suku kedua Affin Bank susut kepada RM127.52 juta

#BHbisnes Konflik AS-Iran meningkatkan tekanan kos sara hidup di Malaysia dan menghimpit sentimen serta perbelanjaan pengguna.

https://t.co/bNjDpP9sln",Fri Aug 14 08:45:35 +0000 2026,bharianmy,Malaysia,True,0,0,Untung bersih suku kedua Affin Bank susut kepada RM127.52 juta #BHbisnes Konflik AS-Iran meningkatkan tekanan kos sara hidup di Malaysia dan menghimpit sentimen serta perbelanjaan pengguna.
cost_of_living,2077763692905763063,"Kerajaan tiada rancangan ubah harga RON95 bersubsidi pada kadar RM1.99 seliter

#BHbisnes Selaras dengan penegasan Perdana Menteri, kerajaan tidak  bercadang menaikkan harga minyak ketika rakyat masih berdepan ketidaktentuan bekalan global, tekanan kos sara hidup. 

https://t.co/JS4Q1RHBZP",Thu Jul 16 14:34:02 +0000 2026,bharianmy,Malaysia,True,1,1,"Kerajaan tiada rancangan ubah harga RON95 bersubsidi pada kadar RM1.99 seliter #BHbisnes Selaras dengan penegasan Perdana Menteri, kerajaan tidak bercadang menaikkan harga minyak ketika rakyat masih berdepan ketidaktentuan bekalan global, tekanan kos sara hidup."
cost_of_living,2069212482535907498,"#BeritaFMT Konflik Asia Barat belum reda walaupun ada perjanjian damai baharu. Mengapa harga minyak masih boleh naik dan kesan kepada kos sara hidup?

Artikel Penuh: https://t.co/Z31nkwnusL",Tue Jun 23 00:14:34 +0000 2026,fmtoday,Malaysia,True,1,0,#BeritaFMT Konflik Asia Barat belum reda walaupun ada perjanjian damai baharu. Mengapa harga minyak masih boleh naik dan kesan kepada kos sara hidup? Artikel Penuh:
cost_of_living,2068939704775635343,"Pengguna diesel Sabah menyambut baik penurunan harga minyak kerana mampu mengurangkan kos sara hidup dan harga barangan

Berita selanjutnya di ruangan komen

#themalaysiapress #taatsetia #bangsamalaysia #informasiberfaktamembukaminda https://t.co/FFpAZpNI74",Mon Jun 22 06:10:39 +0000 2026,TMPNews_,Malaysia,True,7,1,Pengguna diesel Sabah menyambut baik penurunan harga minyak kerana mampu mengurangkan kos sara hidup dan harga barangan Berita selanjutnya di ruangan komen #themalaysiapress #taatsetia #bangsamalaysia #informasiberfaktamembukaminda
cost_of_living,2066422236203135192,"Dua bulan lalu, Kerajaan Negeri Selangor telah mengumumkan Pakej Pengukuhan Daya Tahan Selangor (PPDTS) Fasa 1 sebagai langkah proaktif dalam menghadapi ketidaktentuan ekonomi dan geopolitik susulan konflik yang berlaku di Timur Tengah.

Pakej ini dirangka hasil siri perbincangan dan sesi libat urus yang bermula pada 1 April lalu bersama pakar-pakar dalam bidang sosioekonomi, geopolitik, industri dan tenaga bagi menilai impak semasa serta mengenal pasti langkah intervensi yang bersesuaian untuk rakyat dan ekonomi negeri.

Pada peringkat awal, sebanyak RM140 juta diperuntukkan bagi melaksanakan tujuh program utama yang disusun untuk membantu meringankan kos sara hidup, memperkukuh keterjaminan bekalan makanan serta meningkatkan daya tahan ekonomi negeri.

Keputusan ini turut mengambil kira konteks unik Malaysia yang berjaya mengekalkan kestabilan ekonomi hasil pelbagai langkah dan strategi yang dilaksanakan oleh Kerajaan Persekutuan, sekali gus menampan kesan krisis global daripada memberi impak yang lebih besar kepada rakyat.

Alhamdulillah, hari ini PPDTS Fasa 1 telah dilancarkan secara rasmi. Semoga segala inisiatif yang diperkenalkan dapat dimanfaatkan sebaiknya oleh rakyat dan menjadi antara ikhtiar penting dalam memastikan kesejahteraan, kestabilan ekonomi serta ketahanan Selangor terus terpelihara, insya-Allah.

Layari laman sesawang https://t.co/xqP8wNGcFJ untuk maklumat lanjut.

#KitaSelangor",Mon Jun 15 07:27:08 +0000 2026,AmirudinShari,"Gombak, Selangor",True,18,7,"Dua bulan lalu, Kerajaan Negeri Selangor telah mengumumkan Pakej Pengukuhan Daya Tahan Selangor (PPDTS) Fasa 1 sebagai langkah proaktif dalam menghadapi ketidaktentuan ekonomi dan geopolitik susulan konflik yang berlaku di Timur Tengah. Pakej ini dirangka hasil siri perbincangan dan sesi libat urus yang bermula pada 1 April lalu bersama pakar-pakar dalam bidang sosioekonomi, geopolitik, industri dan tenaga bagi menilai impak semasa serta mengenal pasti langkah intervensi yang bersesuaian untuk rakyat dan ekonomi negeri. Pada peringkat awal, sebanyak RM140 juta diperuntukkan bagi melaksanakan tujuh program utama yang disusun untuk membantu meringankan kos sara hidup, memperkukuh keterjaminan bekalan makanan serta meningkatkan daya tahan ekonomi negeri. Keputusan ini turut mengambil kira konteks unik Malaysia yang berjaya mengekalkan kestabilan ekonomi hasil pelbagai langkah dan strategi yang dilaksanakan oleh Kerajaan Persekutuan, sekali gus menampan kesan krisis global daripada memberi impak yang lebih besar kepada rakyat. Alhamdulillah, hari ini PPDTS Fasa 1 telah dilancarkan secara rasmi. Semoga segala inisiatif yang diperkenalkan dapat dimanfaatkan sebaiknya oleh rakyat dan menjadi antara ikhtiar penting dalam memastikan kesejahteraan, kestabilan ekonomi serta ketahanan Selangor terus terpelihara, insya-Allah. Layari laman sesawang untuk maklumat lanjut. #KitaSelangor"
cost_of_living,2064922854844662057,"Ketika negara berdepan risiko gangguan bekalan minyak, bukan harga minyak saja yang naik, kos sara hidup pun makin tinggi. Persoalannya, adakah subsidi sekadar menutup masalah sementara? Jika mahu bersedia untuk masa depan, adakah strategi kita benar-benar mencukupi? https://t.co/UnUcypKdhr",Thu Jun 11 04:09:07 +0000 2026,MalaysiaMdk,malaysia,True,529,99,"Ketika negara berdepan risiko gangguan bekalan minyak, bukan harga minyak saja yang naik, kos sara hidup pun makin tinggi. Persoalannya, adakah subsidi sekadar menutup masalah sementara? Jika mahu bersedia untuk masa depan, adakah strategi kita benar-benar mencukupi?"
cost_of_living,2064599986843853146,"Ketegangan geopolitik dunia bukan sahaja menjejaskan negara terlibat, malah turut memberi kesan kepada Malaysia melalui kenaikan harga minyak, gangguan rantaian bekalan dan kos sara hidup yang semakin mencabar. ⛽📦💰

#RancakkanMADANI
#MADANIBekerja
#TaatSetia
#JabatanPenerangan https://t.co/WfBh218aZq",Wed Jun 10 06:46:09 +0000 2026,JPenerangan,Wilayah Persekutuan Putrajaya,True,80,67,"Ketegangan geopolitik dunia bukan sahaja menjejaskan negara terlibat, malah turut memberi kesan kepada Malaysia melalui kenaikan harga minyak, gangguan rantaian bekalan dan kos sara hidup yang semakin mencabar. ⛽📦💰 #RancakkanMADANI #MADANIBekerja #TaatSetia #JabatanPenerangan"
cost_of_living,2064329037196198272,"Hari ini, saya mempengerusikan Mesyuarat Majlis Penasihat Perpaduan Negara (MPPN) Bilangan 1 Tahun 2026.

Pada masa ini, kita melihat dunia diuji oleh ketegangan geopolitik di Asia Barat. Impak daripada krisis ini tidak terhad kepada sempadan negara tersebut sahaja, malah Malaysia turut terkesan terutamanya dalam bentuk peningkatan harga minyak, gangguan rantaian bekalan dan kos sara hidup yang semakin mencabar. 

Kenaikan harga barang dan tekanan kos harian ini menimbulkan keresahan dan kebimbangan dalam kalangan masyarakat. Namun, kita harus memastikan bahawa tekanan ekonomi ini tidak menghakis ikatan perpaduan masyarakat. 

Majlis ini turut berperanan untuk membawa naratif yang tepat kepada rakyat bagi membetulkan persepsi rakyat yang salah, menenangkan keadaan dan menggalakkan masyarakat agar tidak mudah terpengaruh dengan provokasi media sosial akibat tekanan ekonomi.

Hasil perbincangan Mesyuarat MPPN ini akan diangkat untuk makluman dan persetujuan Jemaah Menteri dalam masa terdekat.

Saya juga menyeru kepada semua Ahli Majlis untuk terus bekerjasama rapat dengan pihak KPN. Komitmen padu semua Ahli MPPN dapat menyokong dan memperkukuh peranan KPN demi memelihara keharmonian serta keutuhan integrasi nasional.

#PETRA 
#MalaysiaMadani
#MadaniBekerja

Kuala Lumpur l 9 Jun 2026 l Selasa",Tue Jun 09 12:49:30 +0000 2026,PetraJayaMP,Malaysia,True,8,3,"Hari ini, saya mempengerusikan Mesyuarat Majlis Penasihat Perpaduan Negara (MPPN) Bilangan 1 Tahun 2026. Pada masa ini, kita melihat dunia diuji oleh ketegangan geopolitik di Asia Barat. Impak daripada krisis ini tidak terhad kepada sempadan negara tersebut sahaja, malah Malaysia turut terkesan terutamanya dalam bentuk peningkatan harga minyak, gangguan rantaian bekalan dan kos sara hidup yang semakin mencabar. Kenaikan harga barang dan tekanan kos harian ini menimbulkan keresahan dan kebimbangan dalam kalangan masyarakat. Namun, kita harus memastikan bahawa tekanan ekonomi ini tidak menghakis ikatan perpaduan masyarakat. Majlis ini turut berperanan untuk membawa naratif yang tepat kepada rakyat bagi membetulkan persepsi rakyat yang salah, menenangkan keadaan dan menggalakkan masyarakat agar tidak mudah terpengaruh dengan provokasi media sosial akibat tekanan ekonomi. Hasil perbincangan Mesyuarat MPPN ini akan diangkat untuk makluman dan persetujuan Jemaah Menteri dalam masa terdekat. Saya juga menyeru kepada semua Ahli Majlis untuk terus bekerjasama rapat dengan pihak KPN. Komitmen padu semua Ahli MPPN dapat menyokong dan memperkukuh peranan KPN demi memelihara keharmonian serta keutuhan integrasi nasional. #PETRA #MalaysiaMadani #MadaniBekerja Kuala Lumpur l 9 Jun 2026 l Selasa"
cost_of_living,2064317054141038978,"Seleweng Diesel Subsidi Tumpas, Nilai Sitaan Cecah RM2 Juta #mgflash

Kegiatan penyelewengan minyak diesel bersudsidi secara haram berjaya ditumpaskan di sebuah premis di Teluk Panglima Garang, Kuala Langat  dalam serbuan Ops Tiris 4.0, semalam.

Operasi sekitar jam 5 petang ke atas premis tanpa nombor itu dijalankan Kementerian Perdagangan Dalam Negeri dan Kos Sara Hidup (KPDN) Selangor berdasarkan risikan dua minggu yang dilakukan.

#malaysiagazette
#selewengdiesel",Tue Jun 09 12:01:53 +0000 2026,MalaysiaGazette,Kuala Lumpur,True,7,8,"Seleweng Diesel Subsidi Tumpas, Nilai Sitaan Cecah RM2 Juta #mgflash Kegiatan penyelewengan minyak diesel bersudsidi secara haram berjaya ditumpaskan di sebuah premis di Teluk Panglima Garang, Kuala Langat dalam serbuan Ops Tiris 4.0, semalam. Operasi sekitar jam 5 petang ke atas premis tanpa nombor itu dijalankan Kementerian Perdagangan Dalam Negeri dan Kos Sara Hidup (KPDN) Selangor berdasarkan risikan dua minggu yang dilakukan. #malaysiagazette #selewengdiesel"
cost_of_living,2063626261034098960,"𝗠𝗔𝗟𝗔𝗬𝗦𝗜𝗔 𝗦𝗘𝗥𝗧𝗔𝗜 𝗠𝗘𝗦𝗬𝗨𝗔𝗥𝗔𝗧 𝗢𝗣𝗘𝗖 𝗗𝗔𝗡 𝗢𝗣𝗘𝗖+ 𝗞𝗔𝗟𝗜 𝗞𝗘-𝟰𝟭

YB Tn Hj. Akmal Nasrullah Hj Mohd Nasir, Menteri Ekonomi mengetuai delegasi Malaysia ke Mesyuarat Peringkat Menteri Pertubuhan Negara Pengeksport Petroleum (OPEC) dan Bukan OPEC (OPEC+) Ke-41 bersama 21 buah negara lain yang berlangsung secara dalam talian malam ini.

1. Memperkukuh Kestabilan Pasaran Minyak Global

Mesyuarat berkala ini menjadi platform penting untuk membincangkan perkembangan pengeluaran minyak mentah dalam kalangan negara pengeluar OPEC dan OPEC+.

Penyertaan Malaysia dalam mesyuarat OPEC+ sejak Disember 2016 mencerminkan komitmen negara untuk terus mengikuti perkembangan pasaran tenaga global, khususnya dalam suasana ketidaktentuan geopolitik semasa susulan konflik di Eropah dan Asia Barat.

Perkembangan ini memberi kesan langsung kepada kestabilan pasaran minyak dunia, pergerakan harga minyak mentah seterusnya mempengaruhi pendapatan negara, kedudukan fiskal Kerajaan dan kos sara hidup rakyat.

2. Kepentingan kepada Ekonomi dan Fiskal Negara

Peranan OPEC kekal penting dalam membantu mengimbangi bekalan dan permintaan pasaran minyak dunia, selain memastikan paras harga minyak yang lebih stabil dan munasabah.

Malaysia berpandangan bahawa tindakan kolektif OPEC+ adalah penting bagi menyokong kestabilan pasaran tenaga global, di samping memastikan keputusan yang dibuat mengambil kira perkembangan semasa ekonomi dunia dan kepentingan negara pengeluar.

Delegasi Malaysia turut disertai oleh Ketua Setiausaha Kementerian Ekonomi, pegawai-pegawai kanan kementerian, Kedutaan Besar Malaysia di Austria dan PETRONAS.

#KementerianEkonomi
#OPEC
#OPECPlus
#Tenaga
#EkonomiMADANI",Sun Jun 07 14:16:55 +0000 2026,EkonomiMalaysia,Putrajaya Federal Territory,True,6,2,"𝗠𝗔𝗟𝗔𝗬𝗦𝗜𝗔 𝗦𝗘𝗥𝗧𝗔𝗜 𝗠𝗘𝗦𝗬𝗨𝗔𝗥𝗔𝗧 𝗢𝗣𝗘𝗖 𝗗𝗔𝗡 𝗢𝗣𝗘𝗖+ 𝗞𝗔𝗟𝗜 𝗞𝗘-𝟰𝟭 YB Tn Hj. Akmal Nasrullah Hj Mohd Nasir, Menteri Ekonomi mengetuai delegasi Malaysia ke Mesyuarat Peringkat Menteri Pertubuhan Negara Pengeksport Petroleum (OPEC) dan Bukan OPEC (OPEC+) Ke-41 bersama 21 buah negara lain yang berlangsung secara dalam talian malam ini. 1. Memperkukuh Kestabilan Pasaran Minyak Global Mesyuarat berkala ini menjadi platform penting untuk membincangkan perkembangan pengeluaran minyak mentah dalam kalangan negara pengeluar OPEC dan OPEC+. Penyertaan Malaysia dalam mesyuarat OPEC+ sejak Disember 2016 mencerminkan komitmen negara untuk terus mengikuti perkembangan pasaran tenaga global, khususnya dalam suasana ketidaktentuan geopolitik semasa susulan konflik di Eropah dan Asia Barat. Perkembangan ini memberi kesan langsung kepada kestabilan pasaran minyak dunia, pergerakan harga minyak mentah seterusnya mempengaruhi pendapatan negara, kedudukan fiskal Kerajaan dan kos sara hidup rakyat. 2. Kepentingan kepada Ekonomi dan Fiskal Negara Peranan OPEC kekal penting dalam membantu mengimbangi bekalan dan permintaan pasaran minyak dunia, selain memastikan paras harga minyak yang lebih stabil dan munasabah. Malaysia berpandangan bahawa tindakan kolektif OPEC+ adalah penting bagi menyokong kestabilan pasaran tenaga global, di samping memastikan keputusan yang dibuat mengambil kira perkembangan semasa ekonomi dunia dan kepentingan negara pengeluar. Delegasi Malaysia turut disertai oleh Ketua Setiausaha Kementerian Ekonomi, pegawai-pegawai kanan kementerian, Kedutaan Besar Malaysia di Austria dan PETRONAS. #KementerianEkonomi #OPEC #OPECPlus #Tenaga #EkonomiMADANI"
cost_of_living,2063625090928136572,"Kita terus jaga kepentingan Malaysia, pastikan bekalan minyak negara kekal stabil 💪🏻💪🏻💪🏻

Seperti yang saya kongsi semalam, malam ini saya mengetuai delegasi Malaysia ke Mesyuarat Peringkat Menteri Pertubuhan Negara-Negara Pengeksport Petroleum (OPEC) bersama 21 buah negara lain yang dijalankan secara atas talian.

Bila konflik geopolitik di Asia Barat tak surut, maka kita perlu ambil serius bagi setiap kesannya kepada rakyat biasa. Ketidaktentuan yang berpanjangan di rantau tersebut bukan sahaja menjejaskan kestabilan politik dan keselamatan global, malah turut memberi kesan langsung kepada pasaran tenaga dunia, khususnya harga minyak mentah.

Penglibatan Malaysia amat penting bagi memastikan Malaysia seiring dengan perkembangan semasa serta hala tuju pasaran minyak global. 

Konflik yang berterusan di Eropah dan Asia Barat berpotensi mencetuskan turun naik harga minyak yang boleh menjejaskan pendapatan negara, kedudukan fiskal dan kos sara hidup rakyat.

Kita perlu memastikan keseimbangan antara bekalan dan permintaan minyak dunia. Melalui kerjasama negara-negara pengeluar minyak, OPEC berusaha mengekalkan kestabilan pasaran serta menyokong paras harga yang munasabah dan mampan.

Delegasi Malaysia ke mesyuarat ini turut dihadiri pegawai-pegawai kanan Kementerian Ekonomi, Kedutaan Besar Malaysia di Austria dan pengurusan PETRONAS.",Sun Jun 07 14:12:16 +0000 2026,akmalnasir,"Johor Bahru, Johor",True,99,27,"Kita terus jaga kepentingan Malaysia, pastikan bekalan minyak negara kekal stabil 💪🏻💪🏻💪🏻 Seperti yang saya kongsi semalam, malam ini saya mengetuai delegasi Malaysia ke Mesyuarat Peringkat Menteri Pertubuhan Negara-Negara Pengeksport Petroleum (OPEC) bersama 21 buah negara lain yang dijalankan secara atas talian. Bila konflik geopolitik di Asia Barat tak surut, maka kita perlu ambil serius bagi setiap kesannya kepada rakyat biasa. Ketidaktentuan yang berpanjangan di rantau tersebut bukan sahaja menjejaskan kestabilan politik dan keselamatan global, malah turut memberi kesan langsung kepada pasaran tenaga dunia, khususnya harga minyak mentah. Penglibatan Malaysia amat penting bagi memastikan Malaysia seiring dengan perkembangan semasa serta hala tuju pasaran minyak global. Konflik yang berterusan di Eropah dan Asia Barat berpotensi mencetuskan turun naik harga minyak yang boleh menjejaskan pendapatan negara, kedudukan fiskal dan kos sara hidup rakyat. Kita perlu memastikan keseimbangan antara bekalan dan permintaan minyak dunia. Melalui kerjasama negara-negara pengeluar minyak, OPEC berusaha mengekalkan kestabilan pasaran serta menyokong paras harga yang munasabah dan mampan. Delegasi Malaysia ke mesyuarat ini turut dihadiri pegawai-pegawai kanan Kementerian Ekonomi, Kedutaan Besar Malaysia di Austria dan pengurusan PETRONAS."
cost_of_living,2061372331428299122,"Daulat Tuanku: Bukti Kukuh Kestabilan Adalah Kunci Utama Masa Depan Anak-Anak Kita.

Kadang-kadang bila kita buka berita luar negara, perang meletus sana sini, iklim dunia makin melampau, dan harga barang sedunia naik mendadak, mesti terdetik rasa bimbang di hati kita, kan? ""Macam mana la masa depan anak-anak nanti? Boleh ke kita bertahan?""

Kerisauan tu sangat berasas dan anda tak sendirian. Kita bukan hidup di dalam buih yang kebal. Apabila dunia luar bergelora dengan tekanan ekonomi global dan perubahan teknologi yang pantas, tempiasnya pasti terasa sampai ke periuk nasi kita. Memang penat memikirkan cabaran kos sara hidup hari ini.

Tapi sedar tak, dalam diam, kita sangat beruntung kerana negara kita masih dipayungi payung kestabilan. Sempena Hari Keputeraan rasmi YDP Agong hari ini, PM Anwar Ibrahim mengingatkan kita kembali tentang kekuatan besar yang kita ada: Perpaduan dan Tata Kelola yang baik. 

Kerajaan faham akan beban yang digalas rakyat. Sebab itu, berpandukan titah ketat Tuanku untuk memerangi rasuah dan golongan yang membolot kekayaan, Kerajaan sedang bertungkus-lumus membina 'perisai' untuk kita:
✅ Mengemudi ribut ekonomi: Kadar pengangguran kita kekal rendah, dan pelabur asing kembali yakin mencurah dana ke dalam negara.
✅ Menyekat ketirisan wang negara: Penyasaran subsidi minyak dilakukan secara cermat supaya bantuan jatuh tepat ke tangan rakyat yang benar-benar memerlukan, bukan dibolot warga asing atau golongan maha kaya.
✅ Membuka peluang baharu: Reformasi dan transformasi digital sedang rancak berjalan demi menyediakan peluang pekerjaan yang lebih bermutu tinggi untuk anak muda kita.

Usaha membendung kos sara hidup ini memang dilakukan secara berperingkat dan berhemah. Ia bukan magis sekelip mata, tapi kerja keras nyata untuk memastikan perlindungan jangka panjang buat kita semua.

Selagi institusi Raja terus memayungi keamanan, dan Kerajaan kekal fokus menjaga kebajikan rakyat berbanding poket sendiri, kita berada di landasan yang betul. Jom sama-sama kita doakan keharmonian negara dan sokong usaha kestabilan ini. Malaysia ini rumah kita, kalau bukan kita yang teguhkan, siapa lagi? Daulat Tuanku! 🇲🇾✨

#daulattuanku #sultanibrahim #malaysiamadani #anwaribrahim",Mon Jun 01 09:00:36 +0000 2026,jasonyew,Kuala Lumpur,True,83,14,"Daulat Tuanku: Bukti Kukuh Kestabilan Adalah Kunci Utama Masa Depan Anak-Anak Kita. Kadang-kadang bila kita buka berita luar negara, perang meletus sana sini, iklim dunia makin melampau, dan harga barang sedunia naik mendadak, mesti terdetik rasa bimbang di hati kita, kan? ""Macam mana la masa depan anak-anak nanti? Boleh ke kita bertahan?"" Kerisauan tu sangat berasas dan anda tak sendirian. Kita bukan hidup di dalam buih yang kebal. Apabila dunia luar bergelora dengan tekanan ekonomi global dan perubahan teknologi yang pantas, tempiasnya pasti terasa sampai ke periuk nasi kita. Memang penat memikirkan cabaran kos sara hidup hari ini. Tapi sedar tak, dalam diam, kita sangat beruntung kerana negara kita masih dipayungi payung kestabilan. Sempena Hari Keputeraan rasmi YDP Agong hari ini, PM Anwar Ibrahim mengingatkan kita kembali tentang kekuatan besar yang kita ada: Perpaduan dan Tata Kelola yang baik. Kerajaan faham akan beban yang digalas rakyat. Sebab itu, berpandukan titah ketat Tuanku untuk memerangi rasuah dan golongan yang membolot kekayaan, Kerajaan sedang bertungkus-lumus membina 'perisai' untuk kita: ✅ Mengemudi ribut ekonomi: Kadar pengangguran kita kekal rendah, dan pelabur asing kembali yakin mencurah dana ke dalam negara. ✅ Menyekat ketirisan wang negara: Penyasaran subsidi minyak dilakukan secara cermat supaya bantuan jatuh tepat ke tangan rakyat yang benar-benar memerlukan, bukan dibolot warga asing atau golongan maha kaya. ✅ Membuka peluang baharu: Reformasi dan transformasi digital sedang rancak berjalan demi menyediakan peluang pekerjaan yang lebih bermutu tinggi untuk anak muda kita. Usaha membendung kos sara hidup ini memang dilakukan secara berperingkat dan berhemah. Ia bukan magis sekelip mata, tapi kerja keras nyata untuk memastikan perlindungan jangka panjang buat kita semua. Selagi institusi Raja terus memayungi keamanan, dan Kerajaan kekal fokus menjaga kebajikan rakyat berbanding poket sendiri, kita berada di landasan yang betul. Jom sama-sama kita doakan keharmonian negara dan sokong usaha kestabilan ini. Malaysia ini rumah kita, kalau bukan kita yang teguhkan, siapa lagi? Daulat Tuanku! 🇲🇾✨ #daulattuanku #sultanibrahim #malaysiamadani #anwaribrahim"
cost_of_living,2059461998040252808,"Diplomasi Matang PMX: Perisai Terbaik Rakyat di Lautan Bergelora 

Bayangkan perasaan keluarga pelaut kita. Berhari-hari berdebar menanti khabar dari Selat Hormuz tatkala ketegangan memuncak di Timur Tengah.

Kita di sini mungkin sekadar membaca berita tentang perang, serangan dron, dan konflik geopolitik di skrin telefon. Tapi bagi seorang bapa yang mencari rezeki di lautan luas, setiap detik ketegangan itu adalah soal hidup dan mati. Tambahan pula, laluan perdagangan maritim dan keselamatan tenaga negara kita amat bergantung kepada perairan strategik ini; jika ia bergelora, kos sara hidup kita di tanah air pasti terkesan.

Di sinilah kita melihat nilai sebenar seorang pemimpin yang dihormati di persada global. Perbualan telefon Datuk Seri Anwar Ibrahim dengan Presiden Iran, Dr Masoud Pezeshkian, bukan sekadar bertukar ucapan Aidilfitri. Ia membuahkan hasil nyata—menjamin pelepasan dan keselamatan kapal Malaysia di Selat Hormuz baru-baru ini.

Sementara negara-negara lain mungkin memilih jalan kekerasan, Kerajaan kita membuktikan bahawa diplomasi yang matang, hikmah, dan hubungan persahabatan mampu menjadi pelindung terbaik rakyat kita. Kelantangan dan pendirian konsisten PMX mengecam kekejaman pencerobohan, serta keberanian membela nasib mereka yang tidak berdosa, telah meletakkan nama Malaysia tinggi di mata dunia. Kita tidak tunduk, kita bersuara, dan kita dihormati.

Dalam dunia yang semakin tidak menentu, kita memerlukan seorang nakhoda yang tenang, berwibawa, dan pantas bertindak mempertahankan nyawa serta maruah negara. Mari kita terus bersatu hati, menyokong usaha penstabilan kerajaan ini, dan mendoakan kesejahteraan berterusan buat tanah air kita. Kestabilan negara bermula dari kebijaksanaan kepimpinannya. 

#diplomasipmx #malaysiamadani #anwaribrahim #keadilanuntuksemua",Wed May 27 02:29:37 +0000 2026,jasonyew,Kuala Lumpur,True,67,9,"Diplomasi Matang PMX: Perisai Terbaik Rakyat di Lautan Bergelora Bayangkan perasaan keluarga pelaut kita. Berhari-hari berdebar menanti khabar dari Selat Hormuz tatkala ketegangan memuncak di Timur Tengah. Kita di sini mungkin sekadar membaca berita tentang perang, serangan dron, dan konflik geopolitik di skrin telefon. Tapi bagi seorang bapa yang mencari rezeki di lautan luas, setiap detik ketegangan itu adalah soal hidup dan mati. Tambahan pula, laluan perdagangan maritim dan keselamatan tenaga negara kita amat bergantung kepada perairan strategik ini; jika ia bergelora, kos sara hidup kita di tanah air pasti terkesan. Di sinilah kita melihat nilai sebenar seorang pemimpin yang dihormati di persada global. Perbualan telefon Datuk Seri Anwar Ibrahim dengan Presiden Iran, Dr Masoud Pezeshkian, bukan sekadar bertukar ucapan Aidilfitri. Ia membuahkan hasil nyata—menjamin pelepasan dan keselamatan kapal Malaysia di Selat Hormuz baru-baru ini. Sementara negara-negara lain mungkin memilih jalan kekerasan, Kerajaan kita membuktikan bahawa diplomasi yang matang, hikmah, dan hubungan persahabatan mampu menjadi pelindung terbaik rakyat kita. Kelantangan dan pendirian konsisten PMX mengecam kekejaman pencerobohan, serta keberanian membela nasib mereka yang tidak berdosa, telah meletakkan nama Malaysia tinggi di mata dunia. Kita tidak tunduk, kita bersuara, dan kita dihormati. Dalam dunia yang semakin tidak menentu, kita memerlukan seorang nakhoda yang tenang, berwibawa, dan pantas bertindak mempertahankan nyawa serta maruah negara. Mari kita terus bersatu hati, menyokong usaha penstabilan kerajaan ini, dan mendoakan kesejahteraan berterusan buat tanah air kita. Kestabilan negara bermula dari kebijaksanaan kepimpinannya. #diplomasipmx #malaysiamadani #anwaribrahim #keadilanuntuksemua"
cost_of_living,2059256643200668114,"💫 Salam Aidiladha 1447H 💫

Aidiladha mengingatkan kita kepada kisah agung peristiwa pengorbanan Nabi Ibrahim AS dan anaknya, Nabi Ismail AS yang menguji ketaatan, keikhlasan dan keyakinan kepada Allah SWT dalam menghadapi ujian yang sangat besar. Ia memberi pengajaran bahawa setiap cabaran memerlukan kesabaran, pengorbanan dan kebersamaan untuk diharungi.

Allah SWT berfirman:
“Sesungguhnya bersama kesukaran itu ada kemudahan.” (Surah Al-Insyirah: 6)

Ketika ini, dunia sedang berdepan pelbagai ketidaktentuan akibat konflik geopolitik yang memberi kesan kepada bekalan tenaga, rantaian makanan dan kos sara hidup global. Dalam suasana mencabar ini, semangat Aidiladha tersebut perlu kita garap agar kekal tenang, saling membantu, berjimat cermat, dan mengutamakan kebersamaan demi kesejahteraan bersama.

Aidiladha juga mengingatkan kita bahawa kekuatan sebenar sesebuah negara bukan hanya pada kemajuan pembangunan, tetapi pada rakyatnya yang bersatu hati, saling peduli dan sanggup berkorban demi masa depan bersama. Alhamdulillah, Malaysia terus kekal aman dan stabil hasil usaha berterusan Kerajaan MADANI dalam memastikan kebajikan rakyat sentiasa terpelihara walaupun dunia luar sedang bergelora.

Buat para jemaah Malaysia yang sedang melaksanakan ibadah haji, saya mendoakan agar dipermudahkan segala urusan, dikurniakan haji mabrur dan semoga selamat pulang ke tanah air.

 Selamat Hari Raya Aidiladha. 🕋 

Ikhlas daripada,
Azalina Othman Said",Tue May 26 12:53:37 +0000 2026,AzalinaOthmanS,"Pengerang, Johor",True,12,3,"💫 Salam Aidiladha 1447H 💫 Aidiladha mengingatkan kita kepada kisah agung peristiwa pengorbanan Nabi Ibrahim AS dan anaknya, Nabi Ismail AS yang menguji ketaatan, keikhlasan dan keyakinan kepada Allah SWT dalam menghadapi ujian yang sangat besar. Ia memberi pengajaran bahawa setiap cabaran memerlukan kesabaran, pengorbanan dan kebersamaan untuk diharungi. Allah SWT berfirman: “Sesungguhnya bersama kesukaran itu ada kemudahan.” (Surah Al-Insyirah: 6) Ketika ini, dunia sedang berdepan pelbagai ketidaktentuan akibat konflik geopolitik yang memberi kesan kepada bekalan tenaga, rantaian makanan dan kos sara hidup global. Dalam suasana mencabar ini, semangat Aidiladha tersebut perlu kita garap agar kekal tenang, saling membantu, berjimat cermat, dan mengutamakan kebersamaan demi kesejahteraan bersama. Aidiladha juga mengingatkan kita bahawa kekuatan sebenar sesebuah negara bukan hanya pada kemajuan pembangunan, tetapi pada rakyatnya yang bersatu hati, saling peduli dan sanggup berkorban demi masa depan bersama. Alhamdulillah, Malaysia terus kekal aman dan stabil hasil usaha berterusan Kerajaan MADANI dalam memastikan kebajikan rakyat sentiasa terpelihara walaupun dunia luar sedang bergelora. Buat para jemaah Malaysia yang sedang melaksanakan ibadah haji, saya mendoakan agar dipermudahkan segala urusan, dikurniakan haji mabrur dan semoga selamat pulang ke tanah air. Selamat Hari Raya Aidiladha. 🕋 Ikhlas daripada, Azalina Othman Said"
cost_of_living,2057651426604839318,"Seleweng Diesel Bersubsidi Tumpas, Dikesan Guna Fleet Card Pihak Lain #MGFlash

Kegiatan penyelewengan minyak diesel bersubsidi berjaya ditumpaskan dengan merampas kira-kira 43,000 liter cecair menerusi operasi khas di Bukit Mertajam, Pulau Pinang, pada 20 Mei lalu.

Operasi sekitar jam 2 petang itu dilaksanakan oleh Kementerian Perdagangan Dalam Negeri dan Kos Sara Hidup (KPDN) Putrajaya bersama Polis Diraja Malaysia (PDRM) Cawangan Khas Bukit Aman.

#malaysiagazette
#selewengdiesel
#dieselbersubsidi",Fri May 22 02:35:04 +0000 2026,MalaysiaGazette,Kuala Lumpur,True,3,1,"Seleweng Diesel Bersubsidi Tumpas, Dikesan Guna Fleet Card Pihak Lain #MGFlash Kegiatan penyelewengan minyak diesel bersubsidi berjaya ditumpaskan dengan merampas kira-kira 43,000 liter cecair menerusi operasi khas di Bukit Mertajam, Pulau Pinang, pada 20 Mei lalu. Operasi sekitar jam 2 petang itu dilaksanakan oleh Kementerian Perdagangan Dalam Negeri dan Kos Sara Hidup (KPDN) Putrajaya bersama Polis Diraja Malaysia (PDRM) Cawangan Khas Bukit Aman. #malaysiagazette #selewengdiesel #dieselbersubsidi"
cost_of_living,2057409186775154797,"Kegiatan Seleweng Minyak Masak Subsidi Tumpas, Nilai Sitaan RM300,000 #MGFlash 

Kementerian Perdagangan Dalam Negeri dan Kos Sara Hidup (KPDN) Selangor melakukan sitaan bernilai kira-kira RM300,000 susulan serbuan ke atas sebuah premis dipercayai terlibat kegiatan penyelewengan minyak masak paket bersubsidi di Shah Alam, hari ini.  

Operasi yang itu dilakukan kira-kira jam 1.00 petang itu membawa kepada penahanan lima lelaki dan seorang wanita tempatan berusia bawah 40 tahun bagi membantu siasatan.",Thu May 21 10:32:29 +0000 2026,MalaysiaGazette,Kuala Lumpur,True,1,0,"Kegiatan Seleweng Minyak Masak Subsidi Tumpas, Nilai Sitaan RM300,000 #MGFlash Kementerian Perdagangan Dalam Negeri dan Kos Sara Hidup (KPDN) Selangor melakukan sitaan bernilai kira-kira RM300,000 susulan serbuan ke atas sebuah premis dipercayai terlibat kegiatan penyelewengan minyak masak paket bersubsidi di Shah Alam, hari ini. Operasi yang itu dilakukan kira-kira jam 1.00 petang itu membawa kepada penahanan lima lelaki dan seorang wanita tempatan berusia bawah 40 tahun bagi membantu siasatan."
cost_of_living,2057279665925153278,"Ketika dunia berdepan konflik geopolitik, perang dagang, krisis tenaga dan tekanan kos sara hidup — adakah Malaysia memerlukan pilihan raya dalam masa terdekat atau kestabilan politik lebih utama ketika ini?

Landskap politik Malaysia semakin berpecah, tanda demokrasi semakin matang atau petunjuk politik negara semakin tidak stabil? 

Siapa sebenarnya paling untung — rakyat, parti kecil atau gabungan besar?

#DialogTigaPenjuru, Khamis 8.30 malam
#AWANInews",Thu May 21 01:57:49 +0000 2026,501Awani,Malaysia,True,1,1,"Ketika dunia berdepan konflik geopolitik, perang dagang, krisis tenaga dan tekanan kos sara hidup — adakah Malaysia memerlukan pilihan raya dalam masa terdekat atau kestabilan politik lebih utama ketika ini? Landskap politik Malaysia semakin berpecah, tanda demokrasi semakin matang atau petunjuk politik negara semakin tidak stabil? Siapa sebenarnya paling untung — rakyat, parti kecil atau gabungan besar? #DialogTigaPenjuru, Khamis 8.30 malam #AWANInews"
cost_of_living,2056939563558559961,"Lori Bonded Disyaki Seleweng Diesel Guna Fleet Card #MGFlash

Kementerian Perdagangan Dalam Negeri dan Kos Sara Hidup Selangor mengesan sebuah lori bonded disyaki cuba menyeleweng diesel bersubsidi menggunakan fleet card di sebuah stesen minyak di Jalan Batu Tiga Lama, Selangor semalam.

#malaysiagazette
#diesel
#seleweng",Wed May 20 03:26:22 +0000 2026,MalaysiaGazette,Kuala Lumpur,True,7,2,"Lori Bonded Disyaki Seleweng Diesel Guna Fleet Card #MGFlash Kementerian Perdagangan Dalam Negeri dan Kos Sara Hidup Selangor mengesan sebuah lori bonded disyaki cuba menyeleweng diesel bersubsidi menggunakan fleet card di sebuah stesen minyak di Jalan Batu Tiga Lama, Selangor semalam. #malaysiagazette #diesel #seleweng"
cost_of_living,2055262213938794689,"Menyedari cabaran kos sara hidup yang meningkat akibat ketidaktentuan geopolitik global, MOT memperkukuh peralihan kepada penggunaan pengangkutan awam sebagai solusi mobiliti yang lebih mampan dan berdaya mampu milik. https://t.co/X4eEzNy4f3",Fri May 15 12:21:11 +0000 2026,MOTMalaysia,Putrajaya,True,14,14,"Menyedari cabaran kos sara hidup yang meningkat akibat ketidaktentuan geopolitik global, MOT memperkukuh peralihan kepada penggunaan pengangkutan awam sebagai solusi mobiliti yang lebih mampan dan berdaya mampu milik."
cost_of_living,2055220691893694643,"Kementerian Perdagangan Dalam Negeri dan Kos Sara Hidup (KPDN) Perak, membuka siasatan terhadap satu kes melibatkan sebuah kenderaan disyaki menggunakan nombor pendaftaran asing, yang tular mengisi petrol RON95 di sebuah stesen minyak di Ayer Tawar dekat Manjung, baru-baru ini. 
#harianmetro #mymetro

https://t.co/ZMH0FJ0fU9",Fri May 15 09:36:11 +0000 2026,hmetromy,Malaysia,True,2,0,"Kementerian Perdagangan Dalam Negeri dan Kos Sara Hidup (KPDN) Perak, membuka siasatan terhadap satu kes melibatkan sebuah kenderaan disyaki menggunakan nombor pendaftaran asing, yang tular mengisi petrol RON95 di sebuah stesen minyak di Ayer Tawar dekat Manjung, baru-baru ini. #harianmetro #mymetro"
cost_of_living,2054153278565605630,"Kononnya 60% peratus rakyat Malaysia guna kurang dari 150 litre petrol sebulan😏

Pastu yang lagi 40% yang guna lebih dari 150 liter kerana terpaksa kerja jauh, bawak anak-anak ke sekolah dll tak perlu subsidi kah?

Bongok punya timbalan menteri!
Korang ahli parlimen dan menteri semua takde kesan pun sebab dah dapat banyak elaun.

Cuba korang sendiri tarik balik elaun-elaun yang boros sebelum cakap banyak boleh tak?

Daripada sibuk nak kacau kuota rakyat biasa yang tengah lemas bergelut dengan kos sara hidup, kenapa tak tarik terus subsidi RON95 untuk golongan maha kaya (T20)? Pakar ekonomi sendiri dah buat kira-kira, lebih 30% daripada keseluruhan subsidi RON95 dinikmati oleh T20. Kalau kerajaan tarik subsidi minyak diorang, negara boleh jimat gila-gila sampai RM1.5 bilion sebulan! Kenapa nak tindas rakyat marhaen sedangkan yang kaya-raya masih sedap tuang minyak murah?

Nah ini elaun-elaun yang korang sebagai Ahli Parlimen dan Menteri/Timbalan dapat:

1. Ahli Parlimen (Dewan Rakyat)
Ahli Parlimen menerima elaun bulanan tetap dan pelbagai kemudahan tambahan untuk perjalanan rasmi. Setakat Mei 2026, pecahan ringkasnya adalah seperti berikut:

• Elaun Petrol/Perjalanan Bulanan Tetap: Anggaran RM1,500.
• Elaun Pemandu: Anggaran RM1,500 sebulan (untuk menggaji pemandu peribadi).
• Tuntutan Perbatuan (Mileage): Untuk tugas rasmi, Ahli Parlimen boleh menuntut perbatuan (RM1.00 per km untuk 500km pertama; RM0.90 per km untuk seterusnya).
• Tol & Parkir: Boleh dituntut sepenuhnya dengan resit.

2. Menteri & Timbalan Menteri
Menteri menerima tahap faedah yang lebih tinggi selaras dengan kedudukan eksekutif, dan semuanya dipermudahkan oleh sumber kerajaan:

• Kenderaan Rasmi: Disediakan kereta rasmi kerajaan (biasanya model premium seperti Toyota Vellfire).
• Penyelenggaraan & Bahan Api: Kos petrol, penyelenggaraan, dan pemandu ditanggung sepenuhnya oleh kerajaan.
• Kad Petrol: Diberikan kad petrol armada khas tanpa perlu buat ""tuntutan""; ia dibayar terus oleh kementerian.
3. Pembaziran Konvoi & Polis Pengiring (Outrider)

Belum kira lagi pembaziran bahan api yang melampau bila korang bergerak ke hulu ke hilir! Asal pergi majlis atau urusan rasmi je, berderet konvoi mengekor. Ada polis pengiring (outrider), kereta escort depan belakang, campur lagi dengan kenderaan rombongan pegawai. Berapa banyak liter petrol kenderaan-kenderaan konvoi ni bakar macam air setiap hari? Masa rakyat marhaen berpeluh kira liter minyak nak hantar anak pergi sekolah, korang dengan bangganya membazirkan minyak untuk konvoi VIP yang melebih-lebih!

Kiraan Anggaran Penjimatan Kalau Elaun Korang Ditarik Balik:

• Elaun Petrol & Pemandu MP (222 orang x RM3,000): RM666,000
• Kos Petrol/Penyelenggaraan Kereta Rasmi Menteri & Timbalan (Anggaran RM6,000 x 55 orang): RM330,000
• Anggaran Tuntutan Perbatuan (Purata konservatif RM1,000 x 222 MP): RM222,000
• JUMLAH: Anggaran RM1,218,000 sebulan
Ya, kami tahu nilai penjimatan RM1.2 juta sebulan dari elaun korang ni hanyalah celah gigi atau 'negligible' kalau nak dibandingkan dengan bilion ringgit bajet negara atau penjimatan subsidi T20. Tapi ini soal PRINSIP! Ini soal kepimpinan melalui teladan!

Kalau rakyat kat bawah ni disuruh ikat perut, potong kuota, dan kongsi keperitan ekonomi yang makin menekan, korang yang duduk di atas tu patut rasa susah sama-sama. Bukannya hidup senang-lenang, jalan tak payah fikir duit minyak, dan bazirkan bahan api dengan konvoi sana-sini sebab semuanya ditaja oleh duit cukai kami!

Cakap tak serupa bikin! Puih!",Tue May 12 10:54:40 +0000 2026,spotben,Kuala Lumpur,True,10,1,"Kononnya 60% peratus rakyat Malaysia guna kurang dari 150 litre petrol sebulan😏 Pastu yang lagi 40% yang guna lebih dari 150 liter kerana terpaksa kerja jauh, bawak anak-anak ke sekolah dll tak perlu subsidi kah? Bongok punya timbalan menteri! Korang ahli parlimen dan menteri semua takde kesan pun sebab dah dapat banyak elaun. Cuba korang sendiri tarik balik elaun-elaun yang boros sebelum cakap banyak boleh tak? Daripada sibuk nak kacau kuota rakyat biasa yang tengah lemas bergelut dengan kos sara hidup, kenapa tak tarik terus subsidi RON95 untuk golongan maha kaya (T20)? Pakar ekonomi sendiri dah buat kira-kira, lebih 30% daripada keseluruhan subsidi RON95 dinikmati oleh T20. Kalau kerajaan tarik subsidi minyak diorang, negara boleh jimat gila-gila sampai RM1.5 bilion sebulan! Kenapa nak tindas rakyat marhaen sedangkan yang kaya-raya masih sedap tuang minyak murah? Nah ini elaun-elaun yang korang sebagai Ahli Parlimen dan Menteri/Timbalan dapat: 1. Ahli Parlimen (Dewan Rakyat) Ahli Parlimen menerima elaun bulanan tetap dan pelbagai kemudahan tambahan untuk perjalanan rasmi. Setakat Mei 2026, pecahan ringkasnya adalah seperti berikut: • Elaun Petrol/Perjalanan Bulanan Tetap: Anggaran RM1,500. • Elaun Pemandu: Anggaran RM1,500 sebulan (untuk menggaji pemandu peribadi). • Tuntutan Perbatuan (Mileage): Untuk tugas rasmi, Ahli Parlimen boleh menuntut perbatuan (RM1.00 per km untuk 500km pertama; RM0.90 per km untuk seterusnya). • Tol & Parkir: Boleh dituntut sepenuhnya dengan resit. 2. Menteri & Timbalan Menteri Menteri menerima tahap faedah yang lebih tinggi selaras dengan kedudukan eksekutif, dan semuanya dipermudahkan oleh sumber kerajaan: • Kenderaan Rasmi: Disediakan kereta rasmi kerajaan (biasanya model premium seperti Toyota Vellfire). • Penyelenggaraan & Bahan Api: Kos petrol, penyelenggaraan, dan pemandu ditanggung sepenuhnya oleh kerajaan. • Kad Petrol: Diberikan kad petrol armada khas tanpa perlu buat ""tuntutan""; ia dibayar terus oleh kementerian. 3. Pembaziran Konvoi & Polis Pengiring (Outrider) Belum kira lagi pembaziran bahan api yang melampau bila korang bergerak ke hulu ke hilir! Asal pergi majlis atau urusan rasmi je, berderet konvoi mengekor. Ada polis pengiring (outrider), kereta escort depan belakang, campur lagi dengan kenderaan rombongan pegawai. Berapa banyak liter petrol kenderaan-kenderaan konvoi ni bakar macam air setiap hari? Masa rakyat marhaen berpeluh kira liter minyak nak hantar anak pergi sekolah, korang dengan bangganya membazirkan minyak untuk konvoi VIP yang melebih-lebih! Kiraan Anggaran Penjimatan Kalau Elaun Korang Ditarik Balik: • Elaun Petrol & Pemandu MP (222 orang x RM3,000): RM666,000 • Kos Petrol/Penyelenggaraan Kereta Rasmi Menteri & Timbalan (Anggaran RM6,000 x 55 orang): RM330,000 • Anggaran Tuntutan Perbatuan (Purata konservatif RM1,000 x 222 MP): RM222,000 • JUMLAH: Anggaran RM1,218,000 sebulan Ya, kami tahu nilai penjimatan RM1.2 juta sebulan dari elaun korang ni hanyalah celah gigi atau 'negligible' kalau nak dibandingkan dengan bilion ringgit bajet negara atau penjimatan subsidi T20. Tapi ini soal PRINSIP! Ini soal kepimpinan melalui teladan! Kalau rakyat kat bawah ni disuruh ikat perut, potong kuota, dan kongsi keperitan ekonomi yang makin menekan, korang yang duduk di atas tu patut rasa susah sama-sama. Bukannya hidup senang-lenang, jalan tak payah fikir duit minyak, dan bazirkan bahan api dengan konvoi sana-sini sebab semuanya ditaja oleh duit cukai kami! Cakap tak serupa bikin! Puih!"
cost_of_living,2047543955517280690,"Kenapa kos sara hidup dan kos bisnes bakal naik lagi? Ini puncanya.

1. Kapal tangki terakhir sebelum perang Iran baru saja sampai ke destinasi. Stok sedia ada sekarang adalah stok lama.

2. Selat Hormuz yang menjadi laluan utama kini terkesan. Bekalan selepas perang bermula masih menjadi tanda tanya.

3. Kesannya meluas. Bukan sekadar harga minyak tapi juga baja dan bahan mentah industri petrokimia.

Memetik perkongsian Dato Nik Hasyudeen, kita jangan hanya fokus pada harga RON95 yang belum naik. Lihat sekeliling, ramai usahawan mula rasa tekanan kos.

Nasihat penting: Jangan biarkan krisis berlalu tanpa kita ambil langkah proaktif untuk bertahan. Masa untuk jadi lebih strategik.",Fri Apr 24 05:11:35 +0000 2026,SantapanMinda,"Selangor, Malaysia",True,4,2,"Kenapa kos sara hidup dan kos bisnes bakal naik lagi? Ini puncanya. 1. Kapal tangki terakhir sebelum perang Iran baru saja sampai ke destinasi. Stok sedia ada sekarang adalah stok lama. 2. Selat Hormuz yang menjadi laluan utama kini terkesan. Bekalan selepas perang bermula masih menjadi tanda tanya. 3. Kesannya meluas. Bukan sekadar harga minyak tapi juga baja dan bahan mentah industri petrokimia. Memetik perkongsian Dato Nik Hasyudeen, kita jangan hanya fokus pada harga RON95 yang belum naik. Lihat sekeliling, ramai usahawan mula rasa tekanan kos. Nasihat penting: Jangan biarkan krisis berlalu tanpa kita ambil langkah proaktif untuk bertahan. Masa untuk jadi lebih strategik."
cost_of_living,2047155069116993610,"Lagi Cubaan Seleweng Bekalan Diesel #MGFlash

Lagi cubaan seleweng bekalan diesel dipatahkan Kementerian Perdagangan Dalam Negeri Dan Kos Sara Hidup (KPDN) Selangor.  

Dalam kejadian pada 22 April lalu, anggota unit rondaan bermotorsikal (URB) di bawa Ops Tiris 4.0 mengesan sebuah lori jenis tanker yang mencurigakan, sedang membuat pengisian diesel di sebuah stesen minyak di Pandamaran, Klang.",Thu Apr 23 03:26:17 +0000 2026,MalaysiaGazette,Kuala Lumpur,True,1,0,"Lagi Cubaan Seleweng Bekalan Diesel #MGFlash Lagi cubaan seleweng bekalan diesel dipatahkan Kementerian Perdagangan Dalam Negeri Dan Kos Sara Hidup (KPDN) Selangor. Dalam kejadian pada 22 April lalu, anggota unit rondaan bermotorsikal (URB) di bawa Ops Tiris 4.0 mengesan sebuah lori jenis tanker yang mencurigakan, sedang membuat pengisian diesel di sebuah stesen minyak di Pandamaran, Klang."
cost_of_living,2045476190954414087,"Kekuatan negara tidak hanya bergantung kepada dasar ekonomi semata-mata, bahkan meliputi perpaduan rakyat dalam mendepani isu seperti kenaikan harga minyak dunia yang memberi kesan langsung kepada kos sara hidup.

https://t.co/OQcoNyeqH7

#sinarharian #beritaterkini",Sat Apr 18 12:15:01 +0000 2026,SinarOnline,Malaysia,True,3,1,"Kekuatan negara tidak hanya bergantung kepada dasar ekonomi semata-mata, bahkan meliputi perpaduan rakyat dalam mendepani isu seperti kenaikan harga minyak dunia yang memberi kesan langsung kepada kos sara hidup. #sinarharian #beritaterkini"
cost_of_living,2045453060991070352,"2 Lelaki Seleweng Minyak Diesel Dicekup #MGFlash 

Dua lelaki ditahan dalam serbuan Pasukan Simpanan Persekutuan (PSP) Bukit Aman bersama Kementerian Perdagangan Dalam Negeri dan Kos Sara Hidup (KPDN) Negeri Sembilan di sebuah premis di Jalan Sepang, Lukut, malam tadi. https://t.co/Zk220JR9w5",Sat Apr 18 10:43:07 +0000 2026,MalaysiaGazette,Kuala Lumpur,True,2,0,"2 Lelaki Seleweng Minyak Diesel Dicekup #MGFlash Dua lelaki ditahan dalam serbuan Pasukan Simpanan Persekutuan (PSP) Bukit Aman bersama Kementerian Perdagangan Dalam Negeri dan Kos Sara Hidup (KPDN) Negeri Sembilan di sebuah premis di Jalan Sepang, Lukut, malam tadi."
cost_of_living,2045158703775858920,"KENYATAAN MEDIA

Mesyuarat Majlis Kerja Tertinggi (MKT) UMNO yang berlangsung di Melaka pada 17 April 2026 bersamaan 28 Syawal 1447H telah mengadakan perbincangan dan membuat beberapa ketetapan sebagaimana berikut:

1. Menyokong dan mendukung penuh gagasan Rumah Bangsa yang dicetuskan oleh YAB Presiden UMNO untuk menerima kembali tanpa syarat mana-mana ahli yang digantung, dipecat atau keluar parti atas apa jua faktor.  Antara nama-nama pemohon yang telah diputuskan oleh MKT termasuk YB Dato’ Sri Hishammuddin Tun Hussein, En Khairy Jamaluddin Abu Bakar, Tan Sri Syed Hamid Syed Jaafar Albar dan 6,252 bekas pimpinan serta ahli di peringkat UMNO Bahagian dan Cawangan seluruh Malaysia.

2. Selaras dengan Fasal 5.2 Perlembagaan UMNO, Majlis Kerja Tertinggi juga telah membuat pindaan terhadap Peraturan Keahlian UMNO dengan membolehkan pendaftaran secara atas talian bagi mempermudahkan kemasukan ahli baharu terutamanya di kalangan anak-anak muda.

3. Menyedari cabaran kos sara hidup yang dialami oleh rakyat akibat kenaikan harga minyak dan inflasi global disebabkan kesan peperangan di Iran, Majlis Kerja Tertinggi menyarankan agar negeri-negeri yang diterajui oleh pimpinan UMNO khususnya Johor, Melaka, Perak dan Pahang agar memfokuskan bantuan-bantuan tambahan kepada pelbagai kelompok masyarakat yang terkesan. 

4. Sempena minggu Sambutan 80 Tahun UMNO yang akan berlangsung dari 1hb Mei hingga 5hb Mei 2026 di World Trade Centre, Kuala Lumpur beberapa program utama akan dilangsungkan termasuk Konvensyen 80 Tahun UMNO, Kongres Pendidikan Bumiputera, Karnival Keusahawanan dan Pendidikan termasuklah Majlis Khas Ramah Mesra Pemuda dan Puteri UMNO bersama ahli-ahli baharu.

5. Selaras dengan Fasal 10.15 Perlembagaan UMNO, Majlis Kerja Tertinggi telah memberikan kebenaran kepada sayap-sayap parti Wanita, Pergerakan Pemuda dan Pergerakan Puteri untuk mengadakan persidangan peringkat cawangan secara hibrid atau gabungan antara kehadiran secara fizikal dan secara atas talian khususnya dalam tahun yang tiada pemilihan parti.

SUA UMNO",Fri Apr 17 15:13:26 +0000 2026,DrZahidHamidi,Malaysia,True,56,26,"KENYATAAN MEDIA Mesyuarat Majlis Kerja Tertinggi (MKT) UMNO yang berlangsung di Melaka pada 17 April 2026 bersamaan 28 Syawal 1447H telah mengadakan perbincangan dan membuat beberapa ketetapan sebagaimana berikut: 1. Menyokong dan mendukung penuh gagasan Rumah Bangsa yang dicetuskan oleh YAB Presiden UMNO untuk menerima kembali tanpa syarat mana-mana ahli yang digantung, dipecat atau keluar parti atas apa jua faktor. Antara nama-nama pemohon yang telah diputuskan oleh MKT termasuk YB Dato’ Sri Hishammuddin Tun Hussein, En Khairy Jamaluddin Abu Bakar, Tan Sri Syed Hamid Syed Jaafar Albar dan 6,252 bekas pimpinan serta ahli di peringkat UMNO Bahagian dan Cawangan seluruh Malaysia. 2. Selaras dengan Fasal 5.2 Perlembagaan UMNO, Majlis Kerja Tertinggi juga telah membuat pindaan terhadap Peraturan Keahlian UMNO dengan membolehkan pendaftaran secara atas talian bagi mempermudahkan kemasukan ahli baharu terutamanya di kalangan anak-anak muda. 3. Menyedari cabaran kos sara hidup yang dialami oleh rakyat akibat kenaikan harga minyak dan inflasi global disebabkan kesan peperangan di Iran, Majlis Kerja Tertinggi menyarankan agar negeri-negeri yang diterajui oleh pimpinan UMNO khususnya Johor, Melaka, Perak dan Pahang agar memfokuskan bantuan-bantuan tambahan kepada pelbagai kelompok masyarakat yang terkesan. 4. Sempena minggu Sambutan 80 Tahun UMNO yang akan berlangsung dari 1hb Mei hingga 5hb Mei 2026 di World Trade Centre, Kuala Lumpur beberapa program utama akan dilangsungkan termasuk Konvensyen 80 Tahun UMNO, Kongres Pendidikan Bumiputera, Karnival Keusahawanan dan Pendidikan termasuklah Majlis Khas Ramah Mesra Pemuda dan Puteri UMNO bersama ahli-ahli baharu. 5. Selaras dengan Fasal 10.15 Perlembagaan UMNO, Majlis Kerja Tertinggi telah memberikan kebenaran kepada sayap-sayap parti Wanita, Pergerakan Pemuda dan Pergerakan Puteri untuk mengadakan persidangan peringkat cawangan secara hibrid atau gabungan antara kehadiran secara fizikal dan secara atas talian khususnya dalam tahun yang tiada pemilihan parti. SUA UMNO"
cost_of_living,2044363929057632571,"KPDN Rampas 14,870 Liter Diesel Tanpa Permit Di Pahang #MGFlash 

Kementerian Perdagangan Dalam Negeri dan Kos Sara Hidup Pahang merampas hampir 15 ribu liter minyak diesel yang disimpan tanpa permit sah di sebuah tapak pembinaan di Mukim Penor, Kuantan. https://t.co/TSrFeb6OWS",Wed Apr 15 10:35:17 +0000 2026,MalaysiaGazette,Kuala Lumpur,True,3,1,"KPDN Rampas 14,870 Liter Diesel Tanpa Permit Di Pahang #MGFlash Kementerian Perdagangan Dalam Negeri dan Kos Sara Hidup Pahang merampas hampir 15 ribu liter minyak diesel yang disimpan tanpa permit sah di sebuah tapak pembinaan di Mukim Penor, Kuantan."
cost_of_living,2044049142629183557,"🌍 Krisis tenaga bukan sekadar soal minyak!

Ia turut memberi kesan kepada kos sara hidup, rantaian bekalan dan kestabilan ekonomi negara. ⚠️📦📈

#RancakkanMADANI
#MADANIBekerja
#TaatSetia
#JabatanPenerangan https://t.co/p57k4Gn28P",Tue Apr 14 13:44:26 +0000 2026,JPenerangan,Wilayah Persekutuan Putrajaya,True,87,76,"🌍 Krisis tenaga bukan sekadar soal minyak! Ia turut memberi kesan kepada kos sara hidup, rantaian bekalan dan kestabilan ekonomi negara. ⚠️📦📈 #RancakkanMADANI #MADANIBekerja #TaatSetia #JabatanPenerangan"
cost_of_living,2043890848333766995,"Malaysia berdepan tempias risiko konflik berpanjangan AS-Iran

#BHbisnes Ancaman utama bukan konflik ketenteraan secara langsung, tetapi kejutan harga tenaga dan tekanan kos sara hidup yang menuntut rakyat tidak membazir, buat pembelian panik.

https://t.co/4xb5aoTYiW",Tue Apr 14 03:15:26 +0000 2026,bharianmy,Malaysia,True,3,0,"Malaysia berdepan tempias risiko konflik berpanjangan AS-Iran #BHbisnes Ancaman utama bukan konflik ketenteraan secara langsung, tetapi kejutan harga tenaga dan tekanan kos sara hidup yang menuntut rakyat tidak membazir, buat pembelian panik."
cost_of_living,2043675928837181725,"Kuching | 13 April 2026 | Isnin

Mempengerusikan Mesyuarat Penubuhan Pasukan Petugas Khas Ops Tiris 4.0 (Bersepadu) Peringkat Negeri Sarawak di Kuching, petang tadi.

Terima kasih  Datuk Amar Mohamad Abu Bakar Marzuki, Setiausaha Kerajaan Negeri Sarawak yang dapat bersama menghadiri mesyuarat hari ini dan bersetuju untuk menjadi pengerusi bersama dengan Setiausaha Persekutuan dalam ‘task force’ ini nanti.  Turut sama Datuk Armizan Mohd Ali, Menteri Perdagangan Dalam Negeri dan Kos Sara Hidup (KPDN).

Mesyuarat Jemaah Menteri pada 8 April 2026  telah mempersetujui syor untuk penugasan sementara anggota Polis di stesen-stesen minyak berisiko di sempadan sebagai peluasan kepada penempatan secara statik penguat kuasa KPDN bagi membanteras ketirisan bahan api.

Berdasarkan data semasa, KPDN telah mengenal pasti 151 buah stesen minyak yang perlu dipantau rapi. Daripada jumlah tersebut:

i) 87 buah stesen minyak terletak di kawasan sempadan; dan
ii) 64 merupakan stesen minyak di kawasan berisiko tinggi. Ini merujuk kepada stesen minyak yang merekodkan peningkatan jualan mendadak yang tidak sepadan dengan demografi penduduk setempat dan lokasi yang sering menjadi tumpuan sindiket menggunakan kenderaan berpendaftaran asing atau kenderaan dengan tangki ubah suai.

Daripada  87 stesen minyak di sempadan ini, 22 stesen di Sarawak (Limbang, Lubok Antu, Lundu) akan dipantau oleh PDRM melalui kerjasama bersepadu ini. Langkah ini membolehkan penguat kuasa KPDN memberikan tumpuan dan fokus kepada lokasi-lokasi berisiko berlaku ketirisan barang kawalan khususnya bahan api termasuklah 16 lokasi Persatuan Nelayan Negeri Sarawak (PANESA) yang menempatkan depoh diesel untuk kegunaan nelayan, 25 stesen minyak tanpa jenama (unbranded station), 153 skid tank persendirian berpermit dan juga jeti-jeti haram yang menjalankan aktiviti bunkering di sungai-sungai negeri Sarawak.

Penguat kuasa KPDN juga akan memberi tumpuan kepada kestabilan harga dan bekalan barangan kawalan yang lain.

Melalui OPS Tiris 4.0 (Bersepadu) yang bermula 16 Mac hingga 12 April 2026:
 • 13,759 pemeriksaan telah dijalankan
 • 239 kes direkodkan, melibatkan:
 • 99 kes diesel (rampasan lebih RM3.1 juta)
 • 61 kes petrol RON95 (RM95,387.65)
 • 30 kes LPG (RM45,103.34)
 • 49 kes barangan kawalan lain (minyak masak, gula, tepung)

Jumlah rampasan keseluruhan mencecah RM11 juta, dengan Sarawak sahaja mencatat RM6.7 juta daripada 48 kes.

Kejayaan ini adalah hasil kerja keras rakan-rakan strategik kita daripada PDRM, Pasukan Gerakan Am (PGA), Pasukan Polis Marin (PPM), Jabatan Imigresen (JIM), APMM, dan Agensi Kawalan dan Perlindungan Sempadan (AKPS).

Saya juga menyeru rakyat Sarawak untuk menyertai inisiatif KITA GEMPUR (Gerakan Membasmi Manipulasi dan Ketirisan). Jadilah mata dan telinga kami. Kerjasama erat antara Kerajaan Persekutuan dan Negeri Sarawak adalah kunci utama untuk memastikan kedaulatan ekonomi kita terpelihara demi kesejahteraan generasi akan datang.

#kitagempur
#MalaysiaMADANI",Mon Apr 13 13:01:25 +0000 2026,PetraJayaMP,Malaysia,True,6,3,"Kuching | 13 April 2026 | Isnin Mempengerusikan Mesyuarat Penubuhan Pasukan Petugas Khas Ops Tiris 4.0 (Bersepadu) Peringkat Negeri Sarawak di Kuching, petang tadi. Terima kasih Datuk Amar Mohamad Abu Bakar Marzuki, Setiausaha Kerajaan Negeri Sarawak yang dapat bersama menghadiri mesyuarat hari ini dan bersetuju untuk menjadi pengerusi bersama dengan Setiausaha Persekutuan dalam ‘task force’ ini nanti. Turut sama Datuk Armizan Mohd Ali, Menteri Perdagangan Dalam Negeri dan Kos Sara Hidup (KPDN). Mesyuarat Jemaah Menteri pada 8 April 2026 telah mempersetujui syor untuk penugasan sementara anggota Polis di stesen-stesen minyak berisiko di sempadan sebagai peluasan kepada penempatan secara statik penguat kuasa KPDN bagi membanteras ketirisan bahan api. Berdasarkan data semasa, KPDN telah mengenal pasti 151 buah stesen minyak yang perlu dipantau rapi. Daripada jumlah tersebut: i) 87 buah stesen minyak terletak di kawasan sempadan; dan ii) 64 merupakan stesen minyak di kawasan berisiko tinggi. Ini merujuk kepada stesen minyak yang merekodkan peningkatan jualan mendadak yang tidak sepadan dengan demografi penduduk setempat dan lokasi yang sering menjadi tumpuan sindiket menggunakan kenderaan berpendaftaran asing atau kenderaan dengan tangki ubah suai. Daripada 87 stesen minyak di sempadan ini, 22 stesen di Sarawak (Limbang, Lubok Antu, Lundu) akan dipantau oleh PDRM melalui kerjasama bersepadu ini. Langkah ini membolehkan penguat kuasa KPDN memberikan tumpuan dan fokus kepada lokasi-lokasi berisiko berlaku ketirisan barang kawalan khususnya bahan api termasuklah 16 lokasi Persatuan Nelayan Negeri Sarawak (PANESA) yang menempatkan depoh diesel untuk kegunaan nelayan, 25 stesen minyak tanpa jenama (unbranded station), 153 skid tank persendirian berpermit dan juga jeti-jeti haram yang menjalankan aktiviti bunkering di sungai-sungai negeri Sarawak. Penguat kuasa KPDN juga akan memberi tumpuan kepada kestabilan harga dan bekalan barangan kawalan yang lain. Melalui OPS Tiris 4.0 (Bersepadu) yang bermula 16 Mac hingga 12 April 2026: • 13,759 pemeriksaan telah dijalankan • 239 kes direkodkan, melibatkan: • 99 kes diesel (rampasan lebih RM3.1 juta) • 61 kes petrol RON95 (RM95,387.65) • 30 kes LPG (RM45,103.34) • 49 kes barangan kawalan lain (minyak masak, gula, tepung) Jumlah rampasan keseluruhan mencecah RM11 juta, dengan Sarawak sahaja mencatat RM6.7 juta daripada 48 kes. Kejayaan ini adalah hasil kerja keras rakan-rakan strategik kita daripada PDRM, Pasukan Gerakan Am (PGA), Pasukan Polis Marin (PPM), Jabatan Imigresen (JIM), APMM, dan Agensi Kawalan dan Perlindungan Sempadan (AKPS). Saya juga menyeru rakyat Sarawak untuk menyertai inisiatif KITA GEMPUR (Gerakan Membasmi Manipulasi dan Ketirisan). Jadilah mata dan telinga kami. Kerjasama erat antara Kerajaan Persekutuan dan Negeri Sarawak adalah kunci utama untuk memastikan kedaulatan ekonomi kita terpelihara demi kesejahteraan generasi akan datang. #kitagempur #MalaysiaMADANI"
cost_of_living,2043274602990948812,"⁠Tular Stok Habis Ketika Isi Diesel: Stesen Minyak Tiada Sistem Auto Cut-Off #MGFlash 

Sebuah stesen minyak di Jalan Segambut dekat ibu negara yang tular berhubung kejadian meter pam merekodkan jumlah bayaran walaupun bekalan diesel habis didapati tidak dilengkapi sistem pengesanan isipadu automatik sebaliknya, hanya bergantung kepada pemeriksaan manual.

Kementerian Perdagangan Dalam Negeri dan Kos Sara Hidup (KPDN) berkata, penemuan itu adalah hasil siasatan yang dijalankan di stesen minyak terbabit. 

#malaysiagazette #stokdieselhabis",Sun Apr 12 10:26:42 +0000 2026,MalaysiaGazette,Kuala Lumpur,True,7,3,"⁠Tular Stok Habis Ketika Isi Diesel: Stesen Minyak Tiada Sistem Auto Cut-Off #MGFlash Sebuah stesen minyak di Jalan Segambut dekat ibu negara yang tular berhubung kejadian meter pam merekodkan jumlah bayaran walaupun bekalan diesel habis didapati tidak dilengkapi sistem pengesanan isipadu automatik sebaliknya, hanya bergantung kepada pemeriksaan manual. Kementerian Perdagangan Dalam Negeri dan Kos Sara Hidup (KPDN) berkata, penemuan itu adalah hasil siasatan yang dijalankan di stesen minyak terbabit. #malaysiagazette #stokdieselhabis"
cost_of_living,2042830286577373354,"Kementerian Perdagangan Dalam Negeri dan Kos Sara Hidup (KPDN) Sabah memohon supaya fasiliti Tentera Laut Diraja Malaysia (TLDM) dapat digunakan dalam usaha memperkukuh operasi membanteras penyelewengan subsidi minyak, khususnya di kawasan pesisir dan sempadan negeri itu.

Pengarahnya, Shahril Nizam Shahidin berkata, usaha itu dilihat mampu membantu KPDN memperluas capaian operasi terutama dalam menangani aktiviti penyeludupan serta penyelewengan barangan kawalan seperti petrol dan diesel. https://t.co/pwJDy1v4kD",Sat Apr 11 05:01:08 +0000 2026,BuletinTV3,"Jalan Riong, Bangsar, KL",True,5,0,"Kementerian Perdagangan Dalam Negeri dan Kos Sara Hidup (KPDN) Sabah memohon supaya fasiliti Tentera Laut Diraja Malaysia (TLDM) dapat digunakan dalam usaha memperkukuh operasi membanteras penyelewengan subsidi minyak, khususnya di kawasan pesisir dan sempadan negeri itu. Pengarahnya, Shahril Nizam Shahidin berkata, usaha itu dilihat mampu membantu KPDN memperluas capaian operasi terutama dalam menangani aktiviti penyeludupan serta penyelewengan barangan kawalan seperti petrol dan diesel."
cost_of_living,2042825368542023767,"Kementerian Perdagangan Dalam Negeri dan Kos Sara Hidup (KPDN) Sabah memohon supaya fasiliti Tentera Laut Diraja Malaysia (TLDM) dapat digunakan dalam usaha memperkukuh operasi membanteras penyelewengan subsidi minyak, khususnya di kawasan pesisir dan sempadan negeri Sabah. #harianmetro #mymetro
 https://t.co/HBYU1N9Qol",Sat Apr 11 04:41:36 +0000 2026,hmetromy,Malaysia,True,0,0,"Kementerian Perdagangan Dalam Negeri dan Kos Sara Hidup (KPDN) Sabah memohon supaya fasiliti Tentera Laut Diraja Malaysia (TLDM) dapat digunakan dalam usaha memperkukuh operasi membanteras penyelewengan subsidi minyak, khususnya di kawasan pesisir dan sempadan negeri Sabah. #harianmetro #mymetro"
cost_of_living,2042532789506183302,"5 #BeritaPalingPopularBH hari ini

// Bekalan minyak April, Mei dijangka terkawal, 6 kapal Malaysia tunggu giliran lalu Selat Hormuz - Anwar
KUALA LUMPUR: Datuk Seri Anwar Ibrahim mengesahkan enam daripada tujuh kapal Malaysia sudah belayar melepasi Selat Hormuz dan kini dalam perjalanan membawa bekalan minyak mentah ke negara ini.
https://t.co/toAsRyeLo8

// Warga asing bina penempatan dalam ladang sawit, 15 kediaman dan 4 stor diroboh
SHAH ALAM: Koloni warga Indonesia dikesan menjadikan ladang sawit sebagai lokasi penempatan setinggan bagi mengelak status mereka yang menetap secara tidak sah dikesan pihak berkuasa.
https://t.co/XgH6arLRQk

// KKM pertimbang naikkan upah, elaun, elak jururawat berhijrah
PUTRAJAYA: Kementerian Kesihatan (KKM) akan mempertimbang untuk menaikkan upah atau elaun jururawat dalam usaha mengatasi masalah 'perang gaji' bagi mengelak mereka berhijrah ke luar negara.
https://t.co/tFsANd56Fj

// Keperluan harian, makanan faktor utama pengeluaran Akaun Fleksibel
KUALA LUMPUR: Laporan penyelidikan terbaharu Kumpulan Wang Simpanan Pekerja (KWSP) mendedahkan realiti kos sara hidup di negara ini menerusi pemerhatian terperinci terhadap data pengeluaran kewangan ahli.
https://t.co/skNmUwPtMX

// 'Cuci tangan' jadi mat rempit, raih 5 angka jadi 'influencer' permotoran
KUALA LUMPUR: Jika dulu Muhammad Khairul Khairuddin, 26. sering diperlekeh dan dihina, termasuk digelar mat rempit serta sampah masyarakat.
https://t.co/BwjvsvNZ9q",Fri Apr 10 09:19:00 +0000 2026,bharianmy,Malaysia,True,0,0,"5 #BeritaPalingPopularBH hari ini // Bekalan minyak April, Mei dijangka terkawal, 6 kapal Malaysia tunggu giliran lalu Selat Hormuz - Anwar KUALA LUMPUR: Datuk Seri Anwar Ibrahim mengesahkan enam daripada tujuh kapal Malaysia sudah belayar melepasi Selat Hormuz dan kini dalam perjalanan membawa bekalan minyak mentah ke negara ini. // Warga asing bina penempatan dalam ladang sawit, 15 kediaman dan 4 stor diroboh SHAH ALAM: Koloni warga Indonesia dikesan menjadikan ladang sawit sebagai lokasi penempatan setinggan bagi mengelak status mereka yang menetap secara tidak sah dikesan pihak berkuasa. // KKM pertimbang naikkan upah, elaun, elak jururawat berhijrah PUTRAJAYA: Kementerian Kesihatan (KKM) akan mempertimbang untuk menaikkan upah atau elaun jururawat dalam usaha mengatasi masalah 'perang gaji' bagi mengelak mereka berhijrah ke luar negara. // Keperluan harian, makanan faktor utama pengeluaran Akaun Fleksibel KUALA LUMPUR: Laporan penyelidikan terbaharu Kumpulan Wang Simpanan Pekerja (KWSP) mendedahkan realiti kos sara hidup di negara ini menerusi pemerhatian terperinci terhadap data pengeluaran kewangan ahli. // 'Cuci tangan' jadi mat rempit, raih 5 angka jadi 'influencer' permotoran KUALA LUMPUR: Jika dulu Muhammad Khairul Khairuddin, 26. sering diperlekeh dan dihina, termasuk digelar mat rempit serta sampah masyarakat."
cost_of_living,2042158393264398792,"Ketua Pemuda Umno, Dr Akmal Saleh senada dengan Ketua Penerangan PAS Ahmad Fadhli Shaari berhubung cara kerajaan negara jiran, Thailand mengendalikan kenaikan kos sara hidup dan menurunkan harga barangan asas susulan kenaikan harga minyak akibat perang di Asia Barat.

Akmal dalam kenyataannya di media sosial, hari ini menarik perhatian mengenai tindakan kerajaan Thailand menyemak semula formula harga minyak yang membolehkan harga bahan api itu turun serta-merta apabila harga pasaran dunia merosot.

“Di Malaysia harga minyak kita terus meningkat akibat formula penentuan harga minyak Malaysia ditentukan oleh purata harga bagi minggu sebelumnya.

“Jadi mungkin kerajaan Malaysia boleh melihat semula formula yang digunakan oleh Thailand untuk menentukan harga minyak ataupun cari semula raja formula yang sebelum ini kata boleh turunkan minyak,” katanya. 

Berita penuh: https://t.co/ilbjGNFe32",Thu Apr 09 08:31:17 +0000 2026,mkini_bm,Kuala Lumpur,True,55,14,"Ketua Pemuda Umno, Dr Akmal Saleh senada dengan Ketua Penerangan PAS Ahmad Fadhli Shaari berhubung cara kerajaan negara jiran, Thailand mengendalikan kenaikan kos sara hidup dan menurunkan harga barangan asas susulan kenaikan harga minyak akibat perang di Asia Barat. Akmal dalam kenyataannya di media sosial, hari ini menarik perhatian mengenai tindakan kerajaan Thailand menyemak semula formula harga minyak yang membolehkan harga bahan api itu turun serta-merta apabila harga pasaran dunia merosot. “Di Malaysia harga minyak kita terus meningkat akibat formula penentuan harga minyak Malaysia ditentukan oleh purata harga bagi minggu sebelumnya. “Jadi mungkin kerajaan Malaysia boleh melihat semula formula yang digunakan oleh Thailand untuk menentukan harga minyak ataupun cari semula raja formula yang sebelum ini kata boleh turunkan minyak,” katanya. Berita penuh:"
cost_of_living,2041507987425292396,"#BuletinBernama: Pelajar Malaysia di luar negara secara keseluruhannya berada dalam keadaan selamat walaupun berdepan cabaran kos sara hidup susulan situasi geopolitik semasa.

#digitalbernamatv #konflik #asiabarat #KPT #pelajar #selamati https://t.co/EdxurdeXm1",Tue Apr 07 13:26:48 +0000 2026,BernamaTV,Kuala Lumpur,True,0,0,#BuletinBernama: Pelajar Malaysia di luar negara secara keseluruhannya berada dalam keadaan selamat walaupun berdepan cabaran kos sara hidup susulan situasi geopolitik semasa. #digitalbernamatv #konflik #asiabarat #KPT #pelajar #selamati
cost_of_living,2041472216920203689,"Ketemu Duta Besar Republik Islam Iran ke Malaysia, Valiollah Mohammadi, di sela-sela Kuala Lumpur–Ankara Dialogue awal hari ini.

Dalam suasana ketidaktentuan susulan krisis Asia Barat, saya menzahirkan penghargaan Malaysia atas keputusan Iran membenarkan kapal minyak negara melalui Selat Hormuz. 

Langkah ini amat penting dalam memastikan kelangsungan bekalan tenaga, sekali gus membantu mengekang tekanan terhadap kos sara hidup rakyat dan menyokong kestabilan ekonomi negara.

//

Today, I met the Ambassador of the Islamic Republic of Iran to Malaysia, Valiollah Mohammadi, on the sidelines of the Kuala Lumpur–Ankara Dialogue.

Amid the uncertainties arising from the West Asian crisis, I conveyed Malaysia’s appreciation for Iran’s decision to allow our oil tankers to pass through the Strait of Hormuz.

#MalaysiaMADANI
#MADANIbekerja
#YakinMADANI",Tue Apr 07 11:04:39 +0000 2026,anwaribrahim,Malaysia,True,1862,348,"Ketemu Duta Besar Republik Islam Iran ke Malaysia, Valiollah Mohammadi, di sela-sela Kuala Lumpur–Ankara Dialogue awal hari ini. Dalam suasana ketidaktentuan susulan krisis Asia Barat, saya menzahirkan penghargaan Malaysia atas keputusan Iran membenarkan kapal minyak negara melalui Selat Hormuz. Langkah ini amat penting dalam memastikan kelangsungan bekalan tenaga, sekali gus membantu mengekang tekanan terhadap kos sara hidup rakyat dan menyokong kestabilan ekonomi negara. // Today, I met the Ambassador of the Islamic Republic of Iran to Malaysia, Valiollah Mohammadi, on the sidelines of the Kuala Lumpur–Ankara Dialogue. Amid the uncertainties arising from the West Asian crisis, I conveyed Malaysia’s appreciation for Iran’s decision to allow our oil tankers to pass through the Strait of Hormuz. #MalaysiaMADANI #MADANIbekerja #YakinMADANI"
cost_of_living,2041456560233148426,"Konflik Iran-Israel: Apa Implikasinya Kepada Malaysia?
 
Konflik Iran–Israel memberi kesan kepada ekonomi Malaysia melalui kenaikan harga minyak global. Kenaikan ini meningkatkan hasil sektor tenaga dan negara, namun dalam masa sama menambah tekanan terhadap kos logistik, subsidi bahan api serta kos sara hidup. 

(1/3)",Tue Apr 07 10:02:27 +0000 2026,EkonomiRakyatMY,Kuala Lumpur,True,7,4,"Konflik Iran-Israel: Apa Implikasinya Kepada Malaysia? Konflik Iran–Israel memberi kesan kepada ekonomi Malaysia melalui kenaikan harga minyak global. Kenaikan ini meningkatkan hasil sektor tenaga dan negara, namun dalam masa sama menambah tekanan terhadap kos logistik, subsidi bahan api serta kos sara hidup. (1/3)"
cost_of_living,2041445163617423411,"#BernamaGlobal: Pelajar Malaysia di luar negara secara keseluruhannya berada dalam keadaan selamat walaupun berdepan cabaran kos sara hidup susulan situasi geopolitik semasa

#digitalbernamatv #pelajar #Malaysia #selamat #geopolitik https://t.co/l2ir6olXoP",Tue Apr 07 09:17:09 +0000 2026,BernamaTV,Kuala Lumpur,True,1,0,#BernamaGlobal: Pelajar Malaysia di luar negara secara keseluruhannya berada dalam keadaan selamat walaupun berdepan cabaran kos sara hidup susulan situasi geopolitik semasa #digitalbernamatv #pelajar #Malaysia #selamat #geopolitik
jobs,2092900398856282209,"𝐌𝐀𝐋𝐀𝐘𝐒𝐈𝐀 𝐏𝐄𝐑𝐊𝐔𝐊𝐔𝐇 𝐄𝐊𝐎𝐒𝐈𝐒𝐓𝐄𝐌 𝐌𝐄𝐃𝐓𝐄𝐂𝐇, 𝐏𝐀𝐂𝐔 𝐏𝐄𝐑𝐓𝐔𝐌𝐁𝐔𝐇𝐀𝐍 𝐄𝐊𝐎𝐍𝐎𝐌𝐈 𝐁𝐄𝐑𝐍𝐈𝐋𝐀𝐈 𝐓𝐈𝐍𝐆𝐆𝐈

YB Tuan Haji Akmal Nasrullah, Menteri Ekonomi hari ini menyampaikan ucaptama bertajuk “Driving Medical Technology for Sustainable Economic Growth” bersempena International Medical Device Exhibition and Conference (IMDEC) 2026 di Kuala Lumpur Convention Centre (KLCC), Kuala Lumpur.

Dalam ucaptamanya, YB Menteri menekankan bahawa industri peranti perubatan bukan sekadar menyokong sektor kesihatan, malah merupakan pemacu pelaburan, eksport, teknologi, pekerjaan berkemahiran tinggi dan inovasi tempatan. Ini adalah double dividend dalam MedTech. 

Pada 2025, eksport peranti perubatan Malaysia bernilai RM34.54 bilion, manakala sebanyak RM4.0 bilion pelaburan diluluskan merangkumi 46 projek yang berpotensi mewujudkan 3,393 peluang pekerjaan.

Selaras dengan aspirasi RMK13, Malaysia perlu bergerak daripada kekuatan sebagai hab pembuatan kepada ekonomi berasaskan penciptaan nilai dengan meningkatkan keupayaan dalam reka bentuk, R&D, teknologi, pengkomersialan dan pemilikan harta intelek.

Kerajaan juga akan terus menarik pelaburan berkualiti yang mampu memperkukuh rantaian bekalan domestik, pemindahan teknologi, pekerjaan berkemahiran tinggi serta penyertaan syarikat Malaysia dalam aktiviti bernilai lebih tinggi bagi mencapai matlamat ""Made by Malaysia"".

#KementerianEkonomi 
#MADANIBekerja 
#taatsetia 
#MadeByMalaysia
#IMDEC2026",Thu Aug 27 09:01:53 +0000 2026,EkonomiMalaysia,Putrajaya Federal Territory,True,1,0,"𝐌𝐀𝐋𝐀𝐘𝐒𝐈𝐀 𝐏𝐄𝐑𝐊𝐔𝐊𝐔𝐇 𝐄𝐊𝐎𝐒𝐈𝐒𝐓𝐄𝐌 𝐌𝐄𝐃𝐓𝐄𝐂𝐇, 𝐏𝐀𝐂𝐔 𝐏𝐄𝐑𝐓𝐔𝐌𝐁𝐔𝐇𝐀𝐍 𝐄𝐊𝐎𝐍𝐎𝐌𝐈 𝐁𝐄𝐑𝐍𝐈𝐋𝐀𝐈 𝐓𝐈𝐍𝐆𝐆𝐈 YB Tuan Haji Akmal Nasrullah, Menteri Ekonomi hari ini menyampaikan ucaptama bertajuk “Driving Medical Technology for Sustainable Economic Growth” bersempena International Medical Device Exhibition and Conference (IMDEC) 2026 di Kuala Lumpur Convention Centre (KLCC), Kuala Lumpur. Dalam ucaptamanya, YB Menteri menekankan bahawa industri peranti perubatan bukan sekadar menyokong sektor kesihatan, malah merupakan pemacu pelaburan, eksport, teknologi, pekerjaan berkemahiran tinggi dan inovasi tempatan. Ini adalah double dividend dalam MedTech. Pada 2025, eksport peranti perubatan Malaysia bernilai RM34.54 bilion, manakala sebanyak RM4.0 bilion pelaburan diluluskan merangkumi 46 projek yang berpotensi mewujudkan 3,393 peluang pekerjaan. Selaras dengan aspirasi RMK13, Malaysia perlu bergerak daripada kekuatan sebagai hab pembuatan kepada ekonomi berasaskan penciptaan nilai dengan meningkatkan keupayaan dalam reka bentuk, R&D, teknologi, pengkomersialan dan pemilikan harta intelek. Kerajaan juga akan terus menarik pelaburan berkualiti yang mampu memperkukuh rantaian bekalan domestik, pemindahan teknologi, pekerjaan berkemahiran tinggi serta penyertaan syarikat Malaysia dalam aktiviti bernilai lebih tinggi bagi mencapai matlamat ""Made by Malaysia"". #KementerianEkonomi #MADANIBekerja #taatsetia #MadeByMalaysia #IMDEC2026"
jobs,2092488469863948592,"Persekutuan Pekilang-Pekilang Malaysia (FMM) menyifatkan cadangan Kongres Kesatuan Sekerja Malaysia (MTUC) supaya gaji minimum dinaikkan kepada RM3,100 sebagai keterlaluan dan tidak seimbang dengan keadaan ekonomi semasa.

Presiden FMM, Datuk Jacob Lee Chor Kok berkata, kenaikan sebanyak RM1,400 itu tidak boleh dilihat secara berasingan daripada pertumbuhan produktiviti, kemampuan perniagaan, inflasi, peluang pekerjaan dan kesannya terhadap keseluruhan struktur gaji.",Wed Aug 26 05:45:02 +0000 2026,EkonomiRakyatMY,Kuala Lumpur,True,12,3,"Persekutuan Pekilang-Pekilang Malaysia (FMM) menyifatkan cadangan Kongres Kesatuan Sekerja Malaysia (MTUC) supaya gaji minimum dinaikkan kepada RM3,100 sebagai keterlaluan dan tidak seimbang dengan keadaan ekonomi semasa. Presiden FMM, Datuk Jacob Lee Chor Kok berkata, kenaikan sebanyak RM1,400 itu tidak boleh dilihat secara berasingan daripada pertumbuhan produktiviti, kemampuan perniagaan, inflasi, peluang pekerjaan dan kesannya terhadap keseluruhan struktur gaji."
jobs,2092420059612565608,"Majikan dalam sektor bermargin kecil mungkin mengurangkan pekerja, menaikkan harga atau mengecilkan operasi sekiranya gaji minimum dinaikkan kepada RM3,100 sebulan.

Persekutuan Majikan-Majikan Malaysia (MEF) memberi amaran, lonjakan daripada kadar semasa RM1,700 itu bukan sekadar menambah gaji pokok kerana turut meningkatkan caruman wajib, bayaran kerja lebih masa dan faedah pekerjaan.

Presidennya, Datuk Dr. Syed Hussain Syed Husman berkata, kemampuan syarikat, keadaan ekonomi dan perbezaan antara setiap sektor perlu dinilai sebelum satu kadar baharu diwajibkan kepada semua majikan.

Beliau turut berpandangan, pendapatan pekerja sepatutnya berkembang mengikut peningkatan kemahiran, produktiviti dan tanggungjawab supaya kenaikan berkenaan dapat dikekalkan dalam jangka panjang.

Pendirian itu dibuat selepas Kongres Kesatuan Sekerja Malaysia (MTUC) mencadangkan gaji kehidupan RM3,100 dijadikan rujukan dalam semakan gaji minimum berikutan peningkatan kos keperluan asas.

Sumber: Utusan Malaysia",Wed Aug 26 01:13:12 +0000 2026,thereportermy,Malaysia,True,1,0,"Majikan dalam sektor bermargin kecil mungkin mengurangkan pekerja, menaikkan harga atau mengecilkan operasi sekiranya gaji minimum dinaikkan kepada RM3,100 sebulan. Persekutuan Majikan-Majikan Malaysia (MEF) memberi amaran, lonjakan daripada kadar semasa RM1,700 itu bukan sekadar menambah gaji pokok kerana turut meningkatkan caruman wajib, bayaran kerja lebih masa dan faedah pekerjaan. Presidennya, Datuk Dr. Syed Hussain Syed Husman berkata, kemampuan syarikat, keadaan ekonomi dan perbezaan antara setiap sektor perlu dinilai sebelum satu kadar baharu diwajibkan kepada semua majikan. Beliau turut berpandangan, pendapatan pekerja sepatutnya berkembang mengikut peningkatan kemahiran, produktiviti dan tanggungjawab supaya kenaikan berkenaan dapat dikekalkan dalam jangka panjang. Pendirian itu dibuat selepas Kongres Kesatuan Sekerja Malaysia (MTUC) mencadangkan gaji kehidupan RM3,100 dijadikan rujukan dalam semakan gaji minimum berikutan peningkatan kos keperluan asas. Sumber: Utusan Malaysia"
jobs,2092261015719383176,"MBWP mengetengahkan dua gagasan berimpak tinggi, Batik Seri MADANI dan MFIX, bagi membuka lebih banyak peluang pekerjaan, mengkomersialkan karya tempatan serta memperkasa belia sebagai pemilik ekonomi kreatif negara.

#AWANInews
#AWANI745

https://t.co/0EJohs10Tr",Tue Aug 25 14:41:13 +0000 2026,501Awani,Malaysia,True,0,0,"MBWP mengetengahkan dua gagasan berimpak tinggi, Batik Seri MADANI dan MFIX, bagi membuka lebih banyak peluang pekerjaan, mengkomersialkan karya tempatan serta memperkasa belia sebagai pemilik ekonomi kreatif negara. #AWANInews #AWANI745"
jobs,2091713306507796630,"Syukur Alhamdulillah, saya berpeluang menghadiri sesi perbincangan meja bulat bersama Maybank Singapore dan Singapore Manufacturing Federation (SMF) yang menghimpunkan wakil daripada 39 syarikat dan organisasi merentasi sektor kewangan, pembuatan dan kejuruteraan, kesihatan, ekonomi digital, infrastruktur serta utiliti.

Dalam sesi ini, saya berkongsi rekod pencapaian ekonomi Johor bagi tahun 2025 yang menunjukkan prestasi amat memberangsangkan. Ekonomi negeri mencatat pertumbuhan 8.0 peratus, tertinggi di Malaysia, dengan KDNK mencecah RM170.9 bilion. Johor turut merekodkan RM110 bilion pelaburan yang diluluskan, manakala dalam kawasan JS-SEZ, sebanyak RM77 bilion melibatkan hampir 400 projek yang dianggarkan mampu mewujudkan kira-kira lebih 24,500 peluang pekerjaan baharu.

Saya turut berkongsi usaha Kerajaan Negeri melalui Pelan Transformasi Ekonomi Johor (JETP) untuk memastikan pertumbuhan ekonomi membawa manfaat langsung kepada rakyat. Melalui Johor Talent Development Council (JTDC), pembangunan bakat diselaraskan dengan keperluan sebenar industri menerusi kerjasama bersama syarikat, universiti dan institusi TVET di Johor.

Usaha menarik pelaburan dan membangunkan bakat ini tentunya memerlukan kerjasama erat dengan rakan industri dan institusi kewangan. Saya merakamkan penghargaan kepada Maybank yang telah memudah cara hampir RM20 bilion pembiayaan dan pelaburan berkaitan JS-SEZ, serta SMF yang aktif membawa syarikat meneroka peluang di Johor. Kerjasama ini membantu membawa lebih banyak pelaburan berkualiti, teknologi, kepakaran dan peluang perniagaan ke negeri ini.

Semoga kerjasama Johor-Singapura terus diperkukuh agar pertumbuhan yang sedang berlaku dapat mempercepat pembangunan negeri secara menyeluruh, sekali gus memastikan kemajuan ekonomi Johor benar-benar dirasai oleh Bangsa Johor hari ini dan pada masa hadapan. Insya-Allah.

Allah Peliharakan Sultan
Allah Berkati Johor
Kepada Allah Kita Berserah

#BangsaJohor #MajuJohor #JSSEZ #JTDC #IMFCJ",Mon Aug 24 02:24:49 +0000 2026,onnhafiz,"Johore, Malaysia",True,34,5,"Syukur Alhamdulillah, saya berpeluang menghadiri sesi perbincangan meja bulat bersama Maybank Singapore dan Singapore Manufacturing Federation (SMF) yang menghimpunkan wakil daripada 39 syarikat dan organisasi merentasi sektor kewangan, pembuatan dan kejuruteraan, kesihatan, ekonomi digital, infrastruktur serta utiliti. Dalam sesi ini, saya berkongsi rekod pencapaian ekonomi Johor bagi tahun 2025 yang menunjukkan prestasi amat memberangsangkan. Ekonomi negeri mencatat pertumbuhan 8.0 peratus, tertinggi di Malaysia, dengan KDNK mencecah RM170.9 bilion. Johor turut merekodkan RM110 bilion pelaburan yang diluluskan, manakala dalam kawasan JS-SEZ, sebanyak RM77 bilion melibatkan hampir 400 projek yang dianggarkan mampu mewujudkan kira-kira lebih 24,500 peluang pekerjaan baharu. Saya turut berkongsi usaha Kerajaan Negeri melalui Pelan Transformasi Ekonomi Johor (JETP) untuk memastikan pertumbuhan ekonomi membawa manfaat langsung kepada rakyat. Melalui Johor Talent Development Council (JTDC), pembangunan bakat diselaraskan dengan keperluan sebenar industri menerusi kerjasama bersama syarikat, universiti dan institusi TVET di Johor. Usaha menarik pelaburan dan membangunkan bakat ini tentunya memerlukan kerjasama erat dengan rakan industri dan institusi kewangan. Saya merakamkan penghargaan kepada Maybank yang telah memudah cara hampir RM20 bilion pembiayaan dan pelaburan berkaitan JS-SEZ, serta SMF yang aktif membawa syarikat meneroka peluang di Johor. Kerjasama ini membantu membawa lebih banyak pelaburan berkualiti, teknologi, kepakaran dan peluang perniagaan ke negeri ini. Semoga kerjasama Johor-Singapura terus diperkukuh agar pertumbuhan yang sedang berlaku dapat mempercepat pembangunan negeri secara menyeluruh, sekali gus memastikan kemajuan ekonomi Johor benar-benar dirasai oleh Bangsa Johor hari ini dan pada masa hadapan. Insya-Allah. Allah Peliharakan Sultan Allah Berkati Johor Kepada Allah Kita Berserah #BangsaJohor #MajuJohor #JSSEZ #JTDC #IMFCJ"
jobs,2091073410386604524,"MGPerak: Dewan Belia Perak Perlu Aktif Persiap Anak Muda Rebut Peluang Pekerjaan

IPOH – Dewan Belia Perak perlu memainkan peranan lebih aktif dalam memastikan anak muda negeri ini bersedia merebut peluang pekerjaan dan perniagaan yang bakal terhasil daripada pertumbuhan ekonomi serta pelaburan baharu.

Menteri Besar Perak, Datuk Seri Saarani Mohamad berkata, peranan itu penting bagi merapatkan jurang maklumat, kemahiran dan akses golongan muda kepada industri. -MGPerak

#mgperak #malaysiagazetteperak #MBPerak #SaaraniMohamad

Video : Syakir Yusof",Sat Aug 22 08:02:05 +0000 2026,MalaysiaGazette,Kuala Lumpur,True,0,0,"MGPerak: Dewan Belia Perak Perlu Aktif Persiap Anak Muda Rebut Peluang Pekerjaan IPOH – Dewan Belia Perak perlu memainkan peranan lebih aktif dalam memastikan anak muda negeri ini bersedia merebut peluang pekerjaan dan perniagaan yang bakal terhasil daripada pertumbuhan ekonomi serta pelaburan baharu. Menteri Besar Perak, Datuk Seri Saarani Mohamad berkata, peranan itu penting bagi merapatkan jurang maklumat, kemahiran dan akses golongan muda kepada industri. -MGPerak #mgperak #malaysiagazetteperak #MBPerak #SaaraniMohamad Video : Syakir Yusof"
jobs,2090622941054771256,"#DariBilikBerita : Malaysia akan menyemak semula pemohon pelaburan baharu bagi memastikan aktiviti mereka menjana pekerjaan dan membawa manfaat ekonomi kepada negara.

#digitalbernamatv #anwaribrahim #pelaburan https://t.co/s0GBEFZaeo",Fri Aug 21 02:12:05 +0000 2026,BernamaTV,Kuala Lumpur,True,0,0,#DariBilikBerita : Malaysia akan menyemak semula pemohon pelaburan baharu bagi memastikan aktiviti mereka menjana pekerjaan dan membawa manfaat ekonomi kepada negara. #digitalbernamatv #anwaribrahim #pelaburan
jobs,2090559668041265587,"PM Dijangka Buat Pengumuman Penting Pada 30 Ogos, 16 Sept

PERDANA Menteri Datuk Seri Anwar Ibrahim dijangka membuat beberapa pengumuman penting berkaitan negara pada malam sambutan ambang merdeka dan Hari Malaysia pada 16 Sept ini.

Bagaimanapun, beliau tidak mengulas lanjut mengenai perkara yang bakal diumumkan itu.

“Saya akan dengar, minta beberapa pandangan lain dikemukakan dan (menjelang) 31 Ogos tahun ini, saya akan buat satu dua pengumuman penting bagi negara... kemudian saya ke Kuching, 16 Sept Hari Malaysia.

“Jadi, 30 Ogos malam satu pengumuman, (selepas itu) 16 Sept, kemudian (akan ada pengumuman pada) awal Oktober (semasa) Belanjawan,” katanya pada sesi Temu Anwar sempena Majlis Perasmian Himpunan Anak Muda (HAMKA) Antarabangsa 2026 di Klang hari ini (semalam).

Anwar berkata demikian ketika menjawab soalan seorang mahasiswa mengenai langkah kerajaan bagi menjamin kebajikan dan keselamatan kewangan belia yang terlibat dalam ekonomi gig.

Perdana Menteri berkata kerajaan sedang memperkukuh perlindungan bagi pekerja ekonomi gig menerusi penubuhan Suruhanjaya Ekonomi Gig Malaysia (SEGiM) selain memperkenal rang undang-undang baharu berkaitan perniagaan kecil-kecilan.

Beliau berkata walaupun terdapat pandangan bahawa bantuan sedia ada masih belum mencukupi, kerajaan tetap perlu memastikan kebajikan golongan berkenaan terbela.

Dalam pada itu, Anwar berkata kerajaan akan mempermudah akses pembiayaan kepada graduan yang ingin memulakan perniagaan termasuk menerusi Tabung Ekonomi Kumpulan Usaha Niaga (TEKUN) Nasional.

Beliau berkata syarat sedia ada yang memerlukan pemohon mempunyai rekod perniagaan sebelum memperoleh pembiayaan perlu dilihat semula memandangkan keadaan ekonomi dan corak pekerjaan telah berubah.

“Jadi, saya hanya boleh sebut di sini saya akan dengar dan teliti... jika ada keupayaan, kita akan lakukan yang terbaik untuk belia,” katanya.

- Bernama",Thu Aug 20 22:00:40 +0000 2026,mynewshub,Malaysia,True,2,0,"PM Dijangka Buat Pengumuman Penting Pada 30 Ogos, 16 Sept PERDANA Menteri Datuk Seri Anwar Ibrahim dijangka membuat beberapa pengumuman penting berkaitan negara pada malam sambutan ambang merdeka dan Hari Malaysia pada 16 Sept ini. Bagaimanapun, beliau tidak mengulas lanjut mengenai perkara yang bakal diumumkan itu. “Saya akan dengar, minta beberapa pandangan lain dikemukakan dan (menjelang) 31 Ogos tahun ini, saya akan buat satu dua pengumuman penting bagi negara... kemudian saya ke Kuching, 16 Sept Hari Malaysia. “Jadi, 30 Ogos malam satu pengumuman, (selepas itu) 16 Sept, kemudian (akan ada pengumuman pada) awal Oktober (semasa) Belanjawan,” katanya pada sesi Temu Anwar sempena Majlis Perasmian Himpunan Anak Muda (HAMKA) Antarabangsa 2026 di Klang hari ini (semalam). Anwar berkata demikian ketika menjawab soalan seorang mahasiswa mengenai langkah kerajaan bagi menjamin kebajikan dan keselamatan kewangan belia yang terlibat dalam ekonomi gig. Perdana Menteri berkata kerajaan sedang memperkukuh perlindungan bagi pekerja ekonomi gig menerusi penubuhan Suruhanjaya Ekonomi Gig Malaysia (SEGiM) selain memperkenal rang undang-undang baharu berkaitan perniagaan kecil-kecilan. Beliau berkata walaupun terdapat pandangan bahawa bantuan sedia ada masih belum mencukupi, kerajaan tetap perlu memastikan kebajikan golongan berkenaan terbela. Dalam pada itu, Anwar berkata kerajaan akan mempermudah akses pembiayaan kepada graduan yang ingin memulakan perniagaan termasuk menerusi Tabung Ekonomi Kumpulan Usaha Niaga (TEKUN) Nasional. Beliau berkata syarat sedia ada yang memerlukan pemohon mempunyai rekod perniagaan sebelum memperoleh pembiayaan perlu dilihat semula memandangkan keadaan ekonomi dan corak pekerjaan telah berubah. “Jadi, saya hanya boleh sebut di sini saya akan dengar dan teliti... jika ada keupayaan, kita akan lakukan yang terbaik untuk belia,” katanya. - Bernama"
jobs,2090348986557432307,"Bagi rakyat, matlamatnya mudah: membuka lebih banyak peluang untuk belajar, mendapatkan pekerjaan yang sepadan dengan kemahiran, dan terus berkembang sepanjang kerjaya. Inilah bagaimana GEAR-uP Menaikkan Lantai, supaya apabila ekonomi Malaysia berkembang,",Thu Aug 20 08:03:29 +0000 2026,MOFmalaysia,Putrajaya Federal Territory,True,0,0,"Bagi rakyat, matlamatnya mudah: membuka lebih banyak peluang untuk belajar, mendapatkan pekerjaan yang sepadan dengan kemahiran, dan terus berkembang sepanjang kerjaya. Inilah bagaimana GEAR-uP Menaikkan Lantai, supaya apabila ekonomi Malaysia berkembang,"
jobs,2090345246983131575,"Malaysia akan semak semula pemohon pelaburan baharu, pastikan jana manfaat ekonomi - Anwar

Ia bagi memastikan aktiviti syarikat menjana pekerjaan dan memberi manfaat kepada ekonomi serta perniagaan tempatan

#SinarHarian #Malaysia #semaksemula #permohonan #pelaburanbaharu

https://t.co/tv6vbxKieP",Thu Aug 20 07:48:38 +0000 2026,SinarOnline,Malaysia,True,0,0,"Malaysia akan semak semula pemohon pelaburan baharu, pastikan jana manfaat ekonomi - Anwar Ia bagi memastikan aktiviti syarikat menjana pekerjaan dan memberi manfaat kepada ekonomi serta perniagaan tempatan #SinarHarian #Malaysia #semaksemula #permohonan #pelaburanbaharu"
jobs,2090342800399188418,"Syukur Alhamdulillah, hubungan erat dan kerjasama baik antara Johor dan Singapura terus membuka lebih banyak ruang untuk kita bergerak bersama, khususnya dalam menjayakan Johor-Singapore Special Economic Zone (JS-SEZ). Momentum yang dicapai setakat ini amat menggalakkan. Sejak Januari 2025, sebanyak 1,436 pertanyaan pelaburan telah diterima menerusi Invest Malaysia Facilitation Centre Johor (IMFC-J), termasuk 43 prospek pelaburan yang dirujuk oleh EDB dan Enterprise Singapore.

Dalam rangka lawatan kerja ke Singapura, saya berkesempatan bersarapan dan mengadakan perbincangan bersama Tuan Chee Hong Tat, Menteri Pembangunan Negara Singapura. Pertemuan ini menjadi satu lagi ruang untuk memperkukuh hubungan Johor-Singapura serta menyelaras langkah seterusnya bagi memastikan JS-SEZ bergerak daripada perancangan kepada pelaksanaan yang tersusun dan berkesan.

Antara yang diberikan perhatian ialah persediaan ke arah pelancaran Pelan Induk dan Pelan Tindakan Pelaburan JS-SEZ pada penghujung tahun ini, selain usaha menarik pelabur strategik berimpak tinggi, memperkukuh rantaian bekalan serta penglibatan PKS, dan memudahkan urusan perniagaan serta pergerakan barangan antara Johor dan Singapura.

Bagi Johor, kemasukan pelaburan perlu membawa nilai tambah yang lebih besar kepada ekonomi negeri. Ia bukan sahaja perlu mewujudkan lebih banyak pekerjaan berpendapatan tinggi untuk anak-anak Johor, malah membuka lebih banyak peluang kepada syarikat, vendor, PKS dan usahawan tempatan untuk berkembang bersama serta memastikan limpahan ekonomi JS-SEZ dapat dinikmati oleh negeri dan seluruh Bangsa Johor.

Secara keseluruhan pertemuan ini cukup positif dan pelbagai perkara dibincangkan secara terbuka. Terima kasih kepada Tuan Chee Hong Tat atas kesudian meluangkan masa serta komitmen untuk terus memperkukuh kerjasama ini. Semoga pertemuan ini menjadi satu lagi langkah penting dalam memperkukuh kerjasama Johor-Singapura, seterusnya melancarkan pelaksanaan JS-SEZ selain memastikan segala perancangan yang dipersetujui dapat dilaksanakan dengan baik dan sistematik. Insya-Allah.

Allah Peliharakan Sultan
Allah Berkati Johor
Kepada Allah Kita Berserah

#BangsaJohor #MajuJohor #JSSEZ #IMFCJ #JTDC",Thu Aug 20 07:38:54 +0000 2026,onnhafiz,"Johore, Malaysia",True,32,11,"Syukur Alhamdulillah, hubungan erat dan kerjasama baik antara Johor dan Singapura terus membuka lebih banyak ruang untuk kita bergerak bersama, khususnya dalam menjayakan Johor-Singapore Special Economic Zone (JS-SEZ). Momentum yang dicapai setakat ini amat menggalakkan. Sejak Januari 2025, sebanyak 1,436 pertanyaan pelaburan telah diterima menerusi Invest Malaysia Facilitation Centre Johor (IMFC-J), termasuk 43 prospek pelaburan yang dirujuk oleh EDB dan Enterprise Singapore. Dalam rangka lawatan kerja ke Singapura, saya berkesempatan bersarapan dan mengadakan perbincangan bersama Tuan Chee Hong Tat, Menteri Pembangunan Negara Singapura. Pertemuan ini menjadi satu lagi ruang untuk memperkukuh hubungan Johor-Singapura serta menyelaras langkah seterusnya bagi memastikan JS-SEZ bergerak daripada perancangan kepada pelaksanaan yang tersusun dan berkesan. Antara yang diberikan perhatian ialah persediaan ke arah pelancaran Pelan Induk dan Pelan Tindakan Pelaburan JS-SEZ pada penghujung tahun ini, selain usaha menarik pelabur strategik berimpak tinggi, memperkukuh rantaian bekalan serta penglibatan PKS, dan memudahkan urusan perniagaan serta pergerakan barangan antara Johor dan Singapura. Bagi Johor, kemasukan pelaburan perlu membawa nilai tambah yang lebih besar kepada ekonomi negeri. Ia bukan sahaja perlu mewujudkan lebih banyak pekerjaan berpendapatan tinggi untuk anak-anak Johor, malah membuka lebih banyak peluang kepada syarikat, vendor, PKS dan usahawan tempatan untuk berkembang bersama serta memastikan limpahan ekonomi JS-SEZ dapat dinikmati oleh negeri dan seluruh Bangsa Johor. Secara keseluruhan pertemuan ini cukup positif dan pelbagai perkara dibincangkan secara terbuka. Terima kasih kepada Tuan Chee Hong Tat atas kesudian meluangkan masa serta komitmen untuk terus memperkukuh kerjasama ini. Semoga pertemuan ini menjadi satu lagi langkah penting dalam memperkukuh kerjasama Johor-Singapura, seterusnya melancarkan pelaksanaan JS-SEZ selain memastikan segala perancangan yang dipersetujui dapat dilaksanakan dengan baik dan sistematik. Insya-Allah. Allah Peliharakan Sultan Allah Berkati Johor Kepada Allah Kita Berserah #BangsaJohor #MajuJohor #JSSEZ #IMFCJ #JTDC"
jobs,2090322929641013737,"📌 Kerajaan terbuka untuk menambah baik SST, guna pakai beberapa komponen GST tetapi menolak cukai terhadap rakyat termiskin secara menyeluruh
 
📌 Kerajaan akan mempercepat penggubalan RUU e-dagang, perkemas peraturan dan melindungi peniaga serta pengguna

📌 Jualan Ehsan Rahmah dalam talian akan diadakan pada 9 Sept sempena sambutan Hari Malaysia 2026

📌 Kerajaan akan teliti pemohon pelaburan baharu untuk memastikan manfaat ekonomi dan pekerjaan

📌 Malaysia tolak pelaburan Pelabuhan Klang dalam gudang, aktiviti transit tanpa manfaat pekerjaan dan ekonomi

-- PM Datuk Seri Anwar Ibrahim

#digitalbernamatv 
#edagang
#rakyat",Thu Aug 20 06:19:57 +0000 2026,BernamaTV,Kuala Lumpur,True,0,0,"📌 Kerajaan terbuka untuk menambah baik SST, guna pakai beberapa komponen GST tetapi menolak cukai terhadap rakyat termiskin secara menyeluruh 📌 Kerajaan akan mempercepat penggubalan RUU e-dagang, perkemas peraturan dan melindungi peniaga serta pengguna 📌 Jualan Ehsan Rahmah dalam talian akan diadakan pada 9 Sept sempena sambutan Hari Malaysia 2026 📌 Kerajaan akan teliti pemohon pelaburan baharu untuk memastikan manfaat ekonomi dan pekerjaan 📌 Malaysia tolak pelaburan Pelabuhan Klang dalam gudang, aktiviti transit tanpa manfaat pekerjaan dan ekonomi -- PM Datuk Seri Anwar Ibrahim #digitalbernamatv #edagang #rakyat"
jobs,2090320124486341024,"📌 Kerajaan akan mempercepat penggubalan RUU e-dagang, perkemas peraturan dan melindungi peniaga serta pengguna 

📌 Jualan Ehsan Rahmah dalam talian akan diadakan pada 9 Sept sempena sambutan Hari Malaysia 2026

📌 Kerajaan akan teliti pemohon pelaburan baharu untuk memastikan manfaat ekonomi dan pekerjaan 

📌 Kerajaan terbuka untuk menambah baik SST, guna pakai beberapa komponen GST tetapi menolak cukai terhadap rakyat termiskin secara menyeluruh 

📌 Malaysia tolak pelaburan Pelabuhan Klang dalam gudang, aktiviti transit tanpa manfaat pekerjaan dan ekonomi 

- PM @anwaribrahim 

#BernamaNews",Thu Aug 20 06:08:48 +0000 2026,bernamadotcom,"Kuala Lumpur, Malaysia",True,4,0,"📌 Kerajaan akan mempercepat penggubalan RUU e-dagang, perkemas peraturan dan melindungi peniaga serta pengguna 📌 Jualan Ehsan Rahmah dalam talian akan diadakan pada 9 Sept sempena sambutan Hari Malaysia 2026 📌 Kerajaan akan teliti pemohon pelaburan baharu untuk memastikan manfaat ekonomi dan pekerjaan 📌 Kerajaan terbuka untuk menambah baik SST, guna pakai beberapa komponen GST tetapi menolak cukai terhadap rakyat termiskin secara menyeluruh 📌 Malaysia tolak pelaburan Pelabuhan Klang dalam gudang, aktiviti transit tanpa manfaat pekerjaan dan ekonomi - PM @anwaribrahim #BernamaNews"
jobs,2090312655298851098,"📌Kerajaan akan mempercepat penggubalan RUU e-dagang, perkemas peraturan dan melindungi peniaga serta pengguna

📌Jualan Ehsan Rahmah dalam talian akan diadakan pada 9 Sept sempena sambutan Hari Malaysia 2026

📌 Kerajaan akan teliti pemohon pelaburan baharu untuk memastikan manfaat ekonomi dan pekerjaan 

📌Kerajaan terbuka untuk menambah baik SST, guna pakai beberapa komponen  GST tetapi menolak cukai terhadap rakyat termiskin secara menyeluruh

📌Malaysia tolak pelaburan Pelabuhan Klang dalam gudang, aktiviti transit tanpa manfaat pekerjaan dan ekonomi

- PM Datuk Seri Anwar Ibrahim",Thu Aug 20 05:39:07 +0000 2026,Bernama_Radio,Malaysia,True,0,0,"📌Kerajaan akan mempercepat penggubalan RUU e-dagang, perkemas peraturan dan melindungi peniaga serta pengguna 📌Jualan Ehsan Rahmah dalam talian akan diadakan pada 9 Sept sempena sambutan Hari Malaysia 2026 📌 Kerajaan akan teliti pemohon pelaburan baharu untuk memastikan manfaat ekonomi dan pekerjaan 📌Kerajaan terbuka untuk menambah baik SST, guna pakai beberapa komponen GST tetapi menolak cukai terhadap rakyat termiskin secara menyeluruh 📌Malaysia tolak pelaburan Pelabuhan Klang dalam gudang, aktiviti transit tanpa manfaat pekerjaan dan ekonomi - PM Datuk Seri Anwar Ibrahim"
jobs,2090312493604450420,"📌Kerajaan akan teliti pemohon pelaburan baharu untuk memastikan manfaat ekonomi dan pekerjaan - PM @anwaribrahim 

📌 Kerajaan terbuka untuk menambah baik SST, guna pakai beberapa komponen GST tetapi menolak cukai terhadap rakyat termiskin secara menyeluruh - PM @anwaribrahim 

📌 Malaysia tolak pelaburan Pelabuhan Klang dalam gudang, aktiviti transit tanpa manfaat pekerjaan dan ekonomi - PM @anwaribrahim 

#BernamaBiz",Thu Aug 20 05:38:29 +0000 2026,BernamaBiz,Kuala Lumpur,True,0,0,"📌Kerajaan akan teliti pemohon pelaburan baharu untuk memastikan manfaat ekonomi dan pekerjaan - PM @anwaribrahim 📌 Kerajaan terbuka untuk menambah baik SST, guna pakai beberapa komponen GST tetapi menolak cukai terhadap rakyat termiskin secara menyeluruh - PM @anwaribrahim 📌 Malaysia tolak pelaburan Pelabuhan Klang dalam gudang, aktiviti transit tanpa manfaat pekerjaan dan ekonomi - PM @anwaribrahim #BernamaBiz"
jobs,2089693297216532926,"Pertumbuhan ekonomi Malaysia sebanyak enam peratus pada suku kedua 2026 perlu diterjemahkan kepada peningkatan gaji, peluang pekerjaan berkualiti dan kesejahteraan rakyat.

#AWANInews
#AWANI745

https://t.co/vogODVeKjZ",Tue Aug 18 12:38:01 +0000 2026,501Awani,Malaysia,True,0,0,"Pertumbuhan ekonomi Malaysia sebanyak enam peratus pada suku kedua 2026 perlu diterjemahkan kepada peningkatan gaji, peluang pekerjaan berkualiti dan kesejahteraan rakyat. #AWANInews #AWANI745"
jobs,2089673663595651306,"Malaysia perlu melangkau lebih daripada sekadar menjadi pengguna kecerdasan buatan (AI) dengan membangunkan dan memanfaatkan teknologi itu secara bertanggungjawab bagi menghasilkan penyelesaian yang memberi impak global.

Menteri Sains, Teknologi dan Inovasi Datuk Chang Lih Kang berkata usaha itu memerlukan tenaga kerja berkemahiran tinggi dan bersedia menghadapi masa depan,  selaras dengan peranan AI yang terus mengubah landskap industri, ekonomi serta corak kehidupan dan pekerjaan.

https://t.co/fKC9mWgzM4",Tue Aug 18 11:20:00 +0000 2026,Bernama_Radio,Malaysia,True,0,0,"Malaysia perlu melangkau lebih daripada sekadar menjadi pengguna kecerdasan buatan (AI) dengan membangunkan dan memanfaatkan teknologi itu secara bertanggungjawab bagi menghasilkan penyelesaian yang memberi impak global. Menteri Sains, Teknologi dan Inovasi Datuk Chang Lih Kang berkata usaha itu memerlukan tenaga kerja berkemahiran tinggi dan bersedia menghadapi masa depan, selaras dengan peranan AI yang terus mengubah landskap industri, ekonomi serta corak kehidupan dan pekerjaan."
jobs,2089672374828560609,"Kita tak akan teragak-agak untuk pastikan pelaksanaan kerjasama strategik antara Malaysia dan Arm Holdings terus berjalan dengan lancar. 

Kali ini saya duduk bersama Naib Canselor dan Timbalan-Timbalan Naib Canselor dari 12 universiti awam untuk kita sama-sama semak to-do-list yang ada di peringkat pembangunan bakat.

Setiap universiti memberi komitmen untuk pastikan latihan Arm On-Demand giat dijalankan di peringkat universiti, sama ada secara fizikal mahupun atas talian.

Bakat-bakat ini kita perlu jaga sebaiknya sehingga tamat latihan dan pastikan mereka memanfaatkan latihan yang diperoleh dalam kerjaya mereka kemudian sebagai circuit designer.

Seperti yang saya nyatakan sejak awal di Kementerian Ekonomi, dasar yang baik hanya berhasil bila execution atau pelaksanaan dibuat bersungguh-sungguh.

Kerajaan juga sedang sedaya upaya menjayakan kerjasama ini supaya lebih banyak peluang pekerjaan bernilai dan bergaji tinggi.",Tue Aug 18 11:14:53 +0000 2026,akmalnasir,"Johor Bahru, Johor",True,61,16,"Kita tak akan teragak-agak untuk pastikan pelaksanaan kerjasama strategik antara Malaysia dan Arm Holdings terus berjalan dengan lancar. Kali ini saya duduk bersama Naib Canselor dan Timbalan-Timbalan Naib Canselor dari 12 universiti awam untuk kita sama-sama semak to-do-list yang ada di peringkat pembangunan bakat. Setiap universiti memberi komitmen untuk pastikan latihan Arm On-Demand giat dijalankan di peringkat universiti, sama ada secara fizikal mahupun atas talian. Bakat-bakat ini kita perlu jaga sebaiknya sehingga tamat latihan dan pastikan mereka memanfaatkan latihan yang diperoleh dalam kerjaya mereka kemudian sebagai circuit designer. Seperti yang saya nyatakan sejak awal di Kementerian Ekonomi, dasar yang baik hanya berhasil bila execution atau pelaksanaan dibuat bersungguh-sungguh. Kerajaan juga sedang sedaya upaya menjayakan kerjasama ini supaya lebih banyak peluang pekerjaan bernilai dan bergaji tinggi."
jobs,2089569732580319551,"Petang semalam saya menyempurnakan perasmian SME Platinum Business Awards (PBA) 2026 Roadshow Shah Alam Grand Finale, yang menjadi destinasi terakhir jelajah PBA 2026 di seluruh negara.

Perusahaan kecil dan sederhana (PKS) merupakan tulang belakang ekonomi negara. Lebih 1.08 juta PKS merangkumi 96.1% daripada keseluruhan pertubuhan perniagaan di Malaysia, menyumbang 39.5% kepada KDNK serta menyediakan pekerjaan kepada 8.1 juta rakyat Malaysia. Apabila PKS berkembang dan menjadi lebih berdaya saing, ekonomi negara turut menjadi lebih kukuh.

Sebagai negeri peneraju ekonomi negara, Selangor mahu memastikan pertumbuhan pelaburan turut membuka ruang lebih luas kepada syarikat tempatan untuk berkembang. Melalui program seperti Invest Selangor Business Linkages & Advancement Programme (BLAST), kita menghubungkan PKS tempatan dengan syarikat multinasional, syarikat peringkat pertengahan serta pemain industri utama agar mereka dapat menyertai rantaian bekalan bernilai lebih tinggi.

PKS Selangor tidak seharusnya kekal sebagai pemain tempatan semata-mata. Kita mahu mereka memiliki keupayaan, keyakinan dan daya saing untuk menembusi pasaran serantau serta global.

Tema PBA tahun ini, “Governance • Digitalisation • Intelligence”, juga selari dengan keperluan perniagaan masa kini. Tadbir urus yang baik membina kepercayaan, pendigitalan meningkatkan produktiviti, manakala penggunaan data, teknologi dan kecerdasan buatan membolehkan keputusan perniagaan dibuat dengan lebih pantas dan tepat. Semua ini bukan lagi sekadar kelebihan, tetapi keperluan untuk kekal kompetitif.

Kerajaan Negeri akan terus bekerjasama dengan persatuan perniagaan, institusi kewangan, pemain industri serta agensi Kerajaan bagi membina ekosistem yang melahirkan bukan sekadar lebih banyak perniagaan, tetapi perniagaan yang lebih kukuh, inovatif dan berdaya tahan serta mampu mencipta pekerjaan berkualiti.

Tahniah kepada SME Association of Malaysia, SME Association of Selangor serta semua pihak yang menjayakan PBA 2026 Roadshow. Saya berharap lebih banyak syarikat dari Selangor tampil ke hadapan dan mendapat pengiktirafan di pentas nasional.

#KitaSelangor",Tue Aug 18 04:27:01 +0000 2026,AmirudinShari,"Gombak, Selangor",True,19,0,"Petang semalam saya menyempurnakan perasmian SME Platinum Business Awards (PBA) 2026 Roadshow Shah Alam Grand Finale, yang menjadi destinasi terakhir jelajah PBA 2026 di seluruh negara. Perusahaan kecil dan sederhana (PKS) merupakan tulang belakang ekonomi negara. Lebih 1.08 juta PKS merangkumi 96.1% daripada keseluruhan pertubuhan perniagaan di Malaysia, menyumbang 39.5% kepada KDNK serta menyediakan pekerjaan kepada 8.1 juta rakyat Malaysia. Apabila PKS berkembang dan menjadi lebih berdaya saing, ekonomi negara turut menjadi lebih kukuh. Sebagai negeri peneraju ekonomi negara, Selangor mahu memastikan pertumbuhan pelaburan turut membuka ruang lebih luas kepada syarikat tempatan untuk berkembang. Melalui program seperti Invest Selangor Business Linkages & Advancement Programme (BLAST), kita menghubungkan PKS tempatan dengan syarikat multinasional, syarikat peringkat pertengahan serta pemain industri utama agar mereka dapat menyertai rantaian bekalan bernilai lebih tinggi. PKS Selangor tidak seharusnya kekal sebagai pemain tempatan semata-mata. Kita mahu mereka memiliki keupayaan, keyakinan dan daya saing untuk menembusi pasaran serantau serta global. Tema PBA tahun ini, “Governance • Digitalisation • Intelligence”, juga selari dengan keperluan perniagaan masa kini. Tadbir urus yang baik membina kepercayaan, pendigitalan meningkatkan produktiviti, manakala penggunaan data, teknologi dan kecerdasan buatan membolehkan keputusan perniagaan dibuat dengan lebih pantas dan tepat. Semua ini bukan lagi sekadar kelebihan, tetapi keperluan untuk kekal kompetitif. Kerajaan Negeri akan terus bekerjasama dengan persatuan perniagaan, institusi kewangan, pemain industri serta agensi Kerajaan bagi membina ekosistem yang melahirkan bukan sekadar lebih banyak perniagaan, tetapi perniagaan yang lebih kukuh, inovatif dan berdaya tahan serta mampu mencipta pekerjaan berkualiti. Tahniah kepada SME Association of Malaysia, SME Association of Selangor serta semua pihak yang menjayakan PBA 2026 Roadshow. Saya berharap lebih banyak syarikat dari Selangor tampil ke hadapan dan mendapat pengiktirafan di pentas nasional. #KitaSelangor"
jobs,2089254405367337460,"Pemuda PKR Selangor berkata, sebelum MB Kedah bercakap besar tentang cita-cita PN, PAS perlu menjawab satu persoalan mudah: apa sebenarnya yang mereka mahu tawarkan.

“Kalau belanjawan alternatif pun malas nak buat, tak perlulah sembang mahu tawan Selangor,” sindir timbalan ketuanya, Mohamad Shahrul Adnan.

Katanya Selangor menunjukkan prestasi yang baik selama ditadbir PH seperti kekal menjadi penyumbang terbesar kepada ekonomi Malaysia dan menjadi antara pusat utama pelaburan, perindustrian, perdagangan serta peluang pekerjaan.

Berita penuh: https://t.co/NtlHr7AO3i",Mon Aug 17 07:34:01 +0000 2026,mkini_bm,Kuala Lumpur,True,33,7,"Pemuda PKR Selangor berkata, sebelum MB Kedah bercakap besar tentang cita-cita PN, PAS perlu menjawab satu persoalan mudah: apa sebenarnya yang mereka mahu tawarkan. “Kalau belanjawan alternatif pun malas nak buat, tak perlulah sembang mahu tawan Selangor,” sindir timbalan ketuanya, Mohamad Shahrul Adnan. Katanya Selangor menunjukkan prestasi yang baik selama ditadbir PH seperti kekal menjadi penyumbang terbesar kepada ekonomi Malaysia dan menjadi antara pusat utama pelaburan, perindustrian, perdagangan serta peluang pekerjaan. Berita penuh:"
jobs,2089132308834242876,"Syukur Alhamdulillah, saya berkesempatan mengadakan pertemuan bersama YB Datuk Seri Johari Abdul Ghani, Menteri Pelaburan, Perdagangan dan Industri (MITI), bagi membincangkan hala tuju pelaburan dan pembangunan industri Johor, khususnya dalam memastikan pertumbuhan ekonomi negeri terus membuka lebih banyak peluang dan manfaat untuk negeri.

Johor mencatatkan pertumbuhan Keluaran Dalam Negeri Kasar (KDNK) sebanyak 8.0% pada tahun 2025, tertinggi dalam negara. Pencapaian ini memberi keyakinan untuk Johor terus melangkah ke hadapan, namun ukuran kejayaan kita bukan hanya pada jumlah pelaburan yang dibawa masuk tetapi sejauh mana pelaburan tersebut mampu mewujudkan pekerjaan berkualiti dan berpendapatan tinggi, membangunkan bakat tempatan serta memberikan manfaat secara langsung kepada Bangsa Johor.

Perbincangan ini turut menekankan bahawa setiap pelaburan yang hadir mesti membawa limpahan lebih luas kepada ekonomi tempatan. Ini termasuk membuka lebih banyak peluang kepada perusahaan mikro, kecil dan sederhana (PMKS), membangunkan vendor dan syarikat tempatan serta mengukuhkan rantaian bekalan dalam negeri.

Melalui kerjasama erat Kerajaan Negeri bersama Invest Johor dan Malaysian Investment Development Authority (MIDA), serta sokongan berterusan Kerajaan Persekutuan, kita menyasarkan lebih banyak pelaburan berkualiti dan projek bernilai tinggi di Johor, sekali gus mewujudkan lebih 200,000 peluang pekerjaan baharu untuk Bangsa Johor dan rakyat Malaysia menjelang 2030.

Insya-Allah, Johor akan terus menjadi antara enjin utama pertumbuhan ekonomi negara, menarik pelaburan berkualiti, memperkukuh industri dan memastikan setiap manfaat pembangunan kembali kepada rakyat. Semoga setiap usaha, perancangan dan ikhtiar dipermudahkan, sekali gus membawa kemakmuran serta masa depan yang lebih baik buat seluruh Bangsa Johor.

Allah Peliharakan Sultan
Allah Berkati Johor
Kepada Allah Kita Berserah

#BangsaJohor #MajuJohor #JohorBersih #JohorSelamat #XtifJohor",Sun Aug 16 23:28:51 +0000 2026,onnhafiz,"Johore, Malaysia",True,62,11,"Syukur Alhamdulillah, saya berkesempatan mengadakan pertemuan bersama YB Datuk Seri Johari Abdul Ghani, Menteri Pelaburan, Perdagangan dan Industri (MITI), bagi membincangkan hala tuju pelaburan dan pembangunan industri Johor, khususnya dalam memastikan pertumbuhan ekonomi negeri terus membuka lebih banyak peluang dan manfaat untuk negeri. Johor mencatatkan pertumbuhan Keluaran Dalam Negeri Kasar (KDNK) sebanyak 8.0% pada tahun 2025, tertinggi dalam negara. Pencapaian ini memberi keyakinan untuk Johor terus melangkah ke hadapan, namun ukuran kejayaan kita bukan hanya pada jumlah pelaburan yang dibawa masuk tetapi sejauh mana pelaburan tersebut mampu mewujudkan pekerjaan berkualiti dan berpendapatan tinggi, membangunkan bakat tempatan serta memberikan manfaat secara langsung kepada Bangsa Johor. Perbincangan ini turut menekankan bahawa setiap pelaburan yang hadir mesti membawa limpahan lebih luas kepada ekonomi tempatan. Ini termasuk membuka lebih banyak peluang kepada perusahaan mikro, kecil dan sederhana (PMKS), membangunkan vendor dan syarikat tempatan serta mengukuhkan rantaian bekalan dalam negeri. Melalui kerjasama erat Kerajaan Negeri bersama Invest Johor dan Malaysian Investment Development Authority (MIDA), serta sokongan berterusan Kerajaan Persekutuan, kita menyasarkan lebih banyak pelaburan berkualiti dan projek bernilai tinggi di Johor, sekali gus mewujudkan lebih 200,000 peluang pekerjaan baharu untuk Bangsa Johor dan rakyat Malaysia menjelang 2030. Insya-Allah, Johor akan terus menjadi antara enjin utama pertumbuhan ekonomi negara, menarik pelaburan berkualiti, memperkukuh industri dan memastikan setiap manfaat pembangunan kembali kepada rakyat. Semoga setiap usaha, perancangan dan ikhtiar dipermudahkan, sekali gus membawa kemakmuran serta masa depan yang lebih baik buat seluruh Bangsa Johor. Allah Peliharakan Sultan Allah Berkati Johor Kepada Allah Kita Berserah #BangsaJohor #MajuJohor #JohorBersih #JohorSelamat #XtifJohor"
jobs,2088518847552999931,"Di Melaka hari ini untuk bersama rakan-rakan seperjuangan dalam Kongres Nasional KEADILAN 2026. Dalam ucapan dasar, saya menghimbau ikrar perjuangan menerusi Deklarasi Permatang Pauh 28 tahun lalu, tatkala kita memilih jalan sukar untuk menongkah arus dengan merangkul kekuatan seluruh rakyat merentasi kaum, agama dan wilayah bagi membentuk Malaysia yang lebih demokratik, adil dan manusiawi.

Kita meneruskan cita-cita besar negarawan ulung Allahyarham Dato’ Onn Jaafar yang lebih awal membayangkan sebuah wadah politik melangkaui batas kaum demi masa depan negara.

Perjalanan kita telah melalui jalan raya dan penjara, kekalahan dan kemenangan, serta pengkhianatan yang hampir memusnahkan harapan. Dahulu kita menuntut perubahan. Hari ini, setelah diberikan amanah menentukan arah negara, tanggungjawab kita adalah melaksanakannya.

Alhamdulillah, kestabilan yang dibina bersama rakan-rakan telah memungkinkan beberapa perubahan penting dilaksanakan dalam keadaan ekonomi dunia yang amat mencabar. Namun Kongres ini juga medan untuk kita bermuhasabah dan mengakui bahawa masih ada keresahan rakyat yang belum ditangani sepenuhnya. Kita mesti mendengar dengan terbuka dan memperbaiki segala kelemahan dengan jujur.

Pertumbuhan ekonomi hanya bermakna apabila rakyat merasai peningkatan dalam kehidupan mereka. Pelaburan mesti menghasilkan pekerjaan dan gaji yang bermaruah, manakala pengukuhan fiskal harus meningkatkan kemampuan Kerajaan memperbaiki sekolah, hospital, pengangkutan dan perumahan serta membantu keluarga yang memerlukan.

Pada masa sama, kita masih bergelut dengan saki-baki kebobrokan dan pengkhianatan terhadap amanah rakyat dalam institusi seperti Tabung Haji dan FELDA. Saya tegaskan bahawa kita tidak akan melindungi atau membiarkan sesiapa terlepas, kerana perbuatan sakau segelintir manusia ini telah menyebabkan kita semua, sama ada Melayu, Cina, India, Bumiputera Sabah dan Sarawak serta yang lain, terpaksa menanggung akibatnya.

Jika kita tidak bertindak, kita dituduh lemah dan mengkhianati Reformasi. Kalau bertindak pula, kita dituduh berdendam. Katakanlah apa sahaja. Saya tegaskan bahawa sesiapa yang menyeleweng dan mengkhianati amanah rakyat mesti berhadapan dengan hukum serta keadilan.

Saya turut menyinggung usaha reformasi pendidikan yang mesti melahirkan anak Malaysia yang berilmu dan beradab, menguasai teknologi tanpa kehilangan kemanusiaan, berakar pada sejarah dan budayanya serta mampu berdiri sama tinggi dengan sesiapa sahaja di dunia.

Atas keyakinan terhadap kematangan mahasiswa, saya mengumumkan bahawa Kerajaan MADANI akan meneruskan reformasi ini dengan memansuhkan Akta Universiti dan Kolej Universiti 1971 (AUKU). Insya-Allah, cadangan pemansuhan ini akan dibawa ke Jemaah Menteri pada Rabu ini.

Kepada generasi pasca-Reformasi dan anak muda, warisan perjuangan ini tidak harus menjadi nostalgia yang membebankan. Saya tidak mahu kalian melalui segala liku dan ranjau yang ditempuh oleh generasi kami, namun ibrah daripada perjuangan itu mesti difahami. Hayati mengapa Reformasi bermula, kemudian tentukanlah maknanya untuk kalian. Saya mahu generasi ini lebih berani, lebih terdidik dan lebih bersedia mencabar pemikiran lama, termasuk pemikiran generasi kami sendiri.

Saya bertekad untuk menyempurnakan agenda perubahan yang masih belum tertunai. Justeru, saya mengajak seluruh kekuatan KEADILAN, Pakatan Harapan, rakan-rakan parti dalam Kerajaan MADANI, badan dakwah dan NGO untuk bersama dalam perjuangan ini, sekali gus melakar sejarah baharu sebuah negara yang lebih adil, bermaruah serta menjamin masa depan setiap rakyat.

Reformasi!

#KitaKEADILAN
#MemugarReformasiMembinaMADANI",Sat Aug 15 06:51:10 +0000 2026,anwaribrahim,Malaysia,True,210,46,"Di Melaka hari ini untuk bersama rakan-rakan seperjuangan dalam Kongres Nasional KEADILAN 2026. Dalam ucapan dasar, saya menghimbau ikrar perjuangan menerusi Deklarasi Permatang Pauh 28 tahun lalu, tatkala kita memilih jalan sukar untuk menongkah arus dengan merangkul kekuatan seluruh rakyat merentasi kaum, agama dan wilayah bagi membentuk Malaysia yang lebih demokratik, adil dan manusiawi. Kita meneruskan cita-cita besar negarawan ulung Allahyarham Dato’ Onn Jaafar yang lebih awal membayangkan sebuah wadah politik melangkaui batas kaum demi masa depan negara. Perjalanan kita telah melalui jalan raya dan penjara, kekalahan dan kemenangan, serta pengkhianatan yang hampir memusnahkan harapan. Dahulu kita menuntut perubahan. Hari ini, setelah diberikan amanah menentukan arah negara, tanggungjawab kita adalah melaksanakannya. Alhamdulillah, kestabilan yang dibina bersama rakan-rakan telah memungkinkan beberapa perubahan penting dilaksanakan dalam keadaan ekonomi dunia yang amat mencabar. Namun Kongres ini juga medan untuk kita bermuhasabah dan mengakui bahawa masih ada keresahan rakyat yang belum ditangani sepenuhnya. Kita mesti mendengar dengan terbuka dan memperbaiki segala kelemahan dengan jujur. Pertumbuhan ekonomi hanya bermakna apabila rakyat merasai peningkatan dalam kehidupan mereka. Pelaburan mesti menghasilkan pekerjaan dan gaji yang bermaruah, manakala pengukuhan fiskal harus meningkatkan kemampuan Kerajaan memperbaiki sekolah, hospital, pengangkutan dan perumahan serta membantu keluarga yang memerlukan. Pada masa sama, kita masih bergelut dengan saki-baki kebobrokan dan pengkhianatan terhadap amanah rakyat dalam institusi seperti Tabung Haji dan FELDA. Saya tegaskan bahawa kita tidak akan melindungi atau membiarkan sesiapa terlepas, kerana perbuatan sakau segelintir manusia ini telah menyebabkan kita semua, sama ada Melayu, Cina, India, Bumiputera Sabah dan Sarawak serta yang lain, terpaksa menanggung akibatnya. Jika kita tidak bertindak, kita dituduh lemah dan mengkhianati Reformasi. Kalau bertindak pula, kita dituduh berdendam. Katakanlah apa sahaja. Saya tegaskan bahawa sesiapa yang menyeleweng dan mengkhianati amanah rakyat mesti berhadapan dengan hukum serta keadilan. Saya turut menyinggung usaha reformasi pendidikan yang mesti melahirkan anak Malaysia yang berilmu dan beradab, menguasai teknologi tanpa kehilangan kemanusiaan, berakar pada sejarah dan budayanya serta mampu berdiri sama tinggi dengan sesiapa sahaja di dunia. Atas keyakinan terhadap kematangan mahasiswa, saya mengumumkan bahawa Kerajaan MADANI akan meneruskan reformasi ini dengan memansuhkan Akta Universiti dan Kolej Universiti 1971 (AUKU). Insya-Allah, cadangan pemansuhan ini akan dibawa ke Jemaah Menteri pada Rabu ini. Kepada generasi pasca-Reformasi dan anak muda, warisan perjuangan ini tidak harus menjadi nostalgia yang membebankan. Saya tidak mahu kalian melalui segala liku dan ranjau yang ditempuh oleh generasi kami, namun ibrah daripada perjuangan itu mesti difahami. Hayati mengapa Reformasi bermula, kemudian tentukanlah maknanya untuk kalian. Saya mahu generasi ini lebih berani, lebih terdidik dan lebih bersedia mencabar pemikiran lama, termasuk pemikiran generasi kami sendiri. Saya bertekad untuk menyempurnakan agenda perubahan yang masih belum tertunai. Justeru, saya mengajak seluruh kekuatan KEADILAN, Pakatan Harapan, rakan-rakan parti dalam Kerajaan MADANI, badan dakwah dan NGO untuk bersama dalam perjuangan ini, sekali gus melakar sejarah baharu sebuah negara yang lebih adil, bermaruah serta menjamin masa depan setiap rakyat. Reformasi! #KitaKEADILAN #MemugarReformasiMembinaMADANI"
jobs,2088508812584173909,"Ekonomi Malaysia tumbuh 6.0% pada suku kedua tahun ini, lebih tinggi daripada anggaran awal 5.8% dan lebih kukuh berbanding 5.4% pada suku pertama.

Alhamdulillah, ini satu pencapaian yang baik, terutamanya ketika negara berhadapan ujian Krisis Bekalan Global yang getir.

Tapi angka 6% sahaja tidak cukup. Persoalan yang lebih penting: rakyat rasa tak?

Gaji sektor swasta meningkat 4.2%. Tapi selepas mengambil kira kenaikan harga barang, peningkatan yang benar-benar dirasai pekerja hanya sekitar 2.2%.

Jadi kalau rakyat masih bertanya, “Ekonomi naik, tapi kenapa hidup masih terasa sempit?”, kerajaan kena dengar dan fahami keluhan mereka.

Begitu juga dengan PKS. Kalau ekonomi berkembang tetapi peniaga kecil masih bergelut dengan kos dan aliran tunai, kita tak boleh sekadar menunjuk kepada angka KDNK dan mengatakan semuanya baik.

Sememangnya, kerja kita belum selesai.

Berkat usaha kita semua, kita berjaya menaikkan siling ekonomi negara dan ini dapat dilihat melalui petunjuk ekonomi makro. Sekarang, fokus kita mesti beralih kepada mengangkat lantai ekonomi rakyat.

Untuk itu, kita perlu lihat langkah yang boleh memberi kesan terus kepada poket rakyat.

Kalau harga barang keperluan, minyak atau pengangkutan melonjak, bantuan sementara boleh disalurkan secara automatik kepada mereka yang layak, tanpa perlu memohon sekali lagi.

Bagi pemandu e-hailing, kita boleh lihat model insurans mengikut penggunaan, dengan platform turut menanggung sebahagian kos. Kalau mereka hanya memandu beberapa jam sehari, tak masuk akal kalau kos perlindungannya sama seperti mereka yang memandu sepenuh masa.

Untuk PKS pula, invois yang telah disahkan oleh kerajaan dan GLC patut dibayar dalam tempoh 14 hari. Kalau lewat, perlu ada pampasan. PKS tak patut terpaksa berhutang hanya kerana kerajaan atau GLC lambat membayar mereka.

Bayaran balik PTPTN juga boleh disesuaikan dengan pendapatan sebenar. Kalau pendapatan masih rendah atau seseorang kehilangan pekerjaan, bayaran boleh dikurangkan atau ditangguhkan sehingga mereka kembali mampu membayar.

Bantuan kepada mereka yang memerlukan tetap penting. Tapi kita juga mesti kurangkan beban bulanan rakyat dan beri mereka lebih ruang untuk menyimpan.

Kalau ekonomi negara naik, pendapatan dan taraf hidup rakyat mesti ikut naik.

Siling ekonomi sudah kita tinggikan. Sekarang lantainya pula mesti kita angkat.

Itulah #EkonomiRakyat.

#TZA

https://t.co/AxIcCwmyo6",Sat Aug 15 06:11:18 +0000 2026,tzafrul_aziz,Kuala Lumpur,True,46,9,"Ekonomi Malaysia tumbuh 6.0% pada suku kedua tahun ini, lebih tinggi daripada anggaran awal 5.8% dan lebih kukuh berbanding 5.4% pada suku pertama. Alhamdulillah, ini satu pencapaian yang baik, terutamanya ketika negara berhadapan ujian Krisis Bekalan Global yang getir. Tapi angka 6% sahaja tidak cukup. Persoalan yang lebih penting: rakyat rasa tak? Gaji sektor swasta meningkat 4.2%. Tapi selepas mengambil kira kenaikan harga barang, peningkatan yang benar-benar dirasai pekerja hanya sekitar 2.2%. Jadi kalau rakyat masih bertanya, “Ekonomi naik, tapi kenapa hidup masih terasa sempit?”, kerajaan kena dengar dan fahami keluhan mereka. Begitu juga dengan PKS. Kalau ekonomi berkembang tetapi peniaga kecil masih bergelut dengan kos dan aliran tunai, kita tak boleh sekadar menunjuk kepada angka KDNK dan mengatakan semuanya baik. Sememangnya, kerja kita belum selesai. Berkat usaha kita semua, kita berjaya menaikkan siling ekonomi negara dan ini dapat dilihat melalui petunjuk ekonomi makro. Sekarang, fokus kita mesti beralih kepada mengangkat lantai ekonomi rakyat. Untuk itu, kita perlu lihat langkah yang boleh memberi kesan terus kepada poket rakyat. Kalau harga barang keperluan, minyak atau pengangkutan melonjak, bantuan sementara boleh disalurkan secara automatik kepada mereka yang layak, tanpa perlu memohon sekali lagi. Bagi pemandu e-hailing, kita boleh lihat model insurans mengikut penggunaan, dengan platform turut menanggung sebahagian kos. Kalau mereka hanya memandu beberapa jam sehari, tak masuk akal kalau kos perlindungannya sama seperti mereka yang memandu sepenuh masa. Untuk PKS pula, invois yang telah disahkan oleh kerajaan dan GLC patut dibayar dalam tempoh 14 hari. Kalau lewat, perlu ada pampasan. PKS tak patut terpaksa berhutang hanya kerana kerajaan atau GLC lambat membayar mereka. Bayaran balik PTPTN juga boleh disesuaikan dengan pendapatan sebenar. Kalau pendapatan masih rendah atau seseorang kehilangan pekerjaan, bayaran boleh dikurangkan atau ditangguhkan sehingga mereka kembali mampu membayar. Bantuan kepada mereka yang memerlukan tetap penting. Tapi kita juga mesti kurangkan beban bulanan rakyat dan beri mereka lebih ruang untuk menyimpan. Kalau ekonomi negara naik, pendapatan dan taraf hidup rakyat mesti ikut naik. Siling ekonomi sudah kita tinggikan. Sekarang lantainya pula mesti kita angkat. Itulah #EkonomiRakyat. #TZA"
jobs,2088194670665044441,"'Kejayaan ekonomi tidak diukur melalui angka pertumbuhan semata-mata' - Akmal Nasrullah

Ia perlu diterjemahkan kepada peningkatan pendapatan, peluang pekerjaan dan kuasa beli rakyat.

#SinarHarian #BeritaTerkini #ekonomi #pertumbuhan #Malaysia 

https://t.co/aB0Sc2pFf7",Fri Aug 14 09:23:00 +0000 2026,SinarOnline,Malaysia,True,0,0,"'Kejayaan ekonomi tidak diukur melalui angka pertumbuhan semata-mata' - Akmal Nasrullah Ia perlu diterjemahkan kepada peningkatan pendapatan, peluang pekerjaan dan kuasa beli rakyat. #SinarHarian #BeritaTerkini #ekonomi #pertumbuhan #Malaysia"
jobs,2088176059737051509,"@NewsBFM Pertumbuhan KDNK 6% pada suku kedua 2026 merupakan petanda positif terhadap ketahanan ekonomi Malaysia. Namun, momentum ini perlu diteruskan dengan memastikan pertumbuhan yang kukuh benar-benar diterjemahkan kepada peningkatan pendapatan, peluang pekerjaan dan kesejahteraan rakya",Fri Aug 14 08:09:03 +0000 2026,sinsipe,Penang Island Malaysia,True,2,0,"@NewsBFM Pertumbuhan KDNK 6% pada suku kedua 2026 merupakan petanda positif terhadap ketahanan ekonomi Malaysia. Namun, momentum ini perlu diteruskan dengan memastikan pertumbuhan yang kukuh benar-benar diterjemahkan kepada peningkatan pendapatan, peluang pekerjaan dan kesejahteraan rakya"
jobs,2087889337765761222,"Ketika mula mengambil tanggungjawab di Kementerian Ekonomi, saya berjanji untuk meneruskan inisiatif yang telah dirancang sebelum ini. 

Salah satunya KL20. 

Kita jual keupayaan Malaysia untuk menjadi hab start up di dunia. 

Kita tarik masuk syarikat pemula bernilai tinggi dari seluruh dunia.

Sebenarnya tak ada jalan singkat kalau nak anak tempatan kita ada peluang bekerja dalam syarikat-syarikat bernilai tinggi ni.

Kita percepatkan bidang kritikal ekosistem start up Malaysia - modal, bakat dan kualiti syarikat pemula.

Penciptaan pekerjaan yang berkemahiran dan bernilai tinggi, manfaatnya kita pulangkan kepada anak tempatan.

Duduk dan business as usual saja-saja bukan lagi pilihan kita.

Apa pula strategi baru Kementerian Ekonomi untuk KL20 tahun 2026 ? 

Kena tunggu.",Thu Aug 13 13:09:43 +0000 2026,akmalnasir,"Johor Bahru, Johor",True,85,20,"Ketika mula mengambil tanggungjawab di Kementerian Ekonomi, saya berjanji untuk meneruskan inisiatif yang telah dirancang sebelum ini. Salah satunya KL20. Kita jual keupayaan Malaysia untuk menjadi hab start up di dunia. Kita tarik masuk syarikat pemula bernilai tinggi dari seluruh dunia. Sebenarnya tak ada jalan singkat kalau nak anak tempatan kita ada peluang bekerja dalam syarikat-syarikat bernilai tinggi ni. Kita percepatkan bidang kritikal ekosistem start up Malaysia - modal, bakat dan kualiti syarikat pemula. Penciptaan pekerjaan yang berkemahiran dan bernilai tinggi, manfaatnya kita pulangkan kepada anak tempatan. Duduk dan business as usual saja-saja bukan lagi pilihan kita. Apa pula strategi baru Kementerian Ekonomi untuk KL20 tahun 2026 ? Kena tunggu."
jobs,2087864275213717521,"2.1 Juta Graduan Di Malaysia Kerja Di Bawah Kelayakan Akademik
 
Data Jabatan Perangkaan Malaysia (DOSM) menunjukkan jumlah pekerja berpendidikan tertiari yang bekerja dalam pekerjaan di bawah tahap kemahiran mereka meningkat daripada 1.4 juta orang pada 2018 kepada 2.1 juta orang pada 2025. Dari segi peratusan pula, ianya meningkat daripada 33.2% kepada 35.6% dalam tempoh yang sama, dengan paras tertinggi 37.5% dicatatkan pada 2021.",Thu Aug 13 11:30:08 +0000 2026,EkonomiRakyatMY,Kuala Lumpur,True,24,24,"2.1 Juta Graduan Di Malaysia Kerja Di Bawah Kelayakan Akademik Data Jabatan Perangkaan Malaysia (DOSM) menunjukkan jumlah pekerja berpendidikan tertiari yang bekerja dalam pekerjaan di bawah tahap kemahiran mereka meningkat daripada 1.4 juta orang pada 2018 kepada 2.1 juta orang pada 2025. Dari segi peratusan pula, ianya meningkat daripada 33.2% kepada 35.6% dalam tempoh yang sama, dengan paras tertinggi 37.5% dicatatkan pada 2021."
jobs,2087010326646776261,"Timbalan Ketua Pengarah Perkhidmatan Awam (Pembangunan) Jabatan Perkhidmatan Awam (JPA), Datuk Dr. Mohd Bakhari Ismail merasmikan Simposium Perjawatan Sektor Awam di Pusat Konvensyen Antarabangsa Putrajaya (PICC), hari ini. 

Bertemakan “Meneroka Masa Depan Pekerjaan Sektor Awam”, simposium memberi tumpuan kepada perubahan landskap pekerjaan yang dipacu kecerdasan buatan (AI), demografi, ekonomi hijau, ketidaktentuan geopolitik dan peningkatan ekspektasi rakyat terhadap penyampaian perkhidmatan awam.

📸 Aidiel Zabidi | BERNAMA Radio",Tue Aug 11 02:56:51 +0000 2026,Bernama_Radio,Malaysia,True,0,0,"Timbalan Ketua Pengarah Perkhidmatan Awam (Pembangunan) Jabatan Perkhidmatan Awam (JPA), Datuk Dr. Mohd Bakhari Ismail merasmikan Simposium Perjawatan Sektor Awam di Pusat Konvensyen Antarabangsa Putrajaya (PICC), hari ini. Bertemakan “Meneroka Masa Depan Pekerjaan Sektor Awam”, simposium memberi tumpuan kepada perubahan landskap pekerjaan yang dipacu kecerdasan buatan (AI), demografi, ekonomi hijau, ketidaktentuan geopolitik dan peningkatan ekspektasi rakyat terhadap penyampaian perkhidmatan awam. 📸 Aidiel Zabidi | BERNAMA Radio"
jobs,2086745537429090584,"Ini dia 10 perkara penting dalam rangkuman kejayaan GEAR-uP 🇲🇾

Daripada pelaburan strategik, peluang pekerjaan, peningkatan pendapatan hinggalah kepada pengukuhan ekonomi negara . Apa yang sudah dicapai dan bagaimana GEAR-uP memberi impak kepada Malaysia?

Jom kita lihat 10 perkara penting ini. #NiagaAWANI #AWANInews",Mon Aug 10 09:24:40 +0000 2026,501Awani,Malaysia,True,0,0,"Ini dia 10 perkara penting dalam rangkuman kejayaan GEAR-uP 🇲🇾 Daripada pelaburan strategik, peluang pekerjaan, peningkatan pendapatan hinggalah kepada pengukuhan ekonomi negara . Apa yang sudah dicapai dan bagaimana GEAR-uP memberi impak kepada Malaysia? Jom kita lihat 10 perkara penting ini. #NiagaAWANI #AWANInews"
jobs,2086698957061906748,"Pagi ini di Bangi saya menyampaikan ucaptama sempena Human Ecology International Conference II (HEIC II) 2026. Sebagai alumni Universiti Putra Malaysia (UPM), saya berbesar hati dapat bersama warga akademik dan para penyelidik dalam persidangan tiga hari yang menghimpunkan kepakaran dalam bidang Ekologi Manusia dari dalam dan luar negara.

Dalam ucaptama bertajuk “From People to Policy: Sustaining Human Well-being in an Interconnected World”, saya berkongsi bagaimana pendekatan Ekologi Manusia melihat pembangunan secara menyeluruh, bahawa kehidupan rakyat saling berkait antara pendidikan, kesihatan, pekerjaan, perumahan, pengangkutan, teknologi dan alam sekitar.

Prinsip ini turut diterjemahkan dalam pentadbiran Selangor. Kekuatan ekonomi negeri bukanlah matlamat akhir, sebaliknya perlu diterjemahkan kepada kehidupan yang lebih baik, peluang yang lebih luas serta persekitaran yang membolehkan rakyat dan keluarga berkembang maju. Pendekatan ini juga menjadi asas kepada Rancangan Selangor Kedua (RS-2), yang menghubungkan pembangunan ekonomi dengan modal insan, kesejahteraan, daya tahan iklim dan tadbir urus yang berkesan.

Persidangan kali ini turut menghimpunkan rakan akademik dari rantau ASEAN, termasuk University of the Philippines Los Baños (UPLB) dan IPB University (Institut Pertanian Bogor), Indonesia, yang turut mempunyai bidang khusus dalam Ekologi Manusia. Kerjasama ini penting untuk memperluas penyelidikan, pertukaran ilmu dan jaringan serantau, di samping menghubungkan penyelidikan dengan dasar serta keperluan sebenar masyarakat.

Tahniah kepada semua pihak yang menjayakan HEIC II 2026. Semoga persidangan ini terus menghubungkan penyelidikan dengan dasar, universiti dengan masyarakat dan ilmu dengan penyelesaian sebenar demi kesejahteraan rakyat.

#KitaSelangor
#HEIC2026",Mon Aug 10 06:19:35 +0000 2026,AmirudinShari,"Gombak, Selangor",True,7,0,"Pagi ini di Bangi saya menyampaikan ucaptama sempena Human Ecology International Conference II (HEIC II) 2026. Sebagai alumni Universiti Putra Malaysia (UPM), saya berbesar hati dapat bersama warga akademik dan para penyelidik dalam persidangan tiga hari yang menghimpunkan kepakaran dalam bidang Ekologi Manusia dari dalam dan luar negara. Dalam ucaptama bertajuk “From People to Policy: Sustaining Human Well-being in an Interconnected World”, saya berkongsi bagaimana pendekatan Ekologi Manusia melihat pembangunan secara menyeluruh, bahawa kehidupan rakyat saling berkait antara pendidikan, kesihatan, pekerjaan, perumahan, pengangkutan, teknologi dan alam sekitar. Prinsip ini turut diterjemahkan dalam pentadbiran Selangor. Kekuatan ekonomi negeri bukanlah matlamat akhir, sebaliknya perlu diterjemahkan kepada kehidupan yang lebih baik, peluang yang lebih luas serta persekitaran yang membolehkan rakyat dan keluarga berkembang maju. Pendekatan ini juga menjadi asas kepada Rancangan Selangor Kedua (RS-2), yang menghubungkan pembangunan ekonomi dengan modal insan, kesejahteraan, daya tahan iklim dan tadbir urus yang berkesan. Persidangan kali ini turut menghimpunkan rakan akademik dari rantau ASEAN, termasuk University of the Philippines Los Baños (UPLB) dan IPB University (Institut Pertanian Bogor), Indonesia, yang turut mempunyai bidang khusus dalam Ekologi Manusia. Kerjasama ini penting untuk memperluas penyelidikan, pertukaran ilmu dan jaringan serantau, di samping menghubungkan penyelidikan dengan dasar serta keperluan sebenar masyarakat. Tahniah kepada semua pihak yang menjayakan HEIC II 2026. Semoga persidangan ini terus menghubungkan penyelidikan dengan dasar, universiti dengan masyarakat dan ilmu dengan penyelesaian sebenar demi kesejahteraan rakyat. #KitaSelangor #HEIC2026"
jobs,2086578731641139415,"“Kita mahu ekonomi berkembang, pelaburan bertambah, peluang pekerjaan diwujudkan dan pendidikan anak-anak terus diperkasakan.""
#AWANInews #AWANIpagi

https://t.co/zCeBbv1eZq",Sun Aug 09 22:21:51 +0000 2026,501Awani,Malaysia,True,2,1,"“Kita mahu ekonomi berkembang, pelaburan bertambah, peluang pekerjaan diwujudkan dan pendidikan anak-anak terus diperkasakan."" #AWANInews #AWANIpagi"
jobs,2085697576834081267,"Kenapa Gaji Pekerja Di Malaysia Rendah?
 
""Nombor satu (puncanya) ialah kewujudan pekerja asing berkemahiran rendah yang menekan upah di peringkat terbawah. Kedua, penciptaan pekerjaan berkualiti yang tidak mencukupi...."" - Dato' Fraziali Ismail, Penolong Gabenor BNM https://t.co/D3vODpHDzk",Fri Aug 07 12:00:27 +0000 2026,EkonomiRakyatMY,Kuala Lumpur,True,197,104,"Kenapa Gaji Pekerja Di Malaysia Rendah? ""Nombor satu (puncanya) ialah kewujudan pekerja asing berkemahiran rendah yang menekan upah di peringkat terbawah. Kedua, penciptaan pekerjaan berkualiti yang tidak mencukupi...."" - Dato' Fraziali Ismail, Penolong Gabenor BNM"
jobs,2085678541421580606,"Rancangan Selangor Kedua (RS-2) merupakan pelan pembangunan bagi tempoh 2026–2030 yang dibina berasaskan pengalaman, kejayaan dan pengajaran daripada pelaksanaan Rancangan Selangor Pertama (RS-1), dengan anggaran pelaksanaan keseluruhan berjumlah RM33.31 bilion.

Menerusi RS-2, sebanyak 6 misi utama, 25 bidang tumpuan dan 98 inisiatif digariskan sebagai hala tuju pembangunan Selangor. Fokus Kerajaan Negeri adalah untuk memperkukuh ekonomi, mewujudkan lebih banyak peluang pekerjaan bergaji tinggi, merapatkan jurang pembangunan antara daerah, meningkatkan kecekapan pengangkutan awam serta terus memperkasa kesejahteraan rakyat.

Sasaran kita jelas, menjadikan Selangor negeri pertama di Malaysia dengan ekonomi bernilai RM600 bilion menjelang 2030.

Namun bagi saya, kejayaan sebenar bukan sekadar diukur melalui angka, tetapi sejauh mana kemajuan negeri dapat diterjemahkan kepada kehidupan yang lebih baik untuk rakyat. Itulah asas kepada setiap agenda yang digariskan dalam RS-2.

Insya-Allah, saya akan memastikan RS-2 dilaksanakan dengan amanah dan berkesan agar manfaat pembangunan dapat dirasai oleh seluruh rakyat. Bersama-sama kita bina Selangor yang lebih maju, inklusif dan sejahtera.

#KitaSelangor
#RancanganSelangorKedua",Fri Aug 07 10:44:48 +0000 2026,AmirudinShari,"Gombak, Selangor",True,10,2,"Rancangan Selangor Kedua (RS-2) merupakan pelan pembangunan bagi tempoh 2026–2030 yang dibina berasaskan pengalaman, kejayaan dan pengajaran daripada pelaksanaan Rancangan Selangor Pertama (RS-1), dengan anggaran pelaksanaan keseluruhan berjumlah RM33.31 bilion. Menerusi RS-2, sebanyak 6 misi utama, 25 bidang tumpuan dan 98 inisiatif digariskan sebagai hala tuju pembangunan Selangor. Fokus Kerajaan Negeri adalah untuk memperkukuh ekonomi, mewujudkan lebih banyak peluang pekerjaan bergaji tinggi, merapatkan jurang pembangunan antara daerah, meningkatkan kecekapan pengangkutan awam serta terus memperkasa kesejahteraan rakyat. Sasaran kita jelas, menjadikan Selangor negeri pertama di Malaysia dengan ekonomi bernilai RM600 bilion menjelang 2030. Namun bagi saya, kejayaan sebenar bukan sekadar diukur melalui angka, tetapi sejauh mana kemajuan negeri dapat diterjemahkan kepada kehidupan yang lebih baik untuk rakyat. Itulah asas kepada setiap agenda yang digariskan dalam RS-2. Insya-Allah, saya akan memastikan RS-2 dilaksanakan dengan amanah dan berkesan agar manfaat pembangunan dapat dirasai oleh seluruh rakyat. Bersama-sama kita bina Selangor yang lebih maju, inklusif dan sejahtera. #KitaSelangor #RancanganSelangorKedua"
ringgit,2092564010503655600,"Ringgit Malaysia meningkat ke paras tertinggi dalam tempoh beberapa minggu susulan kejatuhan harga minyak yang didorong oleh kemungkinan pembukaan semula Selat Hormuz.

Nilai ringgit mengukuh sebanyak 0.5% kepada 4.02 berbanding dolar AS, paras terkuatnya sejak awal bulan Jun. Dengan peningkatan hampir 0.8% setakat tahun ini, ringgit merupakan antara mata wang Asia yang paling berdaya tahan.",Wed Aug 26 10:45:12 +0000 2026,EkonomiRakyatMY,Kuala Lumpur,True,8,1,"Ringgit Malaysia meningkat ke paras tertinggi dalam tempoh beberapa minggu susulan kejatuhan harga minyak yang didorong oleh kemungkinan pembukaan semula Selat Hormuz. Nilai ringgit mengukuh sebanyak 0.5% kepada 4.02 berbanding dolar AS, paras terkuatnya sejak awal bulan Jun. Dengan peningkatan hampir 0.8% setakat tahun ini, ringgit merupakan antara mata wang Asia yang paling berdaya tahan."
ringgit,2092500390990545089,"Sentimen pasaran tertekan akibat ringgit yang semakin kukuh serta harga minyak soya yang lebih rendah di pasaran Chicago, manakala harga minyak mentah turut jatuh berikutan harapan baharu bahawa Selat Hormuz mungkin dibuka semula.",Wed Aug 26 06:32:24 +0000 2026,thezakiway,"Kuala Lumpur, Malaysia",True,2,0,"Sentimen pasaran tertekan akibat ringgit yang semakin kukuh serta harga minyak soya yang lebih rendah di pasaran Chicago, manakala harga minyak mentah turut jatuh berikutan harapan baharu bahawa Selat Hormuz mungkin dibuka semula."
ringgit,2091900620848648627,"Ringgit jatuh berikutan ancaman AS kenakan sekatan lebih buruk ke atas Iran

#BHbisnes Mata wang tempatan menyusut kepada 4.0405/0440 berbanding dolar AS daripada 4.0365/0405 semasa ditutup Jumaat lalu.

https://t.co/me9hD4Wd3n",Mon Aug 24 14:49:08 +0000 2026,bharianmy,Malaysia,True,2,0,Ringgit jatuh berikutan ancaman AS kenakan sekatan lebih buruk ke atas Iran #BHbisnes Mata wang tempatan menyusut kepada 4.0405/0440 berbanding dolar AS daripada 4.0365/0405 semasa ditutup Jumaat lalu.
ringgit,2091879433590505896,"Pada 6 petang, ringgit menyusut kepada 4.0405/0440 berbanding dolar AS daripada 4.0365/0405 semasa ditutup Jumaat lepas. 
#AWANInews #AWANI745 
https://t.co/bCG0zYny7W",Mon Aug 24 13:24:56 +0000 2026,501Awani,Malaysia,True,0,0,"Pada 6 petang, ringgit menyusut kepada 4.0405/0440 berbanding dolar AS daripada 4.0365/0405 semasa ditutup Jumaat lepas. #AWANInews #AWANI745"
ringgit,2091874390732599397,"Ketidaktentuan mengenai ‘D-Day’ yang dijanjikan oleh Setiausaha Perbendaharaan AS, Scott Bessent terhadap Iran, risiko dasar itu menjelang simposium Jackson Hole antara faktor ringgit susut hari ini.

#MalaysiaMADANI 
#RancakkanMADANI 
#DDayEconomy
#USTreasury

https://t.co/Hd3yUMSkOl",Mon Aug 24 13:04:54 +0000 2026,Harapan_Madani,Kuala Lumpur,True,0,0,"Ketidaktentuan mengenai ‘D-Day’ yang dijanjikan oleh Setiausaha Perbendaharaan AS, Scott Bessent terhadap Iran, risiko dasar itu menjelang simposium Jackson Hole antara faktor ringgit susut hari ini. #MalaysiaMADANI #RancakkanMADANI #DDayEconomy #USTreasury"
ringgit,2091865920247660793,"Ringgit Ditutup Rendah Selepas AS Ancam Sekatan 'D-Day Ekonomi' Ke Atas Iran 

#BernamaBiz

https://t.co/m8gZ9iI0rb https://t.co/QjnzpLyii0",Mon Aug 24 12:31:15 +0000 2026,BernamaBiz,Kuala Lumpur,True,0,0,Ringgit Ditutup Rendah Selepas AS Ancam Sekatan 'D-Day Ekonomi' Ke Atas Iran #BernamaBiz
ringgit,2091863615112352253,"#NSTBusinessTimes  The ringgit ended lower against the greenback on Monday as the threat of an ""economic D-Day"" on Iran, policy risks ahead of the Jackson Hole symposium and continued instability in the US Treasury market spurred caution.
 
https://t.co/fj5q5kuNs1 https://t.co/kTYckpNFAQ",Mon Aug 24 12:22:05 +0000 2026,NST_Online,Malaysia,True,0,0,"#NSTBusinessTimes The ringgit ended lower against the greenback on Monday as the threat of an ""economic D-Day"" on Iran, policy risks ahead of the Jackson Hole symposium and continued instability in the US Treasury market spurred caution."
ringgit,2088518228427628636,"Kes Ini Kena Buat Audit Forensik Juga Tak Seperti Kes RCI Tabung Haji?

Oleh Lim Sian See 

Kalau harga saham FGV jatuh 40% dan nilai pasaran susut kira-kira RM4 bilion ketika era BN boleh dijadikan bukti kononnya Najib “songlap” atau tidak kompeten, maka bagaimana pula kita mahu menilai apa yang berlaku kepada Petronas Chemicals?

Petronas Chemicals:

April 2022:

Harga saham sekitar RM10.38
Nilai pasaran sekitar RM83 bilion

24 November 2025:

Harga saham RM2.92
Nilai pasaran sekitar RM23 bilion

Kejatuhan hampir 72%.

Nilai pasaran lenyap sekitar RM60 bilion.

Jadi saya mahu tanya mereka yang selama ini menggunakan kejatuhan harga FGV untuk menyerang Najib:

Kalau FGV jatuh, salah Najib.

PetChem jatuh jauh lebih teruk ketika era Madani, salah siapa pula?

FGV disenaraikan pada 2012 pada harga RM4.55 sesaham. Dalam tempoh awal, harganya sempat meningkat sebelum terjejas apabila berlaku kejatuhan besar harga minyak dan komoditi dunia sekitar 2014 hingga 2016, yang turut menekan harga minyak sawit sampai ke RM2,000 satu tan ketika itu berbanding lebih RM4,600 satu tan hari ini. 

Menjelang PRU14, harga FGV sekitar RM1.80. Memang nilainya jatuh dengan ketara.

Tetapi satu fakta penting jarang disebut:

Sehingga PRU14, FGV masih mencatat keuntungan setiap tahun.

Namun kejatuhan harga saham itu tetap dijadikan bahan untuk menggambarkan seolah-olah ada penyelewengan besar dan “songlap”.

Sekarang bandingkan dengan Petronas Chemicals.

PetChem disenaraikan pada 2010 ketika Najib menjadi Perdana Menteri pada harga sekitar RM5.04 sesaham.

Selepas itu syarikat ini mencatat keuntungan besar tahun demi tahun dan harga sahamnya akhirnya meningkat melebihi RM10 sebelum era Madani.

Tetapi keadaannya berubah.

Sejak 2024, PetChem mencatat kerugian suku tahunan pertama dalam sejarahnya.

Pada 2025, kerugian berterusan dan bagi sembilan bulan pertama sahaja jumlah kerugian sudah sekitar RM1.32 bilion.

Harga saham pula pernah menjunam daripada lebih RM10 kepada RM2.92.

Ini bukan sekadar turun 40%.

Ini hampir 72%.

Dan bukan RM4 bilion nilai pasaran hilang.

Sekitar RM60 bilion.

Punca yang diberikan pula ialah keadaan industri: permintaan global yang lemah, tekanan margin serta lebihan kapasiti petrokimia dunia.

Itu memang penjelasan ekonomi yang munasabah.

Tetapi bukankah perkara yang sama patut digunakan ketika menilai FGV?

Harga komoditi jatuh, industri tertekan, harga saham jatuh.

Kenapa apabila FGV jatuh, terus mahu dikaitkan dengan “songlap”, ""tidak kompeten"" atau salah Najib?

Tetapi apabila PetChem jatuh jauh lebih teruk dan mula mencatat kerugian, tiba-tiba semua orang faham bahawa harga saham boleh jatuh kerana faktor pasaran?

Petronas pula memiliki sekitar 65% PetChem manakala KWSP memegang sekitar 12%.

Jadi kalau kita mahu konsisten dengan standard yang digunakan terhadap FGV, patutkah pula kita kata kejatuhan nilai puluhan bilion ringgit PetChem mesti disiasat sebagai satu “skandal”?

Perlu audit forensik juga atau RCI?

Perlu cari siapa yang “sakau” RM60 bilion nilai pasaran itu?

Sudah tentu soalan itu kedengaran mengarut sebab kejatuhan harga saham tidak secara automatik bermaksud wang dicuri.

Nilai pasaran jatuh bukan bukti rasuah.

Kerugian pelaburan juga bukan bukti penyelewengan.

Itulah sebenarnya masalah apabila naratif politik digunakan untuk menilai sesuatu pelaburan.

FGV jatuh 40%: salah Najib.

PetChem jatuh hampir 72%: faktor pasaran.

Standard apa macam ini?",Sat Aug 15 06:48:43 +0000 2026,mynewshub,Malaysia,True,125,43,"Kes Ini Kena Buat Audit Forensik Juga Tak Seperti Kes RCI Tabung Haji? Oleh Lim Sian See Kalau harga saham FGV jatuh 40% dan nilai pasaran susut kira-kira RM4 bilion ketika era BN boleh dijadikan bukti kononnya Najib “songlap” atau tidak kompeten, maka bagaimana pula kita mahu menilai apa yang berlaku kepada Petronas Chemicals? Petronas Chemicals: April 2022: Harga saham sekitar RM10.38 Nilai pasaran sekitar RM83 bilion 24 November 2025: Harga saham RM2.92 Nilai pasaran sekitar RM23 bilion Kejatuhan hampir 72%. Nilai pasaran lenyap sekitar RM60 bilion. Jadi saya mahu tanya mereka yang selama ini menggunakan kejatuhan harga FGV untuk menyerang Najib: Kalau FGV jatuh, salah Najib. PetChem jatuh jauh lebih teruk ketika era Madani, salah siapa pula? FGV disenaraikan pada 2012 pada harga RM4.55 sesaham. Dalam tempoh awal, harganya sempat meningkat sebelum terjejas apabila berlaku kejatuhan besar harga minyak dan komoditi dunia sekitar 2014 hingga 2016, yang turut menekan harga minyak sawit sampai ke RM2,000 satu tan ketika itu berbanding lebih RM4,600 satu tan hari ini. Menjelang PRU14, harga FGV sekitar RM1.80. Memang nilainya jatuh dengan ketara. Tetapi satu fakta penting jarang disebut: Sehingga PRU14, FGV masih mencatat keuntungan setiap tahun. Namun kejatuhan harga saham itu tetap dijadikan bahan untuk menggambarkan seolah-olah ada penyelewengan besar dan “songlap”. Sekarang bandingkan dengan Petronas Chemicals. PetChem disenaraikan pada 2010 ketika Najib menjadi Perdana Menteri pada harga sekitar RM5.04 sesaham. Selepas itu syarikat ini mencatat keuntungan besar tahun demi tahun dan harga sahamnya akhirnya meningkat melebihi RM10 sebelum era Madani. Tetapi keadaannya berubah. Sejak 2024, PetChem mencatat kerugian suku tahunan pertama dalam sejarahnya. Pada 2025, kerugian berterusan dan bagi sembilan bulan pertama sahaja jumlah kerugian sudah sekitar RM1.32 bilion. Harga saham pula pernah menjunam daripada lebih RM10 kepada RM2.92. Ini bukan sekadar turun 40%. Ini hampir 72%. Dan bukan RM4 bilion nilai pasaran hilang. Sekitar RM60 bilion. Punca yang diberikan pula ialah keadaan industri: permintaan global yang lemah, tekanan margin serta lebihan kapasiti petrokimia dunia. Itu memang penjelasan ekonomi yang munasabah. Tetapi bukankah perkara yang sama patut digunakan ketika menilai FGV? Harga komoditi jatuh, industri tertekan, harga saham jatuh. Kenapa apabila FGV jatuh, terus mahu dikaitkan dengan “songlap”, ""tidak kompeten"" atau salah Najib? Tetapi apabila PetChem jatuh jauh lebih teruk dan mula mencatat kerugian, tiba-tiba semua orang faham bahawa harga saham boleh jatuh kerana faktor pasaran? Petronas pula memiliki sekitar 65% PetChem manakala KWSP memegang sekitar 12%. Jadi kalau kita mahu konsisten dengan standard yang digunakan terhadap FGV, patutkah pula kita kata kejatuhan nilai puluhan bilion ringgit PetChem mesti disiasat sebagai satu “skandal”? Perlu audit forensik juga atau RCI? Perlu cari siapa yang “sakau” RM60 bilion nilai pasaran itu? Sudah tentu soalan itu kedengaran mengarut sebab kejatuhan harga saham tidak secara automatik bermaksud wang dicuri. Nilai pasaran jatuh bukan bukti rasuah. Kerugian pelaburan juga bukan bukti penyelewengan. Itulah sebenarnya masalah apabila naratif politik digunakan untuk menilai sesuatu pelaburan. FGV jatuh 40%: salah Najib. PetChem jatuh hampir 72%: faktor pasaran. Standard apa macam ini?"
ringgit,2088117311257313380,"AirAsia Group Berhad mencatatkan kerugian bersih RM831 juta bagi suku kedua 2026, ketika peningkatan mendadak kos bahan api dan kerugian tukaran asing menekan prestasi kewangan kumpulan.

Kerugian itu sebahagian besarnya berpunca daripada kenaikan 66% harga bahan api purata berbanding suku sebelumnya susulan ketegangan geopolitik di Timur Tengah, selain kerugian tukaran asing sebanyak RM331 juta akibat penyusutan mata wang serantau termasuk ringgit berbanding dolar AS.",Fri Aug 14 04:15:37 +0000 2026,EkonomiRakyatMY,Kuala Lumpur,True,8,3,"AirAsia Group Berhad mencatatkan kerugian bersih RM831 juta bagi suku kedua 2026, ketika peningkatan mendadak kos bahan api dan kerugian tukaran asing menekan prestasi kewangan kumpulan. Kerugian itu sebahagian besarnya berpunca daripada kenaikan 66% harga bahan api purata berbanding suku sebelumnya susulan ketegangan geopolitik di Timur Tengah, selain kerugian tukaran asing sebanyak RM331 juta akibat penyusutan mata wang serantau termasuk ringgit berbanding dolar AS."
ringgit,2088098243892883502,"Hari ni isi minyak free sbb claim voucher shell rm40 ringgit, dpt la minyak dlm 20litre☺️",Fri Aug 14 02:59:50 +0000 2026,ShashaBlackKatz,Malaysia,True,12,0,"Hari ni isi minyak free sbb claim voucher shell rm40 ringgit, dpt la minyak dlm 20litre☺️"
ringgit,2086997738856775916,"Ringgit diniagakan pada paras RM4.09 sedolar

#BHbisnes Dolar AS mengukuh berikutan harga minyak mentah yang kekal tinggi susulan pembukaan semula Selat Hormuz.

https://t.co/e1d09GuwPr",Tue Aug 11 02:06:50 +0000 2026,bharianmy,Malaysia,True,0,0,Ringgit diniagakan pada paras RM4.09 sedolar #BHbisnes Dolar AS mengukuh berikutan harga minyak mentah yang kekal tinggi susulan pembukaan semula Selat Hormuz.
ringgit,2086681973633036779,"Ringgit diunjur stabil akhir Ogos selepas kadar faedah AS kekal

#BHbisnes Ketegangan geopolitik yang kembali memuncak, harga tenaga lebih tinggi meningkatkan permintaan terhadap dolar AS sebagai aset selamat bulan lalu.

https://t.co/uw6Fgt89Fi",Mon Aug 10 05:12:05 +0000 2026,bharianmy,Malaysia,True,2,0,"Ringgit diunjur stabil akhir Ogos selepas kadar faedah AS kekal #BHbisnes Ketegangan geopolitik yang kembali memuncak, harga tenaga lebih tinggi meningkatkan permintaan terhadap dolar AS sebagai aset selamat bulan lalu."
ringgit,2085184604848390469,"“Potensi pembukaan semula Selat Hormuz menyebabkan harga minyak mentah Brent kekal di bawah paras US$80 setong.""
#AWANInews #AWANIpagi

https://t.co/DR9vZtLrGG",Thu Aug 06 02:02:05 +0000 2026,501Awani,Malaysia,True,2,0,"“Potensi pembukaan semula Selat Hormuz menyebabkan harga minyak mentah Brent kekal di bawah paras US$80 setong."" #AWANInews #AWANIpagi"
ringgit,2082075819409834391,"𝗞𝗘𝗡𝗬𝗔𝗧𝗔𝗔𝗡 𝗠𝗘𝗗𝗜𝗔
𝟮𝟴 𝗝𝘂𝗹𝗮𝗶 𝟮𝟬𝟮𝟲

𝗣𝗥𝗡 𝗝𝗢𝗛𝗢𝗥 𝟮𝟬𝟮𝟲: 𝗣𝗘𝗡𝗬𝗔𝗧𝗔 𝗣𝗘𝗥𝗕𝗘𝗟𝗔𝗡𝗝𝗔𝗔𝗡 𝗗𝗔𝗡 𝗦𝗨𝗠𝗕𝗘𝗥 𝗞𝗘𝗪𝗔𝗡𝗚𝗔𝗡

Salah satu budaya baru yang dibawa 𝗕𝗘𝗥𝗦𝗔𝗠𝗔 ialah ketelusan dalam pendanaan politik, sebagai usaha untuk memeras rasuah dengan menukar budaya.

𝗕𝗘𝗥𝗦𝗔𝗠𝗔 percaya bahawa slogan anti-rasuah dan janji-janji perubahan undang-undang untuk membanteras rasuah politik telah bertukar menjadi retorik semata-mata.

Parti-parti bertukar ganti menjadi kerajaan persekutuan dan negeri-negeri tetapi amalan rasuah politik tetap berterusan.

Kebelakangan ini, parti-parti politik tanpa segan silu menggunakan agensi-agensi, aset-aset kerajaan dan dana awam untuk berkempen. Perkara ini diterima oleh majoriti rakyat Malaysia kerana gabungan-gabungan parti besar seperti PH, BN dan PN kesemuanya melakukan kesalahan yang sama.

Begitu juga dengan amalan memberi wang minyak, duit poket atau duit belanja kepada pengundi-pengundi. Ada pengundi yang tidak segan silu lagi memaparkan mereka menerima wang untuk mengundi.

Salah satu punca utama ialah perjalanan parti-parti politik masih bergantung kepada khidmat berbayar. Jentera-jentera dibayar, orang ramai diberikan wang dan hadiah untuk hadir ke program-program kempen dan petugas kira undi dibayar.

Di PRN Johor, ada petugas kira undi (PACA) yang dibayar sehingga RM700 seorang (termasuk belanja minyak dan penginapan). Ada yang dibayar mengikut jam (contoh RM70 setiap jam bertugas).

Selagi gerak kerja kempen dan perjalanan aktiviti parti-parti politik perlu dibayar, selagi itulah amalan rasuah sukar dibendung.

Hakikatnya, sesebuah gabungan politik membelanjakan puluhan juta ringgit, malah mencecah ratusan juta ringgit untuk sesebuah pilihan raya negeri.

Wang rasuah ini didahulukan oleh kumpulan-kumpulan berkepentingan, sama ada ahli-ahli perniagaan atau dari perniagaan haram yang bertentangan dengan undang-undang.

Balasannya kelak ialah kontrak-kontrak besar kerajaan yang nilainya dinaikkan berlipat kali ganda untuk mendapatkan kembali modal yang telah dilaburkan kepada gabungan parti politik besar semasa pilihan raya.

Lebih teruk lagi, jika ia melibatkan aktiviti haram, tindakan tidak diambil terhadap aktiviti haram seperti perjudian atas talian, penyeludupan dan pelbagai lagi kegiatan haram, sebagai ganti kepada sumbangan dana semasa kempen pilihan raya.

Jika ada satu kekecewaan utama saya sepanjang saya menjadi ahli politik ialah kegagalan saya merubah amalan ini di dalam parti-parti politik yang saya pernah terlibat.

Juga kegagalan saya meyakinkan majoriti rakyat Malaysia untuk membenci amalan rasuah politik seperti ini, yang diberikan atas nama sumbangan atau duit minyak.

Sebab itu, apabila saya dan Nik Nazmi berkesempatan memulakan kembali kerjaya politik kami dari bawah melalui 𝗕𝗘𝗥𝗦𝗔𝗠𝗔, saya berhasrat melatih aktivis-aktivis politik yang benar-benar benci kepada amalan rasuah seperti ini.

Rasuah seperti ini menyebabkan maruah kita tergadai. Demi wang, kita sanggup menukar pendirian, memberi alasan dan menutup mata kepada kerosakan.

Tetapi ia perlu bermula dengan menukar budaya bagaimana gerak kerja kempen sesebuah parti dijalankan.

Ia bermula dengan kembali kepada asas politik, iaitu keikhlasan untuk menyumbang demi kebaikan masyarakat dengan melakukan sesuatu dengan sukarela.

Alhamdulillah, perkara itu dapat dilaksanakan oleh 𝗕𝗘𝗥𝗦𝗔𝗠𝗔 dalam PRN Johor yang lepas.

Keseluruhan kempen BERSAMA dilaksanakan secara sukarela tanpa perlu ada bayaran dan apa-apa perbelanjaan kempen yang lain dibiayai sepenuhnya dari tiga (3) sumber orang ramai:

1)Yuran keahlian BERSAMA sebanyak RM20 setiap ahli

2)Kutipan dana dari majlis makan malam mengumpul dana #WeFund untuk PRN Johor

3)Sumbangan peribadi dari penderma dan penyokong dalam jumlah yang kecil, sama ada melalui crowdfunding atau sumbangan peribadi

Hari ini, 𝗕𝗘𝗥𝗦𝗔𝗠𝗔 merintis budaya baru dalam sejarah politik Malaysia dengan membentangkan sepenuhnya penyata perbelanjaan dan sumber kewangan bagi PRN Johor baru-baru ini, seperti yang diperincikan di dalam Lampiran A.

Pautan Lampiran A:
https://t.co/2DT8NLXCkB

Amalan ini akan menjadi disiplin 𝗕𝗘𝗥𝗦𝗔𝗠𝗔 untuk semua pilihan raya yang disertai di masa akan datang.

Saya berharap sumbangan kecil 𝗕𝗘𝗥𝗦𝗔𝗠𝗔 dalam membawa budaya politik bersih ini akan membuka hati lebih ramai pengundi untuk bersama kami di masa akan datang.

𝟮𝟴 𝗝𝘂𝗹𝗮𝗶 𝟮𝟬𝟮𝟲

Bagi pihak BERSAMA
𝗥𝗔𝗙𝗜𝗭𝗜 𝗥𝗔𝗠𝗟𝗜",Tue Jul 28 12:08:53 +0000 2026,rafiziramli,Kuala Lumpur City,True,287,89,"𝗞𝗘𝗡𝗬𝗔𝗧𝗔𝗔𝗡 𝗠𝗘𝗗𝗜𝗔 𝟮𝟴 𝗝𝘂𝗹𝗮𝗶 𝟮𝟬𝟮𝟲 𝗣𝗥𝗡 𝗝𝗢𝗛𝗢𝗥 𝟮𝟬𝟮𝟲: 𝗣𝗘𝗡𝗬𝗔𝗧𝗔 𝗣𝗘𝗥𝗕𝗘𝗟𝗔𝗡𝗝𝗔𝗔𝗡 𝗗𝗔𝗡 𝗦𝗨𝗠𝗕𝗘𝗥 𝗞𝗘𝗪𝗔𝗡𝗚𝗔𝗡 Salah satu budaya baru yang dibawa 𝗕𝗘𝗥𝗦𝗔𝗠𝗔 ialah ketelusan dalam pendanaan politik, sebagai usaha untuk memeras rasuah dengan menukar budaya. 𝗕𝗘𝗥𝗦𝗔𝗠𝗔 percaya bahawa slogan anti-rasuah dan janji-janji perubahan undang-undang untuk membanteras rasuah politik telah bertukar menjadi retorik semata-mata. Parti-parti bertukar ganti menjadi kerajaan persekutuan dan negeri-negeri tetapi amalan rasuah politik tetap berterusan. Kebelakangan ini, parti-parti politik tanpa segan silu menggunakan agensi-agensi, aset-aset kerajaan dan dana awam untuk berkempen. Perkara ini diterima oleh majoriti rakyat Malaysia kerana gabungan-gabungan parti besar seperti PH, BN dan PN kesemuanya melakukan kesalahan yang sama. Begitu juga dengan amalan memberi wang minyak, duit poket atau duit belanja kepada pengundi-pengundi. Ada pengundi yang tidak segan silu lagi memaparkan mereka menerima wang untuk mengundi. Salah satu punca utama ialah perjalanan parti-parti politik masih bergantung kepada khidmat berbayar. Jentera-jentera dibayar, orang ramai diberikan wang dan hadiah untuk hadir ke program-program kempen dan petugas kira undi dibayar. Di PRN Johor, ada petugas kira undi (PACA) yang dibayar sehingga RM700 seorang (termasuk belanja minyak dan penginapan). Ada yang dibayar mengikut jam (contoh RM70 setiap jam bertugas). Selagi gerak kerja kempen dan perjalanan aktiviti parti-parti politik perlu dibayar, selagi itulah amalan rasuah sukar dibendung. Hakikatnya, sesebuah gabungan politik membelanjakan puluhan juta ringgit, malah mencecah ratusan juta ringgit untuk sesebuah pilihan raya negeri. Wang rasuah ini didahulukan oleh kumpulan-kumpulan berkepentingan, sama ada ahli-ahli perniagaan atau dari perniagaan haram yang bertentangan dengan undang-undang. Balasannya kelak ialah kontrak-kontrak besar kerajaan yang nilainya dinaikkan berlipat kali ganda untuk mendapatkan kembali modal yang telah dilaburkan kepada gabungan parti politik besar semasa pilihan raya. Lebih teruk lagi, jika ia melibatkan aktiviti haram, tindakan tidak diambil terhadap aktiviti haram seperti perjudian atas talian, penyeludupan dan pelbagai lagi kegiatan haram, sebagai ganti kepada sumbangan dana semasa kempen pilihan raya. Jika ada satu kekecewaan utama saya sepanjang saya menjadi ahli politik ialah kegagalan saya merubah amalan ini di dalam parti-parti politik yang saya pernah terlibat. Juga kegagalan saya meyakinkan majoriti rakyat Malaysia untuk membenci amalan rasuah politik seperti ini, yang diberikan atas nama sumbangan atau duit minyak. Sebab itu, apabila saya dan Nik Nazmi berkesempatan memulakan kembali kerjaya politik kami dari bawah melalui 𝗕𝗘𝗥𝗦𝗔𝗠𝗔, saya berhasrat melatih aktivis-aktivis politik yang benar-benar benci kepada amalan rasuah seperti ini. Rasuah seperti ini menyebabkan maruah kita tergadai. Demi wang, kita sanggup menukar pendirian, memberi alasan dan menutup mata kepada kerosakan. Tetapi ia perlu bermula dengan menukar budaya bagaimana gerak kerja kempen sesebuah parti dijalankan. Ia bermula dengan kembali kepada asas politik, iaitu keikhlasan untuk menyumbang demi kebaikan masyarakat dengan melakukan sesuatu dengan sukarela. Alhamdulillah, perkara itu dapat dilaksanakan oleh 𝗕𝗘𝗥𝗦𝗔𝗠𝗔 dalam PRN Johor yang lepas. Keseluruhan kempen BERSAMA dilaksanakan secara sukarela tanpa perlu ada bayaran dan apa-apa perbelanjaan kempen yang lain dibiayai sepenuhnya dari tiga (3) sumber orang ramai: 1)Yuran keahlian BERSAMA sebanyak RM20 setiap ahli 2)Kutipan dana dari majlis makan malam mengumpul dana #WeFund untuk PRN Johor 3)Sumbangan peribadi dari penderma dan penyokong dalam jumlah yang kecil, sama ada melalui crowdfunding atau sumbangan peribadi Hari ini, 𝗕𝗘𝗥𝗦𝗔𝗠𝗔 merintis budaya baru dalam sejarah politik Malaysia dengan membentangkan sepenuhnya penyata perbelanjaan dan sumber kewangan bagi PRN Johor baru-baru ini, seperti yang diperincikan di dalam Lampiran A. Pautan Lampiran A: Amalan ini akan menjadi disiplin 𝗕𝗘𝗥𝗦𝗔𝗠𝗔 untuk semua pilihan raya yang disertai di masa akan datang. Saya berharap sumbangan kecil 𝗕𝗘𝗥𝗦𝗔𝗠𝗔 dalam membawa budaya politik bersih ini akan membuka hati lebih ramai pengundi untuk bersama kami di masa akan datang. 𝟮𝟴 𝗝𝘂𝗹𝗮𝗶 𝟮𝟬𝟮𝟲 Bagi pihak BERSAMA 𝗥𝗔𝗙𝗜𝗭𝗜 𝗥𝗔𝗠𝗟𝗜"
ringgit,2082034123284304309,"𝗞𝗘𝗡𝗬𝗔𝗧𝗔𝗔𝗡 𝗠𝗘𝗗𝗜𝗔
𝟮𝟴 𝗝𝘂𝗹𝗮𝗶 𝟮𝟬𝟮𝟲

𝗣𝗥𝗡 𝗝𝗢𝗛𝗢𝗥 𝟮𝟬𝟮𝟲: 𝗣𝗘𝗡𝗬𝗔𝗧𝗔 𝗣𝗘𝗥𝗕𝗘𝗟𝗔𝗡𝗝𝗔𝗔𝗡 𝗗𝗔𝗡 𝗦𝗨𝗠𝗕𝗘𝗥 𝗞𝗘𝗪𝗔𝗡𝗚𝗔𝗡

Salah satu budaya baru yang dibawa 𝗕𝗘𝗥𝗦𝗔𝗠𝗔 ialah ketelusan dalam pendanaan politik, sebagai usaha untuk memeras rasuah dengan menukar budaya.

𝗕𝗘𝗥𝗦𝗔𝗠𝗔 percaya bahawa slogan anti-rasuah dan janji-janji perubahan undang-undang untuk membanteras rasuah politik telah bertukar menjadi retorik semata-mata. 

Parti-parti bertukar ganti menjadi kerajaan persekutuan dan negeri-negeri tetapi amalan rasuah politik tetap berterusan. 

Kebelakangan ini, parti-parti politik tanpa segan silu menggunakan agensi-agensi, aset-aset kerajaan dan dana awam untuk berkempen. Perkara ini diterima oleh majoriti rakyat Malaysia kerana gabungan-gabungan parti besar seperti PH, BN dan PN kesemuanya melakukan kesalahan yang sama.

Begitu juga dengan amalan memberi wang minyak, duit poket atau duit belanja kepada pengundi-pengundi. Ada pengundi yang tidak segan silu lagi memaparkan mereka menerima wang untuk mengundi.

Salah satu punca utama ialah perjalanan parti-parti politik masih bergantung kepada khidmat berbayar. Jentera-jentera dibayar, orang ramai diberikan wang dan hadiah untuk hadir ke program-program kempen dan petugas kira undi dibayar.

Di PRN Johor, ada petugas kira undi (PACA) yang dibayar sehingga RM700 seorang (termasuk belanja minyak dan penginapan). Ada yang dibayar mengikut jam (contoh RM70 setiap jam bertugas). 

Selagi gerak kerja kempen dan perjalanan aktiviti parti-parti politik perlu dibayar, selagi itulah amalan rasuah sukar dibendung.

Hakikatnya, sesebuah gabungan politik membelanjakan puluhan juta ringgit, malah mencecah ratusan juta ringgit untuk sesebuah pilihan raya negeri.

Wang rasuah ini didahulukan oleh kumpulan-kumpulan berkepentingan, sama ada ahli-ahli perniagaan atau dari perniagaan haram yang bertentangan dengan undang-undang.

Balasannya kelak ialah kontrak-kontrak besar kerajaan yang nilainya dinaikkan berlipat kali ganda untuk mendapatkan kembali modal yang telah dilaburkan kepada gabungan parti politik besar semasa pilihan raya.

Lebih teruk lagi, jika ia melibatkan aktiviti haram, tindakan tidak diambil terhadap aktiviti haram seperti perjudian atas talian, penyeludupan dan pelbagai lagi kegiatan haram, sebagai ganti kepada sumbangan dana semasa kempen pilihan raya.

Jika ada satu kekecewaan utama saya sepanjang saya menjadi ahli politik ialah kegagalan saya merubah amalan ini di dalam parti-parti politik yang saya pernah terlibat.

Juga kegagalan saya meyakinkan majoriti rakyat Malaysia untuk membenci amalan rasuah politik seperti ini, yang diberikan atas nama sumbangan atau duit minyak.

Sebab itu, apabila saya dan Nik Nazmi berkesempatan memulakan kembali kerjaya politik kami dari bawah melalui 𝗕𝗘𝗥𝗦𝗔𝗠𝗔, saya berhasrat melatih aktivis-aktivis politik yang benar-benar benci kepada amalan rasuah seperti ini.

Rasuah seperti ini menyebabkan maruah kita tergadai. Demi wang, kita sanggup menukar pendirian, memberi alasan dan menutup mata kepada kerosakan.

Tetapi ia perlu bermula dengan menukar budaya bagaimana gerak kerja kempen sesebuah parti dijalankan.

Ia bermula dengan kembali kepada asas politik, iaitu keikhlasan untuk menyumbang demi kebaikan masyarakat dengan melakukan sesuatu dengan sukarela.

Alhamdulillah, perkara itu dapat dilaksanakan oleh 𝗕𝗘𝗥𝗦𝗔𝗠𝗔 dalam PRN Johor yang lepas.

Keseluruhan kempen BERSAMA dilaksanakan secara sukarela tanpa perlu ada bayaran dan apa-apa perbelanjaan kempen yang lain dibiayai sepenuhnya dari tiga (3) sumber orang ramai:

1) Yuran keahlian BERSAMA sebanyak RM20 setiap ahli

2) Kutipan dana dari majlis makan malam mengumpul dana #WeFund untuk PRN Johor

3) Sumbangan peribadi dari penderma dan penyokong dalam jumlah yang kecil, sama ada melalui crowdfunding atau sumbangan peribadi

Hari ini, 𝗕𝗘𝗥𝗦𝗔𝗠𝗔 merintis budaya baru dalam sejarah politik Malaysia dengan membentangkan sepenuhnya penyata perbelanjaan dan sumber kewangan bagi PRN Johor baru-baru ini, seperti yang diperincikan di dalam Lampiran A (boleh rujuk di bahagian gambar).

Amalan ini akan menjadi disiplin 𝗕𝗘𝗥𝗦𝗔𝗠𝗔 untuk semua pilihan raya yang disertai di masa akan datang.

Saya berharap sumbangan kecil 𝗕𝗘𝗥𝗦𝗔𝗠𝗔 dalam membawa budaya politik bersih ini akan membuka hati lebih ramai pengundi untuk bersama kami di masa akan datang.

𝟮𝟴 𝗝𝘂𝗹𝗮𝗶 𝟮𝟬𝟮𝟲

Bagi pihak 𝗕𝗘𝗥𝗦𝗔𝗠𝗔
𝗥𝗔𝗙𝗜𝗭𝗜 𝗥𝗔𝗠𝗟𝗜",Tue Jul 28 09:23:11 +0000 2026,rafiziramli,Kuala Lumpur City,True,899,332,"𝗞𝗘𝗡𝗬𝗔𝗧𝗔𝗔𝗡 𝗠𝗘𝗗𝗜𝗔 𝟮𝟴 𝗝𝘂𝗹𝗮𝗶 𝟮𝟬𝟮𝟲 𝗣𝗥𝗡 𝗝𝗢𝗛𝗢𝗥 𝟮𝟬𝟮𝟲: 𝗣𝗘𝗡𝗬𝗔𝗧𝗔 𝗣𝗘𝗥𝗕𝗘𝗟𝗔𝗡𝗝𝗔𝗔𝗡 𝗗𝗔𝗡 𝗦𝗨𝗠𝗕𝗘𝗥 𝗞𝗘𝗪𝗔𝗡𝗚𝗔𝗡 Salah satu budaya baru yang dibawa 𝗕𝗘𝗥𝗦𝗔𝗠𝗔 ialah ketelusan dalam pendanaan politik, sebagai usaha untuk memeras rasuah dengan menukar budaya. 𝗕𝗘𝗥𝗦𝗔𝗠𝗔 percaya bahawa slogan anti-rasuah dan janji-janji perubahan undang-undang untuk membanteras rasuah politik telah bertukar menjadi retorik semata-mata. Parti-parti bertukar ganti menjadi kerajaan persekutuan dan negeri-negeri tetapi amalan rasuah politik tetap berterusan. Kebelakangan ini, parti-parti politik tanpa segan silu menggunakan agensi-agensi, aset-aset kerajaan dan dana awam untuk berkempen. Perkara ini diterima oleh majoriti rakyat Malaysia kerana gabungan-gabungan parti besar seperti PH, BN dan PN kesemuanya melakukan kesalahan yang sama. Begitu juga dengan amalan memberi wang minyak, duit poket atau duit belanja kepada pengundi-pengundi. Ada pengundi yang tidak segan silu lagi memaparkan mereka menerima wang untuk mengundi. Salah satu punca utama ialah perjalanan parti-parti politik masih bergantung kepada khidmat berbayar. Jentera-jentera dibayar, orang ramai diberikan wang dan hadiah untuk hadir ke program-program kempen dan petugas kira undi dibayar. Di PRN Johor, ada petugas kira undi (PACA) yang dibayar sehingga RM700 seorang (termasuk belanja minyak dan penginapan). Ada yang dibayar mengikut jam (contoh RM70 setiap jam bertugas). Selagi gerak kerja kempen dan perjalanan aktiviti parti-parti politik perlu dibayar, selagi itulah amalan rasuah sukar dibendung. Hakikatnya, sesebuah gabungan politik membelanjakan puluhan juta ringgit, malah mencecah ratusan juta ringgit untuk sesebuah pilihan raya negeri. Wang rasuah ini didahulukan oleh kumpulan-kumpulan berkepentingan, sama ada ahli-ahli perniagaan atau dari perniagaan haram yang bertentangan dengan undang-undang. Balasannya kelak ialah kontrak-kontrak besar kerajaan yang nilainya dinaikkan berlipat kali ganda untuk mendapatkan kembali modal yang telah dilaburkan kepada gabungan parti politik besar semasa pilihan raya. Lebih teruk lagi, jika ia melibatkan aktiviti haram, tindakan tidak diambil terhadap aktiviti haram seperti perjudian atas talian, penyeludupan dan pelbagai lagi kegiatan haram, sebagai ganti kepada sumbangan dana semasa kempen pilihan raya. Jika ada satu kekecewaan utama saya sepanjang saya menjadi ahli politik ialah kegagalan saya merubah amalan ini di dalam parti-parti politik yang saya pernah terlibat. Juga kegagalan saya meyakinkan majoriti rakyat Malaysia untuk membenci amalan rasuah politik seperti ini, yang diberikan atas nama sumbangan atau duit minyak. Sebab itu, apabila saya dan Nik Nazmi berkesempatan memulakan kembali kerjaya politik kami dari bawah melalui 𝗕𝗘𝗥𝗦𝗔𝗠𝗔, saya berhasrat melatih aktivis-aktivis politik yang benar-benar benci kepada amalan rasuah seperti ini. Rasuah seperti ini menyebabkan maruah kita tergadai. Demi wang, kita sanggup menukar pendirian, memberi alasan dan menutup mata kepada kerosakan. Tetapi ia perlu bermula dengan menukar budaya bagaimana gerak kerja kempen sesebuah parti dijalankan. Ia bermula dengan kembali kepada asas politik, iaitu keikhlasan untuk menyumbang demi kebaikan masyarakat dengan melakukan sesuatu dengan sukarela. Alhamdulillah, perkara itu dapat dilaksanakan oleh 𝗕𝗘𝗥𝗦𝗔𝗠𝗔 dalam PRN Johor yang lepas. Keseluruhan kempen BERSAMA dilaksanakan secara sukarela tanpa perlu ada bayaran dan apa-apa perbelanjaan kempen yang lain dibiayai sepenuhnya dari tiga (3) sumber orang ramai: 1) Yuran keahlian BERSAMA sebanyak RM20 setiap ahli 2) Kutipan dana dari majlis makan malam mengumpul dana #WeFund untuk PRN Johor 3) Sumbangan peribadi dari penderma dan penyokong dalam jumlah yang kecil, sama ada melalui crowdfunding atau sumbangan peribadi Hari ini, 𝗕𝗘𝗥𝗦𝗔𝗠𝗔 merintis budaya baru dalam sejarah politik Malaysia dengan membentangkan sepenuhnya penyata perbelanjaan dan sumber kewangan bagi PRN Johor baru-baru ini, seperti yang diperincikan di dalam Lampiran A (boleh rujuk di bahagian gambar). Amalan ini akan menjadi disiplin 𝗕𝗘𝗥𝗦𝗔𝗠𝗔 untuk semua pilihan raya yang disertai di masa akan datang. Saya berharap sumbangan kecil 𝗕𝗘𝗥𝗦𝗔𝗠𝗔 dalam membawa budaya politik bersih ini akan membuka hati lebih ramai pengundi untuk bersama kami di masa akan datang. 𝟮𝟴 𝗝𝘂𝗹𝗮𝗶 𝟮𝟬𝟮𝟲 Bagi pihak 𝗕𝗘𝗥𝗦𝗔𝗠𝗔 𝗥𝗔𝗙𝗜𝗭𝗜 𝗥𝗔𝗠𝗟𝗜"
ringgit,2081924859333079509,"Ringgit dibuka tinggi berbanding mata wang utama, rendah berbanding dolar AS

Dipengaruhi sentimen pasaran berikutan ketidaktentuan yang masih berlarutan berhubung rundingan antara AS dan Iran.

#SinarHarian #BeritaTerkini #ringgit #dibukarendah #dolarAS

https://t.co/mOmVnIP8L4",Tue Jul 28 02:09:01 +0000 2026,SinarOnline,Malaysia,True,0,0,"Ringgit dibuka tinggi berbanding mata wang utama, rendah berbanding dolar AS Dipengaruhi sentimen pasaran berikutan ketidaktentuan yang masih berlarutan berhubung rundingan antara AS dan Iran. #SinarHarian #BeritaTerkini #ringgit #dibukarendah #dolarAS"
ringgit,2081908809325215760,"#NSTBusinessTimes The ringgit opened higher against most major currencies on Tuesday but eased against the US dollar, weighed down by market sentiment amid lingering uncertainty over US-Iran negotiations.
 
https://t.co/fvbfY7rZ5C https://t.co/vBmNUXXRnC",Tue Jul 28 01:05:14 +0000 2026,NST_Online,Malaysia,True,0,0,"#NSTBusinessTimes The ringgit opened higher against most major currencies on Tuesday but eased against the US dollar, weighed down by market sentiment amid lingering uncertainty over US-Iran negotiations."
ringgit,2079890553769267649,"Lonjakan harga minyak mentah terbukti mendorong ringgit yang mengukuh berbanding mata wang utama dunia

#Ringgit #dolar #minyakmentah
 
https://t.co/6wDBiXy1Ol",Wed Jul 22 11:25:25 +0000 2026,SinarOnline,Malaysia,True,1,0,Lonjakan harga minyak mentah terbukti mendorong ringgit yang mengukuh berbanding mata wang utama dunia #Ringgit #dolar #minyakmentah
ringgit,2079769947253686651,"Ringgit hampir tak berubah berbanding dolar AS, lebih kukuh daripada mata wang utama

#BHbisnes Ketidaktentuan mengenai rundingan perjanjian damai terus menjadi tumpuan apabila AS dan Iran saling melancarkan serangan untuk hari ke-10 berturut-turut.

https://t.co/1ypXWQY6bo",Wed Jul 22 03:26:10 +0000 2026,bharianmy,Malaysia,True,1,0,"Ringgit hampir tak berubah berbanding dolar AS, lebih kukuh daripada mata wang utama #BHbisnes Ketidaktentuan mengenai rundingan perjanjian damai terus menjadi tumpuan apabila AS dan Iran saling melancarkan serangan untuk hari ke-10 berturut-turut."
ringgit,2076879359583920552,"Ringgit dibuka tinggi berbanding dolar Amerika pada Selasa berikutan ketidaktentuan di Selat Hormuz yang meningkatkan harga minyak mentah global - Ketua Ahli Ekonomi Bank Muamalat Malaysia Bhd Dr Mohd Afzanizam Abdul Rashid

https://t.co/tkXkJMKSrv https://t.co/aK59WBD2wR",Tue Jul 14 04:00:00 +0000 2026,Bernama_Radio,Malaysia,True,0,0,Ringgit dibuka tinggi berbanding dolar Amerika pada Selasa berikutan ketidaktentuan di Selat Hormuz yang meningkatkan harga minyak mentah global - Ketua Ahli Ekonomi Bank Muamalat Malaysia Bhd Dr Mohd Afzanizam Abdul Rashid
ringgit,2076637296024240311,"Ringgit ditutup tinggi berbanding dolar AS

Pelabur terus menilai ketidaktentuan berkaitan gencatan senjata AS-Iran serta aliran bebas kapal yang melalui Selat Hormuz.

https://t.co/33XS6CprhV

#sinarharian #beritaterkini",Mon Jul 13 11:58:08 +0000 2026,SinarOnline,Malaysia,True,1,0,Ringgit ditutup tinggi berbanding dolar AS Pelabur terus menilai ketidaktentuan berkaitan gencatan senjata AS-Iran serta aliran bebas kapal yang melalui Selat Hormuz. #sinarharian #beritaterkini
ringgit,2072185781423309087,"🇲🇾 New and live now: 
 
→ Today in Malaysia: solat, minyak, ringgit, cuaca &amp; udara, live
→ Cuti Umum 2026 + countdown ke cuti seterusnya
→ Explainers: B40/M40/T20, SST, EPF, gaji minimum, dijelaskan simple
→ Waktu solat untuk 10 bandar

https://t.co/67OPaZzLAJ https://t.co/X0Cd2SNkXS",Wed Jul 01 05:09:24 +0000 2026,GreaterMsia,Malaysia,True,4,0,"🇲🇾 New and live now: → Today in Malaysia: solat, minyak, ringgit, cuaca &amp; udara, live → Cuti Umum 2026 + countdown ke cuti seterusnya → Explainers: B40/M40/T20, SST, EPF, gaji minimum, dijelaskan simple → Waktu solat untuk 10 bandar"
ringgit,2071428116480766200,"Ringgit dibuka lebih tinggi berbanding dolar AS hari ini didorong sokongan berterusan daripada pergerakan harga minyak mentah yang kekal pada paras lebih rendah.

Pada jam 8 pagi, mata wang tempatan berada pada paras 4.0855/0950 berbanding dolar AS, berbanding 4.0860/0910 ketika ditutup pada Jumaat lalu.",Mon Jun 29 02:58:42 +0000 2026,EkonomiRakyatMY,Kuala Lumpur,True,15,3,"Ringgit dibuka lebih tinggi berbanding dolar AS hari ini didorong sokongan berterusan daripada pergerakan harga minyak mentah yang kekal pada paras lebih rendah. Pada jam 8 pagi, mata wang tempatan berada pada paras 4.0855/0950 berbanding dolar AS, berbanding 4.0860/0910 ketika ditutup pada Jumaat lalu."
ringgit,2071407732176077125,"Ringgit dibuka tinggi disokong harga minyak rendah

https://t.co/HnFoKVPK0Y",Mon Jun 29 01:37:42 +0000 2026,MalaysiaGazette,Kuala Lumpur,True,0,0,Ringgit dibuka tinggi disokong harga minyak rendah
ringgit,2071405489586639213,"Pada 8 pagi, mata wang tempatan berada pada 4.0855/0950 berbanding dolar AS daripada 4.0860/0910 semasa ditutup pada Jumaat lepas.

https://t.co/Wfd0GCOlCd

#AWANInews #AWANIpagi",Mon Jun 29 01:28:48 +0000 2026,501Awani,Malaysia,True,0,1,"Pada 8 pagi, mata wang tempatan berada pada 4.0855/0950 berbanding dolar AS daripada 4.0860/0910 semasa ditutup pada Jumaat lepas. #AWANInews #AWANIpagi"
ringgit,2071402706556846135,"Ringgit dibuka tinggi berbanding dolar AS, disokong harga minyak rendah

Pada sesi pembukaan, ringgit diniagakan tinggi berbanding sekumpulan mata wang utama.

https://t.co/WmAeRJSmjF

#SinarHarian #Threads #BeritaTerkini",Mon Jun 29 01:17:44 +0000 2026,SinarOnline,Malaysia,True,0,0,"Ringgit dibuka tinggi berbanding dolar AS, disokong harga minyak rendah Pada sesi pembukaan, ringgit diniagakan tinggi berbanding sekumpulan mata wang utama. #SinarHarian #Threads #BeritaTerkini"
iran_general,2103690632204349530,"Iran ready to return to June MoU with US — President Pezeshkian

#latest #vanakkammalaysia #Iran #June #MoU #US #PresidentPezeshkian #trendingnewsmalaysia #malaysiatamilnews #fyp #vmnews #foryoupage https://t.co/Ca2aysbdcy",Sat Sep 26 03:38:26 +0000 2026,vmnews,Malaysia,True,0,0,Iran ready to return to June MoU with US — President Pezeshkian #latest #vanakkammalaysia #Iran #June #MoU #US #PresidentPezeshkian #trendingnewsmalaysia #malaysiatamilnews #fyp #vmnews #foryoupage
iran_perang,2103504557401899279,"AS perlu buat pilihan sama ada mahu tamatkan perang – Iran

https://t.co/gZHcuyFxZC",Fri Sep 25 15:19:02 +0000 2026,MalaysiaGazette,Kuala Lumpur,True,0,0,AS perlu buat pilihan sama ada mahu tamatkan perang – Iran
iran_perang,2097872671438684212,"Trump yakin perang Iran berakhir selepas pilihan raya pertengahan penggal AS
https://t.co/pDksgVPR9S",Thu Sep 10 02:19:56 +0000 2026,UMonline,Malaysia,True,2,1,Trump yakin perang Iran berakhir selepas pilihan raya pertengahan penggal AS
iran_perang,2096036043107729565,"Trump sifatkan perang Iran sebagai ‘perkara kecil’ bagi AS

https://t.co/GBwxetR1lH",Sat Sep 05 00:41:49 +0000 2026,MalaysiaGazette,Kuala Lumpur,True,0,0,Trump sifatkan perang Iran sebagai ‘perkara kecil’ bagi AS
iran_perang,2095372481078944162,"AirAsia Group menegaskan bahawa usaha untuk mendapatkan lebih AS$1 bilion modal baharu bukan bertujuan untuk menampung kekurangan operasi tetapi untuk membiayai semula hutang berkos tinggi ketika pandemik Covid-19 melanda.

Syarikat itu juga berdepan tekanan kewangan akibat kenaikan harga bahan api serta mencatat kerugian bersih RM527 juta pada suku terakhir lalu menyaksikan sahamnya merosot 64% sejak perang Iran bermula.",Thu Sep 03 04:45:04 +0000 2026,EkonomiRakyatMY,Kuala Lumpur,True,6,3,AirAsia Group menegaskan bahawa usaha untuk mendapatkan lebih AS$1 bilion modal baharu bukan bertujuan untuk menampung kekurangan operasi tetapi untuk membiayai semula hutang berkos tinggi ketika pandemik Covid-19 melanda. Syarikat itu juga berdepan tekanan kewangan akibat kenaikan harga bahan api serta mencatat kerugian bersih RM527 juta pada suku terakhir lalu menyaksikan sahamnya merosot 64% sejak perang Iran bermula.
iran_perang,2086700048109490285,"""Perang ini perlu ditamatkan kerana setiap hari konflik ini berterusan, Amerika Syarikat menjadi semakin lemah, Iran semakin kuat, dan rakyat di sini terbeban akibat kenaikan harga.""

#AWANInews #AWANI745

https://t.co/dvjMOtD79e",Mon Aug 10 06:23:55 +0000 2026,501Awani,Malaysia,True,5,0,"""Perang ini perlu ditamatkan kerana setiap hari konflik ini berterusan, Amerika Syarikat menjadi semakin lemah, Iran semakin kuat, dan rakyat di sini terbeban akibat kenaikan harga."" #AWANInews #AWANI745"
iran_perang,2082012738822574178,"Tinjauan yang dijalankan dari 24 hingga 26 Julai itu turut mendapati majoriti responden berpendapat Presiden Donald Trump gagal menjelaskan matlamat penglibatan ketenteraan AS dalam konflik berkenaan.

#AWANInews #AWANI745

https://t.co/kvAy2ci6Pv",Tue Jul 28 07:58:13 +0000 2026,501Awani,Malaysia,True,1,0,Tinjauan yang dijalankan dari 24 hingga 26 Julai itu turut mendapati majoriti responden berpendapat Presiden Donald Trump gagal menjelaskan matlamat penglibatan ketenteraan AS dalam konflik berkenaan. #AWANInews #AWANI745
iran_perang,2080574187236942245,"Trump makin tertekan hadap perang Iran

https://t.co/JSSAzuW1O7",Fri Jul 24 08:41:56 +0000 2026,UMonline,Malaysia,True,0,0,Trump makin tertekan hadap perang Iran
iran_perang,2079781246750933385,"AS sahkan belanja RM154 bilion untuk perang Iran

https://t.co/NX1uHx4dMH",Wed Jul 22 04:11:04 +0000 2026,UMonline,Malaysia,True,3,1,AS sahkan belanja RM154 bilion untuk perang Iran
iran_perang,2075402954618937770,"Israel sedia sambung perang Iran

https://t.co/NfgYaCdEle",Fri Jul 10 02:13:18 +0000 2026,UMonline,Malaysia,True,0,0,Israel sedia sambung perang Iran
iran_perang,2070070106898706647,"Senat AS sokong Trump dalam undian baharu berkaitan kuasa perang Iran

https://t.co/W3B83vdemz",Thu Jun 25 09:02:28 +0000 2026,UMonline,Malaysia,True,0,0,Senat AS sokong Trump dalam undian baharu berkaitan kuasa perang Iran
iran_perang,2070062189201981570,"Trump mohon Kongres lulus dana ‘mendesak’ perang Iran RM360 bilion

https://t.co/c4W9W5aHMI",Thu Jun 25 08:31:00 +0000 2026,UMonline,Malaysia,True,0,0,Trump mohon Kongres lulus dana ‘mendesak’ perang Iran RM360 bilion
iran_perang,2068246713991844053,"Pentagon mohon RM331 bilion tampung kos perang Iran – WSJ

https://t.co/cGBy6zbs82",Sat Jun 20 08:16:57 +0000 2026,UMonline,Malaysia,True,0,1,Pentagon mohon RM331 bilion tampung kos perang Iran – WSJ
iran_perang,2067075225850892426,"Serang Iran selamatkan Israel daripada ancaman nuklear – Netanyahu

https://t.co/KwHhen4WR8",Wed Jun 17 02:41:52 +0000 2026,UMonline,Malaysia,True,0,1,Serang Iran selamatkan Israel daripada ancaman nuklear – Netanyahu
iran_perang,2065070707424534945,"1/n

Kesan perang Iran-US makin dirasai.

Recently Penasihat Ekonomi PM ada bgtau,kesan perang Iran- US ni akan mula dirasai oleh rakyat by August

Memandangkan kerja hakiki berurusan dgn SMEs, orang2 meniaga

Maka byk lah input2 yg diterima",Thu Jun 11 13:56:38 +0000 2026,abahlubna,"Selangor, Malaysia",True,8,6,"1/n Kesan perang Iran-US makin dirasai. Recently Penasihat Ekonomi PM ada bgtau,kesan perang Iran- US ni akan mula dirasai oleh rakyat by August Memandangkan kerja hakiki berurusan dgn SMEs, orang2 meniaga Maka byk lah input2 yg diterima"
iran_perang,2063935230516613357,"Harga arang batu Asia meningkat ke paras tertinggi sejak 2024 sebab peraturan baru eksport oleh Indonesia yang merupakan sumber import arang batu utama Malaysia dan juga kesan perang Iran yang mengalihkan penggunaan gas asli kepada arang batu oleh negara-negara di Asia.

arang batu mewakili 47.1% generation mix dekat Semenanjung. 

sejak bulan Mac selepas perang meletus kadar rebat Automatic Fuel Adjustment (AFA) untuk penggunaan elektrik 600kWh ke atas berkurang dan sejak Mei kadar AFA menjadi surcharge +1.38 sen/kWh dan untuk Jun terus meningkat kepada 2.59 sen/kWh. 

dengan harga arang batu dan gas yang dijangka terus meningkat, pengguna yang menggunakan elektrik melebihi 600kWh sebulan berhadapan dengan surcaj AFA atau tarif lebih tinggi. 

walaubagaimanapun hanya 15% pengguna menggunakan elektrik melebihi 600kWh selebihnya 85% tidak terkesan dengan AFA dan juga menerima pengecualian caj runcit RM10.",Mon Jun 08 10:44:39 +0000 2026,syahir,Malaysia,True,66,57,"Harga arang batu Asia meningkat ke paras tertinggi sejak 2024 sebab peraturan baru eksport oleh Indonesia yang merupakan sumber import arang batu utama Malaysia dan juga kesan perang Iran yang mengalihkan penggunaan gas asli kepada arang batu oleh negara-negara di Asia. arang batu mewakili 47.1% generation mix dekat Semenanjung. sejak bulan Mac selepas perang meletus kadar rebat Automatic Fuel Adjustment (AFA) untuk penggunaan elektrik 600kWh ke atas berkurang dan sejak Mei kadar AFA menjadi surcharge +1.38 sen/kWh dan untuk Jun terus meningkat kepada 2.59 sen/kWh. dengan harga arang batu dan gas yang dijangka terus meningkat, pengguna yang menggunakan elektrik melebihi 600kWh sebulan berhadapan dengan surcaj AFA atau tarif lebih tinggi. walaubagaimanapun hanya 15% pengguna menggunakan elektrik melebihi 600kWh selebihnya 85% tidak terkesan dengan AFA dan juga menerima pengecualian caj runcit RM10."
iran_perang,2063578444219473953,"Buku Perang Iran-Israel

#malaysiagazette 
https://t.co/UQHm66X2In",Sun Jun 07 11:06:55 +0000 2026,MalaysiaGazette,Kuala Lumpur,True,0,0,Buku Perang Iran-Israel #malaysiagazette
iran_perang,2063558365427712027,"Perang Iran-Israel perlu difahami umat Islam secara menyeluruh – Hadi Awang

https://t.co/ureALhoCyT",Sun Jun 07 09:47:08 +0000 2026,MalaysiaGazette,Kuala Lumpur,True,0,0,Perang Iran-Israel perlu difahami umat Islam secara menyeluruh – Hadi Awang
iran_perang,2062750454329851912,"@kaiyumi42 Bodoh la. Ekonomi tengah terok. On Wed 3/6, majikan saya terminate employees en-mass total 400+ (termasuk saya) citing perang Iran-US does affect the business, costs of raw materials &amp; transportation meningkat. Ini semua kes lahap kuasa, rakyat menderita",Fri Jun 05 04:16:47 +0000 2026,Bardhussain,"Kuala Lumpur, M'sia",True,2,0,"@kaiyumi42 Bodoh la. Ekonomi tengah terok. On Wed 3/6, majikan saya terminate employees en-mass total 400+ (termasuk saya) citing perang Iran-US does affect the business, costs of raw materials &amp; transportation meningkat. Ini semua kes lahap kuasa, rakyat menderita"
iran_perang,2062380777879581140,"Dewan Perwakilan AS lulus usul halang Trump teruskan perang Iran
https://t.co/W2qkHdiyGg",Thu Jun 04 03:47:49 +0000 2026,UMonline,Malaysia,True,1,1,Dewan Perwakilan AS lulus usul halang Trump teruskan perang Iran
iran_perang,2061703436090138814,"imo, the right thing to do adalah bubar je la parlimen biar PRU skali gus semua.

Dah yg ni kemaruk nak bubar,yg tu menggelupur nk bubar.

Like it or not, PM skrg tersepit.

Nak apungkan sikit harga minyak,org akan bising harga naik sokongan lagi merudum.

Dalam masa yg sama, akaun bulanan negara sakit teruk. Ye la sblm ni bajet utk subsidi minyak 700j / bulan..ni dgn perang Iran US jadi 5-6b / bulan.

Supply katanya cukup sampai Julai / Ogos. Lepas tu?

Kalau la esok US - Iran sign pelan damai. Estimate it could take 12-18 months utk harga kembali stabil.

Kalau aku la, baik bubar la..dptkan mandat baru,

Sapa2 jadi kerajaan pun,like it or not..re-instate gst at the rate 3-4%, subsidi gula minyak masak tu buang..subsidi petrol remove sikit2 biar harga minyak at the rate of RM2.50-RM2.65/litre",Tue Jun 02 06:56:18 +0000 2026,abahlubna,"Selangor, Malaysia",True,31,13,"imo, the right thing to do adalah bubar je la parlimen biar PRU skali gus semua. Dah yg ni kemaruk nak bubar,yg tu menggelupur nk bubar. Like it or not, PM skrg tersepit. Nak apungkan sikit harga minyak,org akan bising harga naik sokongan lagi merudum. Dalam masa yg sama, akaun bulanan negara sakit teruk. Ye la sblm ni bajet utk subsidi minyak 700j / bulan..ni dgn perang Iran US jadi 5-6b / bulan. Supply katanya cukup sampai Julai / Ogos. Lepas tu? Kalau la esok US - Iran sign pelan damai. Estimate it could take 12-18 months utk harga kembali stabil. Kalau aku la, baik bubar la..dptkan mandat baru, Sapa2 jadi kerajaan pun,like it or not..re-instate gst at the rate 3-4%, subsidi gula minyak masak tu buang..subsidi petrol remove sikit2 biar harga minyak at the rate of RM2.50-RM2.65/litre"
iran_perang,2059826893646639328,"Makin ramai penduduk dunia kelaparan akibat perang Iran
https://t.co/zwJb5ulX4n",Thu May 28 02:39:35 +0000 2026,UMonline,Malaysia,True,2,0,Makin ramai penduduk dunia kelaparan akibat perang Iran
iran_perang,2059175227028914686,"Kapal tangki minyak Jepun pertama melalui Selat Hormuz sejak perang Iran tiba di Jepun, membawa 2 juta tong minyak mentah ke Aichi, lapor Kyodo News.

“Ketibaan kapal itu berita gembira bagi bekalan tenaga stabil,” kata Ketua Setiausaha Kabinet Jepun Minoru Kihara. https://t.co/UvkGlF8hPg",Tue May 26 07:30:06 +0000 2026,EkonomiRakyatMY,Kuala Lumpur,True,6,1,"Kapal tangki minyak Jepun pertama melalui Selat Hormuz sejak perang Iran tiba di Jepun, membawa 2 juta tong minyak mentah ke Aichi, lapor Kyodo News. “Ketibaan kapal itu berita gembira bagi bekalan tenaga stabil,” kata Ketua Setiausaha Kabinet Jepun Minoru Kihara."
iran_perang,2056660590852972653,"5 #BeritaPalingPopularBH hari ini

Ubah wang haram: Bekas Pengarah Jabatan Air Sabah dipenjara 8 tahun, denda RM284.3 juta
- Bekas Pengarah Jabatan Air Sabah dihukum dipenjara lapan tahun dan denda RM284.3 juta selepas didapati bersalah atas 12 tuduhan pengubahan wang haram.

https://t.co/PwqMGdkKMj 

Rumah mampu milik tidak terjual, kelayakan pinjaman, lokasi jadi penghalang - Penganalisis
- Sektor hartanah Malaysia mencatatkan penyusutan jumlah transaksi pada suku pertama 2026 (S126), namun lambakan rumah mampu milik yang gagal dijual terus menjadi perhatian apabila pembeli berdepan kesukaran mendapatkan pembiayaan daripada institusi kewangan.

https://t.co/mNitmrRNpn

Wanita ditikam di leher selamat dibedah 10 jam
- Wanita yang cedera di leher akibat ditikam rakan lelakinya dalam kereta di hadapan restoran di Titi Gajah, Kepala Batas, di sini malam kelmarin, selamat menjalani pembedahan di Hospital Sultanah Bahiyah (HSB), semalam.

https://t.co/Wvo8yWvzMd 

Regu negara gagal pertahan Piala Dunia, kena libas dengan Myanmar
- Hasrat regu negara mempertahankan kejuaraan Piala Dunia Sepak Takraw lebur selepas tewas kepada Myanmar 0-2 pada aksi separuh akhir di Stadium Titiwangsa, sebentar tadi.

https://t.co/bXKiXy8Uly

Pakistan kerah jet, hantar 8,000 tentera ke Arab Saudi
- Pakistan mengerahkan 8,000 anggota tentera, satu skuadron jet pejuang dan sistem pertahanan udara ke Arab Saudi di bawah pakatan pertahanan bersama, sekali gus meningkatkan kerjasama ketenteraan dengan Riyadh ketika Islamabad bertindak sebagai pengantara utama dalam perang Iran.

https://t.co/MPVM1I2Sdm",Tue May 19 08:57:50 +0000 2026,bharianmy,Malaysia,True,1,0,"5 #BeritaPalingPopularBH hari ini Ubah wang haram: Bekas Pengarah Jabatan Air Sabah dipenjara 8 tahun, denda RM284.3 juta - Bekas Pengarah Jabatan Air Sabah dihukum dipenjara lapan tahun dan denda RM284.3 juta selepas didapati bersalah atas 12 tuduhan pengubahan wang haram. Rumah mampu milik tidak terjual, kelayakan pinjaman, lokasi jadi penghalang - Penganalisis - Sektor hartanah Malaysia mencatatkan penyusutan jumlah transaksi pada suku pertama 2026 (S126), namun lambakan rumah mampu milik yang gagal dijual terus menjadi perhatian apabila pembeli berdepan kesukaran mendapatkan pembiayaan daripada institusi kewangan. Wanita ditikam di leher selamat dibedah 10 jam - Wanita yang cedera di leher akibat ditikam rakan lelakinya dalam kereta di hadapan restoran di Titi Gajah, Kepala Batas, di sini malam kelmarin, selamat menjalani pembedahan di Hospital Sultanah Bahiyah (HSB), semalam. Regu negara gagal pertahan Piala Dunia, kena libas dengan Myanmar - Hasrat regu negara mempertahankan kejuaraan Piala Dunia Sepak Takraw lebur selepas tewas kepada Myanmar 0-2 pada aksi separuh akhir di Stadium Titiwangsa, sebentar tadi. Pakistan kerah jet, hantar 8,000 tentera ke Arab Saudi - Pakistan mengerahkan 8,000 anggota tentera, satu skuadron jet pejuang dan sistem pertahanan udara ke Arab Saudi di bawah pakatan pertahanan bersama, sekali gus meningkatkan kerjasama ketenteraan dengan Riyadh ketika Islamabad bertindak sebagai pengantara utama dalam perang Iran."
iran_perang,2054828125985649142,"Pentagon dedah kos perang Iran meningkat RM113 bilion
https://t.co/UZSXsJW8i3",Thu May 14 07:36:16 +0000 2026,UMonline,Malaysia,True,0,0,Pentagon dedah kos perang Iran meningkat RM113 bilion
iran_perang,2054765681464529135,"Wakil rakyat AS dakwa 39 pesawat pejuang Amerika musnah dalam perang Iran
https://t.co/R01RYNNo6O",Thu May 14 03:28:08 +0000 2026,UMonline,Malaysia,True,0,0,Wakil rakyat AS dakwa 39 pesawat pejuang Amerika musnah dalam perang Iran
iran_perang,2054764126153408826,"Trump, Jinping berjabat tangan di Beijing, mula bincang isu sensitif dunia termasuk perang Iran

#BHdunia Jinping menyambut Trump dengan penuh istiadat ketika mereka bertemu di Dewan Besar Rakyat yang mewah

https://t.co/7mscyyKVIT",Thu May 14 03:21:58 +0000 2026,bharianmy,Malaysia,True,3,0,"Trump, Jinping berjabat tangan di Beijing, mula bincang isu sensitif dunia termasuk perang Iran #BHdunia Jinping menyambut Trump dengan penuh istiadat ketika mereka bertemu di Dewan Besar Rakyat yang mewah"
iran_perang,2054739276315910274,"Perang Iran-Israel perlu dihenti segera elak krisis lebih teruk
https://t.co/JE7HrhBfUJ",Thu May 14 01:43:13 +0000 2026,UMonline,Malaysia,True,2,0,Perang Iran-Israel perlu dihenti segera elak krisis lebih teruk
iran_perang,2054421956213248390,"Trump dakwa tidak perlukan bantuan China tamatkan perang Iran
https://t.co/TZQh2NV41t",Wed May 13 04:42:18 +0000 2026,UMonline,Malaysia,True,0,0,Trump dakwa tidak perlukan bantuan China tamatkan perang Iran
iran_trump,2103352024288931842,"7. Asian Energy, Maritime, and Economic Enforcement Compact

China, India, Japan, South Korea, Pakistan, Indonesia, Malaysia, Singapore, and other participating Asian states shall be invited to join the settlement as energy purchasers, maritime-security partners, diplomatic guarantors, reconstruction contributors, and economic-enforcement partners.

Participation shall require concrete commitments rather than statements of concern alone.

A. China

China shall be requested to:

Use its commercial influence with Iran to secure uninterrupted civilian passage through the Strait of Hormuz.
Join the international monitoring commission and serve as a guarantor of Iran’s compliance with the navigation agreement.
Condition new Iranian energy investments and financing upon continued compliance.
Purchase additional lawful Gulf exports and help stabilize energy prices during the transition.
Prevent Chinese ports, banks, shipping companies, and intermediaries from circumventing measures adopted against designated Israeli or Iranian military entities.
Suspend military-capable components, surveillance technology, drones, artificial-intelligence systems, and dual-use exports to any designated entity attempting to sabotage the settlement.
Support a binding Security Council resolution establishing the ceasefire, monitoring system, Palestinian political process, and maritime mission.

China would not be required to join a Western military coalition. Its responsibility would be to use the economic leverage created by its relationship with Iran and its position as a major energy purchaser.

B. India

India shall be requested to:

Participate in the monitoring and protection of civilian commercial shipping.
Provide naval rescue, escort, medical, and mine-countermeasure capabilities under a defensive mandate.
Use its relationships with Israel, Iran, the Gulf states, and the United States to serve as an independent diplomatic channel.
Apply enhanced end-use monitoring to prevent Indian technology, software, components, or financial services from supporting prohibited military operations.
Suspend new contracts with designated Israeli military entities while maintaining essential civilian commerce.
Contribute engineering, medical, communications, and infrastructure support to Palestinian reconstruction.

India’s balanced relationships make it especially suitable as an intermediary that cannot easily be characterized as belonging exclusively to either camp.

C. Japan and South Korea

Japan and South Korea shall be requested to:

Convert their support for secure navigation into participation in a strictly defensive maritime mission.
Provide mine-clearance vessels, surveillance for civilian navigation, rescue capacity, port logistics, and emergency tanker assistance.
Establish strategic purchasing agreements for redirected Azerbaijani, Kazakh, Nigerian, Gulf, and other lawful oil supplies.
Suspend exports of military-capable electronics, semiconductors, optical equipment, machine tools, artificial-intelligence systems, and dual-use components to designated entities.
Restrict financing, insurance, maintenance, and technological support for prohibited Israeli or Iranian military operations.
Finance desalination, electricity, hospitals, telecommunications, housing, and transportation infrastructure in a future Palestinian state.

D. Pakistan and Muslim-majority Asian states

Pakistan, Indonesia, Malaysia, Bangladesh, and other participating Muslim-majority Asian states shall:

Support Saudi, Turkish, Qatari, and Omani mediation with Iran.
Participate in Palestinian reconstruction and diplomatic recognition efforts.
Coordinate lawful targeted sanctions against persons and entities responsible for grave violations.
Prevent fundraising, weapons transfers, or recruitment intended to undermine the settlement.
Support a two-state outcome while expressly protecting Israeli and Palestinian civilians.

Pakistan may contribute maritime and diplomatic capacity, but any military participation must remain defensive, internationally authorized, and subordinate to the ceasefire.

E. Singapore and Asian commercial centers

Singapore and other major Asian financial and maritime centers shall:

Enforce beneficial-ownership disclosure for cargo, vessels, insurers, brokers, and purchasing companies.
Deny port, banking, insurance, and brokerage services to designated sanctions evaders.
Inspect suspicious transshipment arrangements intended to conceal the destination of oil, weapons, or dual-use technology.
Establish penalties for falsified end-user certificates, ship-to-ship sanctions evasion, and concealed military procurement.
Protect legitimate civilian trade from unnecessary interruption.

F. Asian purchaser coalition

Participating Asian and European states shall establish an Energy Redirection Facility to purchase oil voluntarily redirected away from prohibited Israeli military or state-controlled purchasers.

The facility shall:

Guarantee alternative buyers for participating exporters.
Use transparent market pricing rather than confiscation.
Track cargo ownership and final destinations.
Prohibit resale to designated entities.
Protect civilian energy supplies necessary for hospitals, water, emergency transportation, and other essential services.
Release participating suppliers from restrictions once compliance benchmarks are independently verified.

G. Asian measures concerning Israel

Asian participants shall adopt graduated measures against the Israeli government and designated entities when independently verified violations occur. These may include:

Suspension of offensive military exports and dual-use technology.
Restrictions on military-linked investment, financing, insurance, shipping, and procurement.
Suspension of government-sponsored research and technology partnerships involving designated entities.
Exclusion of settlement goods.
Asset freezes and travel restrictions against responsible officials, commanders, violent settlers, organizations, and commercial facilitators.
Recognition of Palestine and support for its full participation in international institutions.
Coordinated diplomatic action demanding a ceasefire, humanitarian access, an end to settlement expansion, and time-bound negotiations toward two sovereign states.

No measure shall intentionally deprive Israeli civilians of food, medicine, water, civilian electricity, emergency communications, or other essential necessities.

H. Performance requirement

Every participating Asian state shall file a public implementation report every thirty days identifying:

Shipping protected or cleared for passage.
Energy purchased through the redirection mechanism.
Restricted military and dual-use exports.
Sanctions-evasion attempts detected.
Humanitarian and reconstruction funding delivered.
Diplomatic or verification commitments completed.

A state issuing supportive statements without implementing its pledged measures shall not be represented as a guarantor of the agreement.

8. Trump’s Asian burden-sharing formulation

President Trump may describe the arrangement as follows:

For years, the countries most dependent on Middle Eastern energy issued statements while America carried the military and financial burden. Under this agreement, Asia will help secure the shipping lanes, purchase redirected energy, prevent sanctions evasion, finance reconstruction, and enforce the peace. China will use its leverage with Iran. India will help bridge the parties. Japan and South Korea will protect commercial navigation. Every major beneficiary of an open Strait will contribute to keeping it open.

This approach gives Asian states a choice: participate materially in regional stability or lose the diplomatic prestige associated with claiming to support peace.",Fri Sep 25 05:12:55 +0000 2026,unikornaio,"Oklahoma, USA",True,0,0,"7. Asian Energy, Maritime, and Economic Enforcement Compact China, India, Japan, South Korea, Pakistan, Indonesia, Malaysia, Singapore, and other participating Asian states shall be invited to join the settlement as energy purchasers, maritime-security partners, diplomatic guarantors, reconstruction contributors, and economic-enforcement partners. Participation shall require concrete commitments rather than statements of concern alone. A. China China shall be requested to: Use its commercial influence with Iran to secure uninterrupted civilian passage through the Strait of Hormuz. Join the international monitoring commission and serve as a guarantor of Iran’s compliance with the navigation agreement. Condition new Iranian energy investments and financing upon continued compliance. Purchase additional lawful Gulf exports and help stabilize energy prices during the transition. Prevent Chinese ports, banks, shipping companies, and intermediaries from circumventing measures adopted against designated Israeli or Iranian military entities. Suspend military-capable components, surveillance technology, drones, artificial-intelligence systems, and dual-use exports to any designated entity attempting to sabotage the settlement. Support a binding Security Council resolution establishing the ceasefire, monitoring system, Palestinian political process, and maritime mission. China would not be required to join a Western military coalition. Its responsibility would be to use the economic leverage created by its relationship with Iran and its position as a major energy purchaser. B. India India shall be requested to: Participate in the monitoring and protection of civilian commercial shipping. Provide naval rescue, escort, medical, and mine-countermeasure capabilities under a defensive mandate. Use its relationships with Israel, Iran, the Gulf states, and the United States to serve as an independent diplomatic channel. Apply enhanced end-use monitoring to prevent Indian technology, software, components, or financial services from supporting prohibited military operations. Suspend new contracts with designated Israeli military entities while maintaining essential civilian commerce. Contribute engineering, medical, communications, and infrastructure support to Palestinian reconstruction. India’s balanced relationships make it especially suitable as an intermediary that cannot easily be characterized as belonging exclusively to either camp. C. Japan and South Korea Japan and South Korea shall be requested to: Convert their support for secure navigation into participation in a strictly defensive maritime mission. Provide mine-clearance vessels, surveillance for civilian navigation, rescue capacity, port logistics, and emergency tanker assistance. Establish strategic purchasing agreements for redirected Azerbaijani, Kazakh, Nigerian, Gulf, and other lawful oil supplies. Suspend exports of military-capable electronics, semiconductors, optical equipment, machine tools, artificial-intelligence systems, and dual-use components to designated entities. Restrict financing, insurance, maintenance, and technological support for prohibited Israeli or Iranian military operations. Finance desalination, electricity, hospitals, telecommunications, housing, and transportation infrastructure in a future Palestinian state. D. Pakistan and Muslim-majority Asian states Pakistan, Indonesia, Malaysia, Bangladesh, and other participating Muslim-majority Asian states shall: Support Saudi, Turkish, Qatari, and Omani mediation with Iran. Participate in Palestinian reconstruction and diplomatic recognition efforts. Coordinate lawful targeted sanctions against persons and entities responsible for grave violations. Prevent fundraising, weapons transfers, or recruitment intended to undermine the settlement. Support a two-state outcome while expressly protecting Israeli and Palestinian civilians. Pakistan may contribute maritime and diplomatic capacity, but any military participation must remain defensive, internationally authorized, and subordinate to the ceasefire. E. Singapore and Asian commercial centers Singapore and other major Asian financial and maritime centers shall: Enforce beneficial-ownership disclosure for cargo, vessels, insurers, brokers, and purchasing companies. Deny port, banking, insurance, and brokerage services to designated sanctions evaders. Inspect suspicious transshipment arrangements intended to conceal the destination of oil, weapons, or dual-use technology. Establish penalties for falsified end-user certificates, ship-to-ship sanctions evasion, and concealed military procurement. Protect legitimate civilian trade from unnecessary interruption. F. Asian purchaser coalition Participating Asian and European states shall establish an Energy Redirection Facility to purchase oil voluntarily redirected away from prohibited Israeli military or state-controlled purchasers. The facility shall: Guarantee alternative buyers for participating exporters. Use transparent market pricing rather than confiscation. Track cargo ownership and final destinations. Prohibit resale to designated entities. Protect civilian energy supplies necessary for hospitals, water, emergency transportation, and other essential services. Release participating suppliers from restrictions once compliance benchmarks are independently verified. G. Asian measures concerning Israel Asian participants shall adopt graduated measures against the Israeli government and designated entities when independently verified violations occur. These may include: Suspension of offensive military exports and dual-use technology. Restrictions on military-linked investment, financing, insurance, shipping, and procurement. Suspension of government-sponsored research and technology partnerships involving designated entities. Exclusion of settlement goods. Asset freezes and travel restrictions against responsible officials, commanders, violent settlers, organizations, and commercial facilitators. Recognition of Palestine and support for its full participation in international institutions. Coordinated diplomatic action demanding a ceasefire, humanitarian access, an end to settlement expansion, and time-bound negotiations toward two sovereign states. No measure shall intentionally deprive Israeli civilians of food, medicine, water, civilian electricity, emergency communications, or other essential necessities. H. Performance requirement Every participating Asian state shall file a public implementation report every thirty days identifying: Shipping protected or cleared for passage. Energy purchased through the redirection mechanism. Restricted military and dual-use exports. Sanctions-evasion attempts detected. Humanitarian and reconstruction funding delivered. Diplomatic or verification commitments completed. A state issuing supportive statements without implementing its pledged measures shall not be represented as a guarantor of the agreement. 8. Trump’s Asian burden-sharing formulation President Trump may describe the arrangement as follows: For years, the countries most dependent on Middle Eastern energy issued statements while America carried the military and financial burden. Under this agreement, Asia will help secure the shipping lanes, purchase redirected energy, prevent sanctions evasion, finance reconstruction, and enforce the peace. China will use its leverage with Iran. India will help bridge the parties. Japan and South Korea will protect commercial navigation. Every major beneficiary of an open Strait will contribute to keeping it open. This approach gives Asian states a choice: participate materially in regional stability or lose the diplomatic prestige associated with claiming to support peace."
iran_trump,2103300495456792595,"#FMTWorld Xi Jinping used his state visit to lay down China's red lines on AI, Taiwan and the Iran war.

Full Article: https://t.co/QyTUdOku40",Fri Sep 25 01:48:10 +0000 2026,fmtoday,Malaysia,True,0,0,"#FMTWorld Xi Jinping used his state visit to lay down China's red lines on AI, Taiwan and the Iran war. Full Article:"
iran_trump,2103125475061354634,"Amaran Iran kepada Trump di New York | 24 September 2026

#MalaysiaNow #MNow #MNowNews #Malaysia #berita #reels #iran #usa #donaldtrump #war #ungeneralassembly https://t.co/uTZbPtz07H",Thu Sep 24 14:12:42 +0000 2026,MNowNews,"Kuala Lumpur, Malaysia ",True,1,0,Amaran Iran kepada Trump di New York | 24 September 2026 #MalaysiaNow #MNow #MNowNews #Malaysia #berita #reels #iran #usa #donaldtrump #war #ungeneralassembly
iran_trump,2102586300025172053,"Trump signals possible Iran deal after US midterms, warns of tougher action

#latest #vanakkammalaysia #Trump #signals #possible #Iran #deal #USmidterms #warns #tougher #action #tredingnewsmalaysia #malaysiatamilnews #fyp #vmnews #foryoupage https://t.co/eGqULkVORf",Wed Sep 23 02:30:12 +0000 2026,vmnews,Malaysia,True,0,0,"Trump signals possible Iran deal after US midterms, warns of tougher action #latest #vanakkammalaysia #Trump #signals #possible #Iran #deal #USmidterms #warns #tougher #action #tredingnewsmalaysia #malaysiatamilnews #fyp #vmnews #foryoupage"
iran_trump,2102573618911973402,"Trump ancam jadikan Iran ‘neraka’, dedah rundingan baharu

https://t.co/U4HB5AiKak",Wed Sep 23 01:39:49 +0000 2026,UMonline,Malaysia,True,0,0,"Trump ancam jadikan Iran ‘neraka’, dedah rundingan baharu"
iran_trump,2101865896461717677,"Trump weighs next move on Iran; warns of major action soon

#latest #vanakkammalaysia #Trump #nextmove #Iran #warns #majoraction #soon #trendingnewsmalaysia #malaysiatamilnews #fyp #vmnews #foryoupage https://t.co/nNU3zq4Ej1",Mon Sep 21 02:47:35 +0000 2026,vmnews,Malaysia,True,0,0,Trump weighs next move on Iran; warns of major action soon #latest #vanakkammalaysia #Trump #nextmove #Iran #warns #majoraction #soon #trendingnewsmalaysia #malaysiatamilnews #fyp #vmnews #foryoupage
iran_trump,2101699624948179253,"Trump warns he has entered ‘deciding mode’ on Iran, says ‘big things’ are in store

https://t.co/VBuuTeXp1c",Sun Sep 20 15:46:52 +0000 2026,MalaysiaGazette,Kuala Lumpur,True,0,0,"Trump warns he has entered ‘deciding mode’ on Iran, says ‘big things’ are in store"
iran_trump,2101139883062616571,"Dilema Trump, serang Iran atau tamat perang
https://t.co/KHdYCDL3eO",Sat Sep 19 02:42:40 +0000 2026,UMonline,Malaysia,True,0,1,"Dilema Trump, serang Iran atau tamat perang"
iran_trump,2100536523821092961,"Populariti Merudum Ke Tahap Terburuk, Trump Bakal Dihukum Dalam Pilihan Raya Pertengahan Penggal
 
Tahap sokongan terhadap Presiden Donald Trump kini berada di paras terendah sejak beliau memegang jawatan sebagai Presiden Amerika Syarikat, dengan tahap sokongan bersih (net approval rate) berada pada paras -20%.
 
Populariti beliau menjunam secara dramatik sejak beliau melancarkan perang terhadap Iran, yang menyebabkan dunia dilanda krisis tenaga akibat sekatan di Selat Hormuz. Krisis tenaga ini juga menyebabkan inflasi di Amerika Syarikat meningkat, dimana harga minyak petrol melonjak hampir 40% dari $2.90 segelen pada Februari 2026 kepada $4.06 segalen pada Ogos 2026.
 
Konflik di Asia Barat dijangka akan terus tegang, dimana Iran dan sekutunya di Yaman akan memanfaatkan penguasaan mereka di lokasi strategik seperti di Laut Merah bagi memastikan harga minyak memuncak bagi memberi tekanan politik dari luar terhadap Parti Republikan menjelang Pilihan Raya Pertengahan Penggal yang bakal berlangsung pada November ini.",Thu Sep 17 10:45:08 +0000 2026,EkonomiRakyatMY,Kuala Lumpur,True,2,1,"Populariti Merudum Ke Tahap Terburuk, Trump Bakal Dihukum Dalam Pilihan Raya Pertengahan Penggal Tahap sokongan terhadap Presiden Donald Trump kini berada di paras terendah sejak beliau memegang jawatan sebagai Presiden Amerika Syarikat, dengan tahap sokongan bersih (net approval rate) berada pada paras -20%. Populariti beliau menjunam secara dramatik sejak beliau melancarkan perang terhadap Iran, yang menyebabkan dunia dilanda krisis tenaga akibat sekatan di Selat Hormuz. Krisis tenaga ini juga menyebabkan inflasi di Amerika Syarikat meningkat, dimana harga minyak petrol melonjak hampir 40% dari $2.90 segelen pada Februari 2026 kepada $4.06 segalen pada Ogos 2026. Konflik di Asia Barat dijangka akan terus tegang, dimana Iran dan sekutunya di Yaman akan memanfaatkan penguasaan mereka di lokasi strategik seperti di Laut Merah bagi memastikan harga minyak memuncak bagi memberi tekanan politik dari luar terhadap Parti Republikan menjelang Pilihan Raya Pertengahan Penggal yang bakal berlangsung pada November ini."
iran_trump,2099780917959303502,"Iran tolak rundingan dengan AS selepas kenyataan Trump
https://t.co/lRMxlsCOPK",Tue Sep 15 08:42:37 +0000 2026,UMonline,Malaysia,True,0,0,Iran tolak rundingan dengan AS selepas kenyataan Trump
iran_trump,2099039528061149331,"Presiden Trump memberi bayangan bahawa Perang dengan Iran akan berakhir selepas Pilihan Raya Pertengahan Penggal dan meramlakn harga minyak akan kembali menurun apabila perang tamat.

Terdahulu, harga minyak global kembali melonjak melepasi $100 setong, setelah puak Ansarallah Yaman mengambilalih kawalan di lokasi strategik di Laut Merah.",Sun Sep 13 07:36:36 +0000 2026,EkonomiRakyatMY,Kuala Lumpur,True,3,1,"Presiden Trump memberi bayangan bahawa Perang dengan Iran akan berakhir selepas Pilihan Raya Pertengahan Penggal dan meramlakn harga minyak akan kembali menurun apabila perang tamat. Terdahulu, harga minyak global kembali melonjak melepasi $100 setong, setelah puak Ansarallah Yaman mengambilalih kawalan di lokasi strategik di Laut Merah."
iran_trump,2098677838182248941,"Arab Saudi menghentikan operasi di Rangkaian Paip Timur Barat setelah laluan paip itu diserang oleh dron tatkala puak Houthi yang disokong oleh Iran mengambilalih kawalan di lokasi strategik di Laut Merah.

Perkembangan ini dijangka akan terus meningkatkan harga minyak global, yang akan memberi tekanan terhadap Presiden Trump menjelang Pilihan Raya Pertengahan Penggal November nanti.",Sat Sep 12 07:39:22 +0000 2026,EkonomiRakyatMY,Kuala Lumpur,True,4,0,"Arab Saudi menghentikan operasi di Rangkaian Paip Timur Barat setelah laluan paip itu diserang oleh dron tatkala puak Houthi yang disokong oleh Iran mengambilalih kawalan di lokasi strategik di Laut Merah. Perkembangan ini dijangka akan terus meningkatkan harga minyak global, yang akan memberi tekanan terhadap Presiden Trump menjelang Pilihan Raya Pertengahan Penggal November nanti."
iran_sekatan,2101331052489048096,"gampang, tinggal impor dari Iran, Rusia &amp; Tiongkok lah

masalahnya, Prabowo &amp; rakyat Indonesia berani ngelakuin ini apa enggak ? 😂🤣

Takut itu sama Tuhan Yang Maha Esa! bukan takut sama sanksi Amerika &amp; sanksi negara2 Uni Eropa! 😂🤣
https://t.co/afLumSMMnI",Sat Sep 19 15:22:18 +0000 2026,BabiNgepet01nk,Ngapakland,True,5,2,"gampang, tinggal impor dari Iran, Rusia &amp; Tiongkok lah masalahnya, Prabowo &amp; rakyat Indonesia berani ngelakuin ini apa enggak ? 😂🤣 Takut itu sama Tuhan Yang Maha Esa! bukan takut sama sanksi Amerika &amp; sanksi negara2 Uni Eropa! 😂🤣"
iran_sekatan,2098679303684657217,"Perdana Menteri, Datuk Seri Anwar Ibrahim mengadakan pertemuan dengan Presiden Iran, Masoud Pezeshkian, di New Delhi, hari ini, ketika Malaysia berhasrat terus memperkukuh hubungan ekonomi dengan negara berkenaan di tengah-tengah cabaran risiko geopolitik dan sekatan antarabangsa.

Berita penuh: https://t.co/EdJ58SI7zf",Sat Sep 12 07:45:12 +0000 2026,bharianmy,Malaysia,True,53,10,"Perdana Menteri, Datuk Seri Anwar Ibrahim mengadakan pertemuan dengan Presiden Iran, Masoud Pezeshkian, di New Delhi, hari ini, ketika Malaysia berhasrat terus memperkukuh hubungan ekonomi dengan negara berkenaan di tengah-tengah cabaran risiko geopolitik dan sekatan antarabangsa. Berita penuh:"
iran_sekatan,2098664417634246812,"Perdana Menteri, Datuk Seri Anwar Ibrahim mengadakan pertemuan dengan Presiden Iran, Masoud Pezeshkian, di sini, hari ini, ketika Malaysia berhasrat terus memperkukuh hubungan ekonomi dengan negara berkenaan di tengah-tengah cabaran risiko geopolitik dan sekatan antarabangsa.

Menteri Pelaburan, Perdagangan dan Industri, Datuk Seri Johari Abdul Ghani, Menteri Sumber Manusia, Datuk Seri R Ramanan serta beberapa delegasi Malaysia turut menghadiri perjumpaan di Hotel The Oberoi, di sini. https://t.co/AkJPVfmbBu",Sat Sep 12 06:46:03 +0000 2026,BuletinTV3,"Jalan Riong, Bangsar, KL",True,0,0,"Perdana Menteri, Datuk Seri Anwar Ibrahim mengadakan pertemuan dengan Presiden Iran, Masoud Pezeshkian, di sini, hari ini, ketika Malaysia berhasrat terus memperkukuh hubungan ekonomi dengan negara berkenaan di tengah-tengah cabaran risiko geopolitik dan sekatan antarabangsa. Menteri Pelaburan, Perdagangan dan Industri, Datuk Seri Johari Abdul Ghani, Menteri Sumber Manusia, Datuk Seri R Ramanan serta beberapa delegasi Malaysia turut menghadiri perjumpaan di Hotel The Oberoi, di sini."
iran_sekatan,2096791824723526113,"Bekalan bahan api Malaysia dijangka kekal mencukupi sehingga akhir tahun walaupun bekalan global berada pada paras rendah namun, harga minyak berisiko meningkat akibat ketegangan geopolitik, gangguan laluan perkapalan, kerosakan kemudahan minyak Rusia dan sekatan terhadap Iran.

Terusan Suez dan Bab-el-Mandeb masih beroperasi meskipun berdepan ancaman berterusan, manakala kerosakan kemudahan minyak di Rusia serta sekatan Amerika Syarikat terhadap eksport Iran turut berisiko menjejaskan bekalan minyak global.",Mon Sep 07 02:45:02 +0000 2026,EkonomiRakyatMY,Kuala Lumpur,True,6,2,"Bekalan bahan api Malaysia dijangka kekal mencukupi sehingga akhir tahun walaupun bekalan global berada pada paras rendah namun, harga minyak berisiko meningkat akibat ketegangan geopolitik, gangguan laluan perkapalan, kerosakan kemudahan minyak Rusia dan sekatan terhadap Iran. Terusan Suez dan Bab-el-Mandeb masih beroperasi meskipun berdepan ancaman berterusan, manakala kerosakan kemudahan minyak di Rusia serta sekatan Amerika Syarikat terhadap eksport Iran turut berisiko menjejaskan bekalan minyak global."
iran_sekatan,2093514718237663474,"Iran desak negara lain tolak sekatan AS

https://t.co/lAnTcYK7d6",Sat Aug 29 01:42:59 +0000 2026,UMonline,Malaysia,True,5,0,Iran desak negara lain tolak sekatan AS
iran_sekatan,2092544024586621346,"Sekatan terbaharu Amerika Syarikat terhadap Iran sekali lagi meningkatkan ketegangan di Asia Barat, dengan risiko limpahan kepada pasaran tenaga dan ekonomi global. 

Agenda AWANI membincangkan sama ada tekanan ekonomi mampu meredakan konflik atau sebaliknya mencetuskan eskalasi baharu, serta kesannya terhadap Malaysia dan ASEAN.

#AgendaAWANI",Wed Aug 26 09:25:47 +0000 2026,501Awani,Malaysia,True,0,0,"Sekatan terbaharu Amerika Syarikat terhadap Iran sekali lagi meningkatkan ketegangan di Asia Barat, dengan risiko limpahan kepada pasaran tenaga dan ekonomi global. Agenda AWANI membincangkan sama ada tekanan ekonomi mampu meredakan konflik atau sebaliknya mencetuskan eskalasi baharu, serta kesannya terhadap Malaysia dan ASEAN. #AgendaAWANI"
iran_sekatan,2092054142374019243,"Amerika Syarikat (AS) merancang memperketat tekanan ekonomi terhadap Iran menerusi sekatan baharu yang menyasarkan sektor teknologi, emas, penerbangan, perkapalan dan aset digital.

Setiausaha Perbendaharaan AS, Scott Bessent berkata, langkah itu bertujuan memutuskan semua sumber kewangan yang membantu kerajaan Iran meneruskan operasi. https://t.co/3V4brWP4NP",Tue Aug 25 00:59:10 +0000 2026,BuletinTV3,"Jalan Riong, Bangsar, KL",True,1,0,"Amerika Syarikat (AS) merancang memperketat tekanan ekonomi terhadap Iran menerusi sekatan baharu yang menyasarkan sektor teknologi, emas, penerbangan, perkapalan dan aset digital. Setiausaha Perbendaharaan AS, Scott Bessent berkata, langkah itu bertujuan memutuskan semua sumber kewangan yang membantu kerajaan Iran meneruskan operasi."
iran_sekatan,2092035998368551063,"AS ikrar ‘cekik ekonomi’ Iran dengan sekatan baharu

#BHdunia Langkah itu bertujuan memutuskan semua sumber kewangan yang membantu kerajaan Iran terus beroperasi.

https://t.co/z8ynrmlFo2",Mon Aug 24 23:47:04 +0000 2026,bharianmy,Malaysia,True,0,0,AS ikrar ‘cekik ekonomi’ Iran dengan sekatan baharu #BHdunia Langkah itu bertujuan memutuskan semua sumber kewangan yang membantu kerajaan Iran terus beroperasi.
iran_sekatan,2090625399315165676,"Iran menyifatkan sekatan ekonomi baharu Amerika Syarikat (AS) terhadap negara itu sebagai keganasan ekonomi dan jenayah terhadap kemanusiaan.

Kementerian Luar Iran dalam satu kenyataan berkata, sekatan AS menyasarkan hak asasi setiap rakyat Irandan menganggap pihak yang bertanggungjawab wajar dibicarakan serta dihukum. https://t.co/qJ8xTNcsE9",Fri Aug 21 02:21:51 +0000 2026,BuletinTV3,"Jalan Riong, Bangsar, KL",True,0,1,"Iran menyifatkan sekatan ekonomi baharu Amerika Syarikat (AS) terhadap negara itu sebagai keganasan ekonomi dan jenayah terhadap kemanusiaan. Kementerian Luar Iran dalam satu kenyataan berkata, sekatan AS menyasarkan hak asasi setiap rakyat Irandan menganggap pihak yang bertanggungjawab wajar dibicarakan serta dihukum."
iran_sekatan,2090602258199425368,"Iran kecam siri baharu sekatan AS sebagai ‘keganasan ekonomi’

https://t.co/Ezw9M38Tt8",Fri Aug 21 00:49:54 +0000 2026,MalaysiaGazette,Kuala Lumpur,True,0,0,Iran kecam siri baharu sekatan AS sebagai ‘keganasan ekonomi’
iran_sekatan,2090397595453821348,"Gabenor berkata, kerajaan dan Bank Pusat membuat persiapan yang diperlukan bagi menghadapi situasi sedemikian.

#AWANInews #AWANI745

https://t.co/FwZSEHfn3V",Thu Aug 20 11:16:39 +0000 2026,501Awani,Malaysia,True,0,0,"Gabenor berkata, kerajaan dan Bank Pusat membuat persiapan yang diperlukan bagi menghadapi situasi sedemikian. #AWANInews #AWANI745"
iran_sekatan,2086266432686301554,"Iran menetapkan beberapa syarat baharu sebelum bersedia membuka semula Selat Hormuz sepenuhnya, termasuk tuntutan supaya Amerika Syarikat (AS) “memperbetulkan tingkah laku”, menarik kehadiran tenteranya dari rantau Teluk dan menamatkan sekatan terhadap republik Islam itu.

Menurut kenyataan yang disiarkan media kerajaan Iran, Setiausaha Majlis Keselamatan Negara Tertinggi Iran, Mohammad Bagher Zolghadr, berkata laluan perkapalan strategik itu tidak akan dibuka semula sehingga Washington memenuhi beberapa tuntutan utama Tehran. https://t.co/sggyDvjd6g",Sun Aug 09 01:40:53 +0000 2026,BuletinTV3,"Jalan Riong, Bangsar, KL",True,1,1,"Iran menetapkan beberapa syarat baharu sebelum bersedia membuka semula Selat Hormuz sepenuhnya, termasuk tuntutan supaya Amerika Syarikat (AS) “memperbetulkan tingkah laku”, menarik kehadiran tenteranya dari rantau Teluk dan menamatkan sekatan terhadap republik Islam itu. Menurut kenyataan yang disiarkan media kerajaan Iran, Setiausaha Majlis Keselamatan Negara Tertinggi Iran, Mohammad Bagher Zolghadr, berkata laluan perkapalan strategik itu tidak akan dibuka semula sehingga Washington memenuhi beberapa tuntutan utama Tehran."
iran_sekatan,2083515241854566488,"Setiausaha Majlis Keselamatan Negara Tertinggi Iran memberi amaran pada Sabtu bahawa sekatan maritim Amerika Syarikat (AS) yang berterusan boleh menyebabkan Selat Hormuz dan laluan air strategik lain ditutup, lapor Anadolu Ajansi.

Menurut kenyataan yang disiarkan penyiar kerajaan IRIB, Mohammad Bagher Zolghadr berkata “provokasi” berterusan AS bukan sahaja akan menyebabkan laluan menerusi Selat Hormuz semakin terhad, malah boleh mengakibatkan laluan maritim penting lain ditutup.

#digitalbernamatv #Iran #AS #selathormuz",Sat Aug 01 11:28:38 +0000 2026,BernamaTV,Kuala Lumpur,True,0,0,"Setiausaha Majlis Keselamatan Negara Tertinggi Iran memberi amaran pada Sabtu bahawa sekatan maritim Amerika Syarikat (AS) yang berterusan boleh menyebabkan Selat Hormuz dan laluan air strategik lain ditutup, lapor Anadolu Ajansi. Menurut kenyataan yang disiarkan penyiar kerajaan IRIB, Mohammad Bagher Zolghadr berkata “provokasi” berterusan AS bukan sahaja akan menyebabkan laluan menerusi Selat Hormuz semakin terhad, malah boleh mengakibatkan laluan maritim penting lain ditutup. #digitalbernamatv #Iran #AS #selathormuz"
iran_sekatan,2081208422406725860,"AS: Sekatan tentera laut terhadap Iran masih berkuat kuasa

https://t.co/aqNsEv9A9r",Sun Jul 26 02:42:09 +0000 2026,MalaysiaGazette,Kuala Lumpur,True,0,0,AS: Sekatan tentera laut terhadap Iran masih berkuat kuasa
iran_sekatan,2080867955869618516,"#Sanaa Arab Saudi melancarkan serangan udara terhadap sasaran ketenteraan Houthi di Hodeida, Yaman,  pada Jumaat selepas kumpulan disokong Iran itu mengumumkan sekatan maritim terhadap kerajaan berkenaan serta menyerang kapalnya.  

https://t.co/UWQjuHxU6i",Sat Jul 25 04:09:15 +0000 2026,hmetromy,Malaysia,True,0,0,"#Sanaa Arab Saudi melancarkan serangan udara terhadap sasaran ketenteraan Houthi di Hodeida, Yaman, pada Jumaat selepas kumpulan disokong Iran itu mengumumkan sekatan maritim terhadap kerajaan berkenaan serta menyerang kapalnya."
iran_sekatan,2080167283884736903,"Harga minyak dunia melonjak pada Rabu melepasi $95 setong susulan serangan antara Amerika Syarikat dan Iran yang kembali memuncak.
 
Keadaan itu diburukkan lagi oleh gangguan di Selat Bab al-Mandab, di bahagian selatan Laut Merah, susulan pemberontakan Houthi serta sekatan di pelabuhan-pelabuhan Arab Saudi.",Thu Jul 23 05:45:02 +0000 2026,EkonomiRakyatMY,Kuala Lumpur,True,3,0,"Harga minyak dunia melonjak pada Rabu melepasi $95 setong susulan serangan antara Amerika Syarikat dan Iran yang kembali memuncak. Keadaan itu diburukkan lagi oleh gangguan di Selat Bab al-Mandab, di bahagian selatan Laut Merah, susulan pemberontakan Houthi serta sekatan di pelabuhan-pelabuhan Arab Saudi."
iran_sekatan,2077569593573568839,"AS perluas sekatan minyak, mata wang kripto Iran
https://t.co/lvB7hV7UOU",Thu Jul 16 01:42:45 +0000 2026,UMonline,Malaysia,True,1,0,"AS perluas sekatan minyak, mata wang kripto Iran"
iran_sekatan,2077213333888155935,"Trump batal ancaman caj 20 peratus ke atas kargo Selat Hormuz, sambung sekatan pelabuhan Iran
https://t.co/Xc0GH2tUlZ",Wed Jul 15 02:07:06 +0000 2026,UMonline,Malaysia,True,1,0,"Trump batal ancaman caj 20 peratus ke atas kargo Selat Hormuz, sambung sekatan pelabuhan Iran"
iran_sekatan,2077166340977119704,"Presiden Amerika Syarikat (AS), Donald Trump mengumumkan negara itu akan menguatkuasakan semula sekatan laut ke atas Iran susulan dakwaan Tehran menutup Selat Hormuz.
 
Beliau turut berkata AS akan mengenakan bayaran sebanyak 20% ke atas semua kargo yang melalui Selat Hormuz sebagai pampasan bagi kos menyediakan keselamatan di laluan perdagangan berkenaan.
 
Kredit Gambar : Reuters",Tue Jul 14 23:00:22 +0000 2026,EkonomiRakyatMY,Kuala Lumpur,True,3,2,"Presiden Amerika Syarikat (AS), Donald Trump mengumumkan negara itu akan menguatkuasakan semula sekatan laut ke atas Iran susulan dakwaan Tehran menutup Selat Hormuz. Beliau turut berkata AS akan mengenakan bayaran sebanyak 20% ke atas semua kargo yang melalui Selat Hormuz sebagai pampasan bagi kos menyediakan keselamatan di laluan perdagangan berkenaan. Kredit Gambar : Reuters"
iran_sekatan,2069404003725918358,"Iran tawarkan bekalan minyak & gas kepada Malaysia selepas mendapat pelepasan sementara sekatan penjualan minyak selama 60 hari. 

kali terakhir Malaysia mengimport minyak mentah dari Iran tahun 2018 lebih kurang 535 ribu tong bernilai RM127.3 juta. tak termasuk minyak Iran yang dijual ke China dan transit di perairan Malaysia (shadow fleet). 

🔛❌🔛",Tue Jun 23 12:55:36 +0000 2026,syahir,Malaysia,True,1154,460,Iran tawarkan bekalan minyak & gas kepada Malaysia selepas mendapat pelepasan sementara sekatan penjualan minyak selama 60 hari. kali terakhir Malaysia mengimport minyak mentah dari Iran tahun 2018 lebih kurang 535 ribu tong bernilai RM127.3 juta. tak termasuk minyak Iran yang dijual ke China dan transit di perairan Malaysia (shadow fleet). 🔛❌🔛
iran_sekatan,2069323641079451720,"Iran buka ruang bincang bekalan minyak dengan Malaysia - Duta

Susulan AS melonggarkan sekatan minyak terhadap Iran melalui pengecualian sementara.

#SinarHarian #Threads #Iranbukaruang #bincangbekalanminyak #pengecuaianAS

https://t.co/ovfD8JEcjD",Tue Jun 23 07:36:16 +0000 2026,SinarOnline,Malaysia,True,0,0,Iran buka ruang bincang bekalan minyak dengan Malaysia - Duta Susulan AS melonggarkan sekatan minyak terhadap Iran melalui pengecualian sementara. #SinarHarian #Threads #Iranbukaruang #bincangbekalanminyak #pengecuaianAS
iran_sekatan,2069266648729866583,"Trump longgar sekatan, syarikat AS boleh beli semula minyak mentah Iran

https://t.co/jOt4Ejmkw8",Tue Jun 23 03:49:48 +0000 2026,UMonline,Malaysia,True,0,0,"Trump longgar sekatan, syarikat AS boleh beli semula minyak mentah Iran"
iran_sekatan,2067826013447532646,"AS tarik sekatan tentera laut di pelabuhan Iran selepas perjanjian

https://t.co/MT62K3FEaa",Fri Jun 19 04:25:14 +0000 2026,MalaysiaGazette,Kuala Lumpur,True,1,0,AS tarik sekatan tentera laut di pelabuhan Iran selepas perjanjian
iran_sekatan,2067801787638411520,"Selat Hormuz Mula Bernafas Susulan MoU AS, Iran #MGFlash 

Selat Hormuz yang sebelum ini tercekik akibat sekatan keluar dan masuk, kini bernafas susulan memorandum persefahaman (MoU) damai interim Amerika Syarikat, AS dan Iran. 

#malaysiagazette #KonflikIranAS #SelatHormuz https://t.co/fBd3qj3D50",Fri Jun 19 02:48:58 +0000 2026,MalaysiaGazette,Kuala Lumpur,True,7,0,"Selat Hormuz Mula Bernafas Susulan MoU AS, Iran #MGFlash Selat Hormuz yang sebelum ini tercekik akibat sekatan keluar dan masuk, kini bernafas susulan memorandum persefahaman (MoU) damai interim Amerika Syarikat, AS dan Iran. #malaysiagazette #KonflikIranAS #SelatHormuz"
iran_sekatan,2066409846572720412,"AS dan Iran mencapai perjanjian sementara untuk membuka semula Selat Hormuz serta menghentikan konflik yang telah mengorbankan ribuan nyawa, dengan rundingan lanjut mengenai program nuklear Iran dijadual berlangsung selama 60 hari.

Perkembangan itu meredakan kebimbangan terhadap bekalan tenaga global dan tekanan inflasi, namun beberapa isu utama termasuk sekatan ekonomi serta kawalan laluan perkapalan masih belum dimuktamadkan.",Mon Jun 15 06:37:54 +0000 2026,EkonomiRakyatMY,Kuala Lumpur,True,3,1,"AS dan Iran mencapai perjanjian sementara untuk membuka semula Selat Hormuz serta menghentikan konflik yang telah mengorbankan ribuan nyawa, dengan rundingan lanjut mengenai program nuklear Iran dijadual berlangsung selama 60 hari. Perkembangan itu meredakan kebimbangan terhadap bekalan tenaga global dan tekanan inflasi, namun beberapa isu utama termasuk sekatan ekonomi serta kawalan laluan perkapalan masih belum dimuktamadkan."
iran_sekatan,2058722229295231390,"Harga minyak dunia jatuh ke paras terendah dalam tempoh dua minggu susulan AS dan Iran semakin hampir mencapai perjanjian damai, walaupun masih berdepan beberapa isu utama termasuk sekatan di Selat Hormuz.

Niaga hadapan minyak mentah Brent susut 4.55% kepada $98.83 setong, manakala West Texas Intermediate (WTI) turun 4.73% kepada $92.03 setong.",Mon May 25 01:30:03 +0000 2026,EkonomiRakyatMY,Kuala Lumpur,True,4,2,"Harga minyak dunia jatuh ke paras terendah dalam tempoh dua minggu susulan AS dan Iran semakin hampir mencapai perjanjian damai, walaupun masih berdepan beberapa isu utama termasuk sekatan di Selat Hormuz. Niaga hadapan minyak mentah Brent susut 4.55% kepada $98.83 setong, manakala West Texas Intermediate (WTI) turun 4.73% kepada $92.03 setong."
iran_sekatan,2056714021361914332,"Pihak berkuasa Amerika Syarikat dilaporkan sedang menamatkan beberapa siasatan besar melibatkan jutawan India, Gautam Adani berkaitan dakwaan rasuah, penipuan dan pelanggaran sekatan Iran.

Adani Group bersetuju membayar AS$275 juta untuk menyelesaikan kes dengan Perbendaharaan AS manakala Jabatan Kehakiman dijangka menggugurkan pertuduhan jenayah yang sebelum ini dikenakan terhadap beliau.",Tue May 19 12:30:09 +0000 2026,EkonomiRakyatMY,Kuala Lumpur,True,2,0,"Pihak berkuasa Amerika Syarikat dilaporkan sedang menamatkan beberapa siasatan besar melibatkan jutawan India, Gautam Adani berkaitan dakwaan rasuah, penipuan dan pelanggaran sekatan Iran. Adani Group bersetuju membayar AS$275 juta untuk menyelesaikan kes dengan Perbendaharaan AS manakala Jabatan Kehakiman dijangka menggugurkan pertuduhan jenayah yang sebelum ini dikenakan terhadap beliau."
iran_sekatan,2056688416008593557,"Syarikat bilionair bayar RM1 bilion selesai siasatan sekatan Iran

https://t.co/JldKHIjNAa",Tue May 19 10:48:24 +0000 2026,UMonline,Malaysia,True,0,0,Syarikat bilionair bayar RM1 bilion selesai siasatan sekatan Iran
iran_sekatan,2054376213196783635,"AS ketatkan sekatan rangkaian minyak Iran ke China

https://t.co/BytYLhU4xj",Wed May 13 01:40:32 +0000 2026,UMonline,Malaysia,True,1,0,AS ketatkan sekatan rangkaian minyak Iran ke China
iran_sekatan,2054168250003624283,"“Pendekatan kerajaan adalah untuk memastikan akses saksama kepada semua infrastruktur, termasuk internet. Kami mengiktiraf akses internet sebagai hak sivil, dan ini juga merupakan pandangan presiden.”

#AWANInews #AWANI745

https://t.co/IrFiROixcm",Tue May 12 11:54:10 +0000 2026,501Awani,Malaysia,True,2,0,"“Pendekatan kerajaan adalah untuk memastikan akses saksama kepada semua infrastruktur, termasuk internet. Kami mengiktiraf akses internet sebagai hak sivil, dan ini juga merupakan pandangan presiden.” #AWANInews #AWANI745"
iran_sekatan,2052969656760320498,"#TOP10
Berita popular di #SinarHarian pada 9 Mei 2026

TOP 1 l 'Ma jangan marah... saya hendak mati dah'
https://t.co/YZdzIljNnL

TOP 2 l 'Ajaib masih hidup' - Kereta terputus dua dirempuh pemandu mabuk
https://t.co/85TdZGAFMh

TOP 3 l Rakyat perlu balik ke pangkal jalan, fahami institusi raja
https://t.co/Jxmvk6lM63

TOP 4  l Status dua ADUN dipecat Bersatu ditentukan selepas Sanusi menghadap Sultan Kedah
https://t.co/pF6uc0V0xD

TOP 5 l  Suami setia ziarah pusara isteri hampir setiap hari, bawa bunga
https://t.co/f1YAnwdluo

TOP 6 l Dua rakan maut kereta terbabas
https://t.co/basQu62fOI

TOP 7 l Kalau UMNO tak berubah, saya tak akan masuk semula - Syed Hamid Albar
https://t.co/nBJsQf8aGN

TOP 8 l AS kenakan sekatan ke atas 10 pihak bantu Iran
https://t.co/3DFGUN2904

TOP 9 l Pemandu lori maut dirempuh motosikal ketika melintas jalan
https://t.co/LMv0nfyjFp

TOP 10 l  Mangsa scam lolos guna tahi lembu elak dikesan anjing
https://t.co/tSUm9gLIx6",Sat May 09 04:31:23 +0000 2026,SinarOnline,Malaysia,True,1,0,"#TOP10 Berita popular di #SinarHarian pada 9 Mei 2026 TOP 1 l 'Ma jangan marah... saya hendak mati dah' TOP 2 l 'Ajaib masih hidup' - Kereta terputus dua dirempuh pemandu mabuk TOP 3 l Rakyat perlu balik ke pangkal jalan, fahami institusi raja TOP 4 l Status dua ADUN dipecat Bersatu ditentukan selepas Sanusi menghadap Sultan Kedah TOP 5 l Suami setia ziarah pusara isteri hampir setiap hari, bawa bunga TOP 6 l Dua rakan maut kereta terbabas TOP 7 l Kalau UMNO tak berubah, saya tak akan masuk semula - Syed Hamid Albar TOP 8 l AS kenakan sekatan ke atas 10 pihak bantu Iran TOP 9 l Pemandu lori maut dirempuh motosikal ketika melintas jalan TOP 10 l Mangsa scam lolos guna tahi lembu elak dikesan anjing"
iran_hormuz,2103764885528293727,"Trump siar peta Selat Hormuz, namakannya ‘Selat Trump’

https://t.co/Tg0GQaUCOB",Sat Sep 26 08:33:29 +0000 2026,MalaysiaGazette,Kuala Lumpur,True,0,0,"Trump siar peta Selat Hormuz, namakannya ‘Selat Trump’"
iran_hormuz,2103684587465646282,"Iranian Foreign Minister Seyed Abbas Araghchi said Friday that his country has conveyed to the United States a plan under which the Strait of Hormuz can be reopened within seven days if necessary conditions are met.
https://t.co/7kiNSb1OdL",Sat Sep 26 03:14:24 +0000 2026,BusinessTodayM1,Kuala Lumpur ,True,0,0,Iranian Foreign Minister Seyed Abbas Araghchi said Friday that his country has conveyed to the United States a plan under which the Strait of Hormuz can be reopened within seven days if necessary conditions are met.
iran_hormuz,2103504447737606481,"Iran proposes reopening Hormuz within seven days

https://t.co/A0xHYs46w1",Fri Sep 25 15:18:36 +0000 2026,MalaysiaGazette,Kuala Lumpur,True,0,0,Iran proposes reopening Hormuz within seven days
iran_hormuz,2102939692287266988,"Seorang kru maut, 27 dipindahkan selepas kapal diserang berhampiran Selat Hormuz

https://t.co/gjOyrbmhNq",Thu Sep 24 01:54:28 +0000 2026,MalaysiaGazette,Kuala Lumpur,True,0,1,"Seorang kru maut, 27 dipindahkan selepas kapal diserang berhampiran Selat Hormuz"
iran_hormuz,2102662606435786755,"Iran mahu jual kapal AS, Israel dirampas di Selat Hormuz https://t.co/pj9iXEJhQ1",Wed Sep 23 07:33:25 +0000 2026,UMonline,Malaysia,True,1,0,"Iran mahu jual kapal AS, Israel dirampas di Selat Hormuz"
iran_hormuz,2102590978792280237,Shipping traffic via Strait of Hormuz stays below 10-day average https://t.co/dufzdVcajD,Wed Sep 23 02:48:48 +0000 2026,MYBusinessTimes,"Kuala Lumpur, Malaysia",True,0,0,Shipping traffic via Strait of Hormuz stays below 10-day average
iran_hormuz,2101667444838527110,"Selagi syarat ini belum dipenuhi, hak sah rakyat Iran belum diiktiraf dan komitmen Amerika belum ditunaikan, tiada ruang untuk kembali (ke meja rundingan) - Speaker Parlimen Iran.

#IranUSWar 
#IRGC
#CENTCOM

https://t.co/VHh9TBdYcn",Sun Sep 20 13:39:00 +0000 2026,Harapan_Madani,Kuala Lumpur,True,0,1,"Selagi syarat ini belum dipenuhi, hak sah rakyat Iran belum diiktiraf dan komitmen Amerika belum ditunaikan, tiada ruang untuk kembali (ke meja rundingan) - Speaker Parlimen Iran. #IranUSWar #IRGC #CENTCOM"
iran_hormuz,2101627974533722364,"Se­lat Hormuz kekal ditutup sehingga AS penuhi komitmen – Iran

https://t.co/srdFAWaTca",Sun Sep 20 11:02:10 +0000 2026,MalaysiaGazette,Kuala Lumpur,True,0,0,Se­lat Hormuz kekal ditutup sehingga AS penuhi komitmen – Iran
iran_hormuz,2100914382586958270,"Ringgit ditutup tinggi susulan kebimbangan bekalan minyak reda

#BHbisnes Harga minyak mentah Brent susut berikutan jangkaan keadaan yang bertambah baik di Selat Hormuz

https://t.co/DbH1Qc5G51",Fri Sep 18 11:46:36 +0000 2026,bharianmy,Malaysia,True,1,0,Ringgit ditutup tinggi susulan kebimbangan bekalan minyak reda #BHbisnes Harga minyak mentah Brent susut berikutan jangkaan keadaan yang bertambah baik di Selat Hormuz
iran_hormuz,2100910985888538754,"Ringgit ditutup tinggi berbanding dolar AS

Harga minyak mentah Brent susut berikutan jangkaan keadaan yang bertambah baik di Selat Hormuz.

#SinarHarian #Threads #ringgit #dolarAS #ditutuptinggi

https://t.co/Colyp4pija",Fri Sep 18 11:33:06 +0000 2026,SinarOnline,Malaysia,True,0,0,Ringgit ditutup tinggi berbanding dolar AS Harga minyak mentah Brent susut berikutan jangkaan keadaan yang bertambah baik di Selat Hormuz. #SinarHarian #Threads #ringgit #dolarAS #ditutuptinggi
iran_hormuz,2100778019753545834,"Iran serang kapal tangki minyak belayar secara haram di Selat Hormuz
https://t.co/hVPpfpuBuV",Fri Sep 18 02:44:45 +0000 2026,UMonline,Malaysia,True,0,0,Iran serang kapal tangki minyak belayar secara haram di Selat Hormuz
iran_hormuz,2100765337298010552,"#FMTWorld Tehran said the Togo-flagged oil tanker Trend was targeted and detained after a fire broke out while it attempted to pass through the waterway illegally.

Full Article: https://t.co/DVWQ5LHVy7",Fri Sep 18 01:54:21 +0000 2026,fmtoday,Malaysia,True,0,0,#FMTWorld Tehran said the Togo-flagged oil tanker Trend was targeted and detained after a fire broke out while it attempted to pass through the waterway illegally. Full Article:
iran_hormuz,2100765335456817564,"Iran says struck oil tanker in Strait of Hormuz

👇🧵",Fri Sep 18 01:54:20 +0000 2026,fmtoday,Malaysia,True,0,0,Iran says struck oil tanker in Strait of Hormuz 👇🧵
iran_hormuz,2100756915894759549,"Iran says struck oil tanker in Strait of Hormuz

https://t.co/3nUR9m5Lec",Fri Sep 18 01:20:53 +0000 2026,MalaysiaGazette,Kuala Lumpur,True,0,0,Iran says struck oil tanker in Strait of Hormuz
iran_hormuz,2100472405215068454,"Minggu lalu, Houthi menguasai keseluruhan pesisir Laut Merah Yaman dan Selat Bab al-Mandab, iaitu laluan utama eksport minyak Arab Saudi ketika perang Asia Barat yang lebih luas menjejaskan laluan perkapalan Selat Hormuz.

Kementerian Luar Arab Saudi mengecam tindakan pihak lawan menyasarkan Makkah dan menganggapnya sebagai ""serangan pengganas yang pengecut"" dan menegaskan semula hak kerajaan itu untuk ""mempertahankan keselamatan dua masjid suci, jemaah, serta seluruh wilayah Arab Saudi.""

Berita penuh: https://t.co/Uzco5jBcrk",Thu Sep 17 06:30:20 +0000 2026,mkini_bm,Kuala Lumpur,True,2,0,"Minggu lalu, Houthi menguasai keseluruhan pesisir Laut Merah Yaman dan Selat Bab al-Mandab, iaitu laluan utama eksport minyak Arab Saudi ketika perang Asia Barat yang lebih luas menjejaskan laluan perkapalan Selat Hormuz. Kementerian Luar Arab Saudi mengecam tindakan pihak lawan menyasarkan Makkah dan menganggapnya sebagai ""serangan pengganas yang pengecut"" dan menegaskan semula hak kerajaan itu untuk ""mempertahankan keselamatan dua masjid suci, jemaah, serta seluruh wilayah Arab Saudi."" Berita penuh:"
iran_hormuz,2100121244381413839,"Puteri UMNO Gesa Kerajaan Gantung SST 8% Bil Elektrik

Oleh Mynewshub

KUALA LUMPUR - Kerajaan digesa mempertimbangkan pengecualian atau penggantungan Cukai Jualan dan Perkhidmatan (SST) ke atas bil elektrik sebagai langkah segera bagi mengurangkan beban pengguna yang berdepan peningkatan bil.

Penerangan Pergerakan Puteri UMNO Malaysia dalam satu kenyataan berkata, langkah itu antara tindakan paling cepat yang boleh dipertimbangkan kerajaan untuk memberikan kelegaan kepada pengguna terkesan.

“Antara langkah paling cepat yang boleh dipertimbangkan ialah mengecualikan atau menggantung SST ke atas bil elektrik bagi memberi kelegaan segera kepada pengguna yang terkesan,” kata kenyataan itu hari ini.

Menurut sayap UMNO itu, peningkatan bil elektrik yang menjadi perhatian pengguna ketika ini perlu dilihat antaranya dalam konteks mekanisme Pelarasan Bahan Api Automatik (AFA)

Puteri UMNO mendakwa pengguna masih menikmati rebat AFA sebanyak 8.90 sen/kWj pada November 2025 sebelum rebat berkenaan semakin mengecil dan bertukar menjadi surcaj 2.59 sen/kWj pada Jun lalu.

""Maknanya trend ini sebenarnya sudah bermula berbulan-bulan sebelum krisis Hormuz. Jadi kenaikan bil bukan semata-mata disebabkan 'faktor luar' terbaru,"" kata Puteri UMNO.

Puteri UMNO berkata, apabila AFA bertukar daripada rebat kepada surcaj, pengguna yang terkesan perlu membayar lebih bagi setiap kWh yang digunakan. Pada Ogos, kadar AFA ialah +3.80 sen/kWh dan September +3.67 sen/kWh. 

""Dalam masa yang sama, bagi pengguna yang tertakluk kepada SST 8%, beban bil bertambah lagi. Rebat semakin hilang. Surcaj datang. SST pula 8%. Akhirnya rakyat juga yang kena bayar,"" kata kenyataan itu.

Bagaimanapun, Puteri UMNO mengingatkan, penyelesaian terhadap isu tersebut tidak seharusnya hanya dengan memberi tekanan kepada TNB sehingga menjejaskan prestasi syarikat berkenaan.

""Kita kena ingat TNB bukan sekadar sebuah syarikat utiliti. Pemegang saham institusinya termasuk dana yang mewakili kepentingan rakyat dan pencarum - Khazanah Nasional, KWSP & KWAP. 

""Jadi penyelesaiannya bukan sekadar memberi tekanan kepada TNB sehingga menjejaskan prestasinya kerana akhirnya rakyat boleh terkesan dua kali sebagai pengguna elektrik dan sebagai pencarum melalui dana institusi,"" tambah kenyataan itu. - MYNEWSHUB 

Sumber Info/Foto: Akaun Media Sosial Pergerakan Puteri UMNO Malaysia",Wed Sep 16 07:14:57 +0000 2026,mynewshub,Malaysia,True,7,7,"Puteri UMNO Gesa Kerajaan Gantung SST 8% Bil Elektrik Oleh Mynewshub KUALA LUMPUR - Kerajaan digesa mempertimbangkan pengecualian atau penggantungan Cukai Jualan dan Perkhidmatan (SST) ke atas bil elektrik sebagai langkah segera bagi mengurangkan beban pengguna yang berdepan peningkatan bil. Penerangan Pergerakan Puteri UMNO Malaysia dalam satu kenyataan berkata, langkah itu antara tindakan paling cepat yang boleh dipertimbangkan kerajaan untuk memberikan kelegaan kepada pengguna terkesan. “Antara langkah paling cepat yang boleh dipertimbangkan ialah mengecualikan atau menggantung SST ke atas bil elektrik bagi memberi kelegaan segera kepada pengguna yang terkesan,” kata kenyataan itu hari ini. Menurut sayap UMNO itu, peningkatan bil elektrik yang menjadi perhatian pengguna ketika ini perlu dilihat antaranya dalam konteks mekanisme Pelarasan Bahan Api Automatik (AFA) Puteri UMNO mendakwa pengguna masih menikmati rebat AFA sebanyak 8.90 sen/kWj pada November 2025 sebelum rebat berkenaan semakin mengecil dan bertukar menjadi surcaj 2.59 sen/kWj pada Jun lalu. ""Maknanya trend ini sebenarnya sudah bermula berbulan-bulan sebelum krisis Hormuz. Jadi kenaikan bil bukan semata-mata disebabkan 'faktor luar' terbaru,"" kata Puteri UMNO. Puteri UMNO berkata, apabila AFA bertukar daripada rebat kepada surcaj, pengguna yang terkesan perlu membayar lebih bagi setiap kWh yang digunakan. Pada Ogos, kadar AFA ialah +3.80 sen/kWh dan September +3.67 sen/kWh. ""Dalam masa yang sama, bagi pengguna yang tertakluk kepada SST 8%, beban bil bertambah lagi. Rebat semakin hilang. Surcaj datang. SST pula 8%. Akhirnya rakyat juga yang kena bayar,"" kata kenyataan itu. Bagaimanapun, Puteri UMNO mengingatkan, penyelesaian terhadap isu tersebut tidak seharusnya hanya dengan memberi tekanan kepada TNB sehingga menjejaskan prestasi syarikat berkenaan. ""Kita kena ingat TNB bukan sekadar sebuah syarikat utiliti. Pemegang saham institusinya termasuk dana yang mewakili kepentingan rakyat dan pencarum - Khazanah Nasional, KWSP & KWAP. ""Jadi penyelesaiannya bukan sekadar memberi tekanan kepada TNB sehingga menjejaskan prestasinya kerana akhirnya rakyat boleh terkesan dua kali sebagai pengguna elektrik dan sebagai pencarum melalui dana institusi,"" tambah kenyataan itu. - MYNEWSHUB Sumber Info/Foto: Akaun Media Sosial Pergerakan Puteri UMNO Malaysia"
iran_hormuz,2100120030642069696,"#FMTBusiness Of the total on Tuesday, two ships were exiting and two were entering, with no very large crude carriers or liquefied natural gas tankers involved,

Full Article: https://t.co/JhMjIRV1sI",Wed Sep 16 07:10:08 +0000 2026,fmtoday,Malaysia,True,0,0,"#FMTBusiness Of the total on Tuesday, two ships were exiting and two were entering, with no very large crude carriers or liquefied natural gas tankers involved, Full Article:"
iran_hormuz,2100120028846981503,"Strait of Hormuz ship crossings remain in single digits

👇🧵",Wed Sep 16 07:10:07 +0000 2026,fmtoday,Malaysia,True,0,0,Strait of Hormuz ship crossings remain in single digits 👇🧵
iran_hormuz,2100057113972314182,"#NSTnation Visit Malaysia 2026 extended through 2027 amid Hormuz, haze disruptions https://t.co/tLt22eE1JO",Wed Sep 16 03:00:07 +0000 2026,NST_Online,Malaysia,True,1,1,"#NSTnation Visit Malaysia 2026 extended through 2027 amid Hormuz, haze disruptions"
iran_hormuz,2099408798649893064,"sebelum perang tahun lepas (Januari - Jun 2025) Malaysia import 4.971 juta tan minyak mentah dari Saudi, tahun ni tempoh yang sama (Januari - Jun 2026) jatuh 80% tinggal 982.7 ribu tan sahaja minyak mentah kita import dari Saudi. ini sebelum East-West pipeline kena bom kelmarin. kemungkinan besar lepas ni takde minyak dari Saudi sampai langsung. sebab dekat Timur Selat Hormuz disekat, dekat Barat pipeline kena bom. 

Saudi dah bertahun-tahun jadi sumber import minyak mentah nombor satu Malaysia, tapi tahun ni (Januari - Jun 2026), Sudan jadi sumber utama minyak mentah import negara kira. 🤯",Mon Sep 14 08:03:57 +0000 2026,syahir,Malaysia,True,38,29,"sebelum perang tahun lepas (Januari - Jun 2025) Malaysia import 4.971 juta tan minyak mentah dari Saudi, tahun ni tempoh yang sama (Januari - Jun 2026) jatuh 80% tinggal 982.7 ribu tan sahaja minyak mentah kita import dari Saudi. ini sebelum East-West pipeline kena bom kelmarin. kemungkinan besar lepas ni takde minyak dari Saudi sampai langsung. sebab dekat Timur Selat Hormuz disekat, dekat Barat pipeline kena bom. Saudi dah bertahun-tahun jadi sumber import minyak mentah nombor satu Malaysia, tapi tahun ni (Januari - Jun 2026), Sudan jadi sumber utama minyak mentah import negara kira. 🤯"
iran_hormuz,2099287016567435529,"MADANI Bekerja Edisi Isnin 14 September 2026
(7 Hingga 13 Sept 2026)

1. KSN-Kementerian Dan Agensi Diminta Percepat, Mudahkan Urusan Persiapan F1 (7 Sept)

2. Letusan Anak Krakatau: Kedutaan Besar Malaysia Bantu Rakyat Terkandas – Mohamad (7 Sept)

3. Malaysia-Thailand Perkemas Pelarasan Kerjasama Antara Agensi Di Sempadan (7 Sept)
 
4. PM Gesa Ketua Jabatan, Agensi Turun Padang Selesai Masalah Projek Pembangunan (8 Sept)
 
5. PM: Kerjasama Muafakat Menteri Stabil  (8 Sept)

6. Bayaran Haji Jemaah B40 Kekal RM15,000 Bagi Musim 1448H/2027M (9 Sept)

7. PM: Kerajaan Akan Beri Bantuan Kepada Keluarga Mangsa Dalam Nahas Helikopter (9 Sept)
 
8. Lebih 112,000 peneroka nikmati perlindungan sosial menerusi MoU Felda (10 Sept)

9. PM Tiba Di New Delhi Untuk Hadiri Sidang Kemuncak BRICS (11 Sept)

10. KPT Diminta Pertimbang Tiket Penerbangan Percuma Pelajar B40 (12 Sept)

11. Nahas Helikopter: Lima Jasad Diserah Kepada Waris (12 Sept)

12. Anwar Tekankan Kebebasan Maritim Di Selat Hormuz, Gesa Diplomasi (12 Sept)

13. KKM Buat Perancangan, Dan Unjuran Bagi Hadapi Peningkatan Pesakit Di Hospital Kerajaan (13 Sept)

14. Anwar, Prabowo Bincang Isu Kebakaran Hutan (13 Sept)
 
#digitalbernamatv #MADANIBekerja",Mon Sep 14 00:00:02 +0000 2026,BernamaTV,Kuala Lumpur,True,0,0,"MADANI Bekerja Edisi Isnin 14 September 2026 (7 Hingga 13 Sept 2026) 1. KSN-Kementerian Dan Agensi Diminta Percepat, Mudahkan Urusan Persiapan F1 (7 Sept) 2. Letusan Anak Krakatau: Kedutaan Besar Malaysia Bantu Rakyat Terkandas – Mohamad (7 Sept) 3. Malaysia-Thailand Perkemas Pelarasan Kerjasama Antara Agensi Di Sempadan (7 Sept) 4. PM Gesa Ketua Jabatan, Agensi Turun Padang Selesai Masalah Projek Pembangunan (8 Sept) 5. PM: Kerjasama Muafakat Menteri Stabil (8 Sept) 6. Bayaran Haji Jemaah B40 Kekal RM15,000 Bagi Musim 1448H/2027M (9 Sept) 7. PM: Kerajaan Akan Beri Bantuan Kepada Keluarga Mangsa Dalam Nahas Helikopter (9 Sept) 8. Lebih 112,000 peneroka nikmati perlindungan sosial menerusi MoU Felda (10 Sept) 9. PM Tiba Di New Delhi Untuk Hadiri Sidang Kemuncak BRICS (11 Sept) 10. KPT Diminta Pertimbang Tiket Penerbangan Percuma Pelajar B40 (12 Sept) 11. Nahas Helikopter: Lima Jasad Diserah Kepada Waris (12 Sept) 12. Anwar Tekankan Kebebasan Maritim Di Selat Hormuz, Gesa Diplomasi (12 Sept) 13. KKM Buat Perancangan, Dan Unjuran Bagi Hadapi Peningkatan Pesakit Di Hospital Kerajaan (13 Sept) 14. Anwar, Prabowo Bincang Isu Kebakaran Hutan (13 Sept) #digitalbernamatv #MADANIBekerja"
iran_hormuz,2099283465221144620,"Hormuz murkier.

Iran's foreign ministry had said a meeting hosted by Oman would take place to negotiate the future of the strait.

But AFP reports Oman has postponed its Hormuz talks with Iran and the Gulf states.

Hormuz & Bab el Mandeb - Double chokepoints choked further, not good for Malaysia and Asean for oil trade.

https://t.co/4jDYw7uFk8",Sun Sep 13 23:45:55 +0000 2026,Jeff4Malaysia,Malaysia,True,2,0,"Hormuz murkier. Iran's foreign ministry had said a meeting hosted by Oman would take place to negotiate the future of the strait. But AFP reports Oman has postponed its Hormuz talks with Iran and the Gulf states. Hormuz & Bab el Mandeb - Double chokepoints choked further, not good for Malaysia and Asean for oil trade."
iran_minyak_kesan,2098671155515457792,"Memulakan pagi ini di New Delhi dengan bertemu Presiden Republik Islam Iran, Dr Masoud Pezeshkian bagi memperkukuh hubungan persahabatan Malaysia-Iran serta membincangkan hala tuju kerjasama kedua-dua negara dalam pelbagai bidang.

Dalam pertemuan ini, saya menyuarakan kebimbangan Malaysia terhadap konflik yang berlarutan serta ketegangan yang terus memuncak di Asia Barat. Malaysia menggesa semua pihak menghentikan tindakan yang boleh memburukkan keadaan, kembali ke meja rundingan serta mengutamakan dialog dan diplomasi bagi menyelesaikan pertikaian secara aman.

Malaysia berpendirian bahawa kebebasan dan keselamatan laluan maritim melalui Selat Hormuz perlu terus dipelihara selaras dengan undang-undang antarabangsa. Sebarang gangguan akan membawa kesan besar terhadap keselamatan tenaga, perdagangan dan ekonomi dunia.

Kami turut meneroka usaha memperluas perdagangan dan pelaburan Malaysia-Iran, khususnya dalam sektor tenaga, pertanian, minyak sawit, keterjaminan makanan, industri halal, teknologi dan pendidikan tinggi.

Usai mesyuarat dua hala, saya dan Dr Masoud sempat berbicara secara empat mata. Insya-Allah Malaysia sedia menterjemahkan hubungan persahabatan ini kepada kerjasama yang lebih bermakna dan berterusan demi manfaat rakyat kedua-dua negara.

🇲🇾🇮🇷 

#MalaysiaMADANI 
#DiplomasiMADANI 
#YakinMADANI",Sat Sep 12 07:12:49 +0000 2026,anwaribrahim,Malaysia,True,1724,284,"Memulakan pagi ini di New Delhi dengan bertemu Presiden Republik Islam Iran, Dr Masoud Pezeshkian bagi memperkukuh hubungan persahabatan Malaysia-Iran serta membincangkan hala tuju kerjasama kedua-dua negara dalam pelbagai bidang. Dalam pertemuan ini, saya menyuarakan kebimbangan Malaysia terhadap konflik yang berlarutan serta ketegangan yang terus memuncak di Asia Barat. Malaysia menggesa semua pihak menghentikan tindakan yang boleh memburukkan keadaan, kembali ke meja rundingan serta mengutamakan dialog dan diplomasi bagi menyelesaikan pertikaian secara aman. Malaysia berpendirian bahawa kebebasan dan keselamatan laluan maritim melalui Selat Hormuz perlu terus dipelihara selaras dengan undang-undang antarabangsa. Sebarang gangguan akan membawa kesan besar terhadap keselamatan tenaga, perdagangan dan ekonomi dunia. Kami turut meneroka usaha memperluas perdagangan dan pelaburan Malaysia-Iran, khususnya dalam sektor tenaga, pertanian, minyak sawit, keterjaminan makanan, industri halal, teknologi dan pendidikan tinggi. Usai mesyuarat dua hala, saya dan Dr Masoud sempat berbicara secara empat mata. Insya-Allah Malaysia sedia menterjemahkan hubungan persahabatan ini kepada kerjasama yang lebih bermakna dan berterusan demi manfaat rakyat kedua-dua negara. 🇲🇾🇮🇷 #MalaysiaMADANI #DiplomasiMADANI #YakinMADANI"
iran_minyak_kesan,2078238308245897613,"“Matlamat akhirnya adalah untuk memastikan bekalan kita terjamin dan perang ini tidak mengakibatkan kesan yang buruk kepada negara.""
#AWANInews #AWANIpagi

https://t.co/C4ZtH5tCxH",Fri Jul 17 21:59:59 +0000 2026,501Awani,Malaysia,True,1,0,"“Matlamat akhirnya adalah untuk memastikan bekalan kita terjamin dan perang ini tidak mengakibatkan kesan yang buruk kepada negara."" #AWANInews #AWANIpagi"
iran_minyak_kesan,2078142092052996587,"#BuletinBernama: Kerajaan pantau kesan konflik Iran, AS terhadap bekalan minyak 

#digitalbernamatv #iran #amerikasyarikat #minyak https://t.co/Xi4zbSg9cL",Fri Jul 17 15:37:39 +0000 2026,BernamaTV,Kuala Lumpur,True,0,0,"#BuletinBernama: Kerajaan pantau kesan konflik Iran, AS terhadap bekalan minyak #digitalbernamatv #iran #amerikasyarikat #minyak"
iran_minyak_kesan,2051206612938056188,"Perdana Menteri Datuk Seri Anwar Ibrahim menegaskan bekalan minyak negara kekal terjamin, namun peningkatan harga global bahan api itu yang tidak dapat dielakkan terus memberikan tekanan kepada kewangan kerajaan, yang komited mengekalkan harga subsidi RON95 pada RM1.99 seliter demi melindungi majoriti rakyat.

Beliau berkata gangguan dan risiko terhadap laluan perdagangan antarabangsa akibat konflik di Asia Barat telah menyebabkan kos penghantaran dan insurans meningkat, sekali gus memberikan kesan kepada harga minyak.

Namun, Perdana Menteri berkata Malaysia masih dapat menjamin bekalan minyak dan gas untuk kegunaan domestik melalui hubungan baik dengan Iran serta negara pengeluar lain, antaranya Rusia, Turkmenistan dan Uzbekistan. 

Berita penuh: https://t.co/HYtIcjSvm9",Mon May 04 07:45:40 +0000 2026,mkini_bm,Kuala Lumpur,True,2,1,"Perdana Menteri Datuk Seri Anwar Ibrahim menegaskan bekalan minyak negara kekal terjamin, namun peningkatan harga global bahan api itu yang tidak dapat dielakkan terus memberikan tekanan kepada kewangan kerajaan, yang komited mengekalkan harga subsidi RON95 pada RM1.99 seliter demi melindungi majoriti rakyat. Beliau berkata gangguan dan risiko terhadap laluan perdagangan antarabangsa akibat konflik di Asia Barat telah menyebabkan kos penghantaran dan insurans meningkat, sekali gus memberikan kesan kepada harga minyak. Namun, Perdana Menteri berkata Malaysia masih dapat menjamin bekalan minyak dan gas untuk kegunaan domestik melalui hubungan baik dengan Iran serta negara pengeluar lain, antaranya Rusia, Turkmenistan dan Uzbekistan. Berita penuh:"
iran_minyak_kesan,2047141478972174641,"𝐁𝐍 𝐅𝐨𝐫𝐮𝐦 𝐒𝐢𝐫𝐢 𝐊𝐞-𝟏𝟎: 𝐊𝐞𝐬𝐚𝐧 𝐊𝐨𝐧𝐟𝐥𝐢𝐤 𝐔𝐒-𝐈𝐫𝐚𝐧 𝐊𝐞 𝐀𝐭𝐚𝐬 𝐌𝐚𝐥𝐚𝐲𝐬𝐢𝐚

Malam tadi, saya turut serta dalam BN Forum Siri Ke-10 di Menara Dato’ Onn, mengikuti kupasan mengenai kesan konflik US-Iran terhadap Malaysia.

Daripada catatan nota saya, jelas bahawa dunia hari ini semakin saling berkait. Konflik yang berlaku jauh dari kita tetap memberi kesan kepada kehidupan harian rakyat daripada harga minyak, kos pengangkutan hinggalah kepada harga barangan di pasaran.

Saya bersetuju dengan pandangan para panelis bahawa dalam situasi ini, Malaysia perlu kekal dengan pendirian yang jelas tanpa terlalu berpihak kepada mana mana pihak.

Paling utama, kita menegaskan bahawa konflik seperti ini tidak sepatutnya berlaku kerana akhirnya rakyat juga yang menanggung kesannya, termasuk dalam kehidupan harian mereka.

Dalam keadaan dunia yang semakin tidak menentu, kekuatan negara mesti bertunjangkan kestabilan, dasar yang jelas serta keupayaan untuk bertindak dengan bijaksana.

Terima kasih saya ucapkan kepada semua panelis dan penganjur yang terus menyediakan ruang wacana seperti ini.

Semoga forum ini menjadi wadah pencerahan yang meningkatkan kefahaman kita semua tentang dinamika geopolitik serta implikasinya terhadap ekonomi dan masa depan negara.

#BNForum
#BarisanNasional",Thu Apr 23 02:32:17 +0000 2026,DrZahidHamidi,Malaysia,True,41,15,"𝐁𝐍 𝐅𝐨𝐫𝐮𝐦 𝐒𝐢𝐫𝐢 𝐊𝐞-𝟏𝟎: 𝐊𝐞𝐬𝐚𝐧 𝐊𝐨𝐧𝐟𝐥𝐢𝐤 𝐔𝐒-𝐈𝐫𝐚𝐧 𝐊𝐞 𝐀𝐭𝐚𝐬 𝐌𝐚𝐥𝐚𝐲𝐬𝐢𝐚 Malam tadi, saya turut serta dalam BN Forum Siri Ke-10 di Menara Dato’ Onn, mengikuti kupasan mengenai kesan konflik US-Iran terhadap Malaysia. Daripada catatan nota saya, jelas bahawa dunia hari ini semakin saling berkait. Konflik yang berlaku jauh dari kita tetap memberi kesan kepada kehidupan harian rakyat daripada harga minyak, kos pengangkutan hinggalah kepada harga barangan di pasaran. Saya bersetuju dengan pandangan para panelis bahawa dalam situasi ini, Malaysia perlu kekal dengan pendirian yang jelas tanpa terlalu berpihak kepada mana mana pihak. Paling utama, kita menegaskan bahawa konflik seperti ini tidak sepatutnya berlaku kerana akhirnya rakyat juga yang menanggung kesannya, termasuk dalam kehidupan harian mereka. Dalam keadaan dunia yang semakin tidak menentu, kekuatan negara mesti bertunjangkan kestabilan, dasar yang jelas serta keupayaan untuk bertindak dengan bijaksana. Terima kasih saya ucapkan kepada semua panelis dan penganjur yang terus menyediakan ruang wacana seperti ini. Semoga forum ini menjadi wadah pencerahan yang meningkatkan kefahaman kita semua tentang dinamika geopolitik serta implikasinya terhadap ekonomi dan masa depan negara. #BNForum #BarisanNasional"
iran_minyak_kesan,2044580416968114395,"Ni baru real capitalist, time rakyat tgh susah, kapitalis buat duit. Subsidi bersasar pun takde 

Tengah2 perang Iran-US, US amik kesempatan eksport &gt;5juta tong minyak setiap hari, overall 12.7 juta tong minyak mentah minggu lepas dan mungkin terus meningkat https://t.co/Tct6FTGYZq",Thu Apr 16 00:55:32 +0000 2026,StratCommX,Putrajaya,True,12,6,"Ni baru real capitalist, time rakyat tgh susah, kapitalis buat duit. Subsidi bersasar pun takde Tengah2 perang Iran-US, US amik kesempatan eksport &gt;5juta tong minyak setiap hari, overall 12.7 juta tong minyak mentah minggu lepas dan mungkin terus meningkat"
iran_minyak_kesan,2043204511964275084,@RadziJidin Jd Ahli Parlimen pun susah sgt nk fikir.. Minyak Dari Iran dlm perjalanan utk ke Filipina kapal membawa minyak berlabuh  sebentar di Malaysia sebelum meneruskan destinasi  sebenar di hantar ke Filipina. Kalo 2 negara Filipina dan Malaysia pun tak nk ngaku hntr kat rumah aku je.,Sun Apr 12 05:48:11 +0000 2026,YOEPCD,"Selangor, Malaysia",True,15,0,@RadziJidin Jd Ahli Parlimen pun susah sgt nk fikir.. Minyak Dari Iran dlm perjalanan utk ke Filipina kapal membawa minyak berlabuh sebentar di Malaysia sebelum meneruskan destinasi sebenar di hantar ke Filipina. Kalo 2 negara Filipina dan Malaysia pun tak nk ngaku hntr kat rumah aku je.
iran_minyak_kesan,2042466249733472334,"#TOP10
Berita popular di #SinarHarian pada 10 April 2026

TOP 1 l Abang serang adik guna parang
https://t.co/I0iXz2Qa2J

TOP 2 l Polis kesan tahanan reman warga Pakistan lolos penjara Sungai Buloh
https://t.co/fh0t5ysPPc

TOP 3 l Gencatan senjata AS-Iran rapuh
https://t.co/1THz7MbnU4

TOP 4 l Trump beri amaran kepada Iran, berhenti caj kapal di Selat Hormuz
https://t.co/pB1GV6sPeF

TOP 5 l Shell Malaysia mohon maaf, tingkat usaha pulihkan bekalan di stesen terjejas
https://t.co/id94B9KwZC

TOP 6 l Konflik Asia Barat: Ketua Majlis Strategik Iran meninggal dunia akibat serangan AS–Israel
https://t.co/esTNJEsBv5

TOP 7 l Tak salah lantang bersuara tapi jangan ganggu majlis orang
https://t.co/3bGdncbq4Q

TOP 8 l Lelaki 'gila judi' tergamak bunuh, bakar dan kerat tubuh ibu kandung
https://t.co/7o3mHTmLLt

TOP 9 l Dua kejadian samun di Nilai, seorang mangsa cedera
https://t.co/J8Rwt2QJOH

TOP 10 l Sekongkol seludup diesel, stesen minyak di Thailand didenda 2.5 juta baht
https://t.co/B6SK4eMTIl",Fri Apr 10 04:54:35 +0000 2026,SinarOnline,Malaysia,True,1,0,"#TOP10 Berita popular di #SinarHarian pada 10 April 2026 TOP 1 l Abang serang adik guna parang TOP 2 l Polis kesan tahanan reman warga Pakistan lolos penjara Sungai Buloh TOP 3 l Gencatan senjata AS-Iran rapuh TOP 4 l Trump beri amaran kepada Iran, berhenti caj kapal di Selat Hormuz TOP 5 l Shell Malaysia mohon maaf, tingkat usaha pulihkan bekalan di stesen terjejas TOP 6 l Konflik Asia Barat: Ketua Majlis Strategik Iran meninggal dunia akibat serangan AS–Israel TOP 7 l Tak salah lantang bersuara tapi jangan ganggu majlis orang TOP 8 l Lelaki 'gila judi' tergamak bunuh, bakar dan kerat tubuh ibu kandung TOP 9 l Dua kejadian samun di Nilai, seorang mangsa cedera TOP 10 l Sekongkol seludup diesel, stesen minyak di Thailand didenda 2.5 juta baht"
iran_minyak_kesan,2041719206836891678,"Ketika kebimbangan terhadap bekalan minyak serta harganya yang kekal tinggi, Abdul Hadi Awang berpendapat, tidak ada sebab mengapa keadaan itu berlaku di negara ini.

Presiden PAS itu berkata hal itu kerana Malaysia tidak termasuk sebagai salah sebuah negara yang disekat oleh Iran di Selat Hormuz.

Kata Abdul Hadi, Tehran menghargai Malaysia kerana ramai rakyat di negara ini yang berani enggan berpihak kepada kerajaan yang takut kepada Washington dan Israel. 

Berita penuh: https://t.co/L09wq4inwz",Wed Apr 08 03:26:06 +0000 2026,mkini_bm,Kuala Lumpur,True,10,5,"Ketika kebimbangan terhadap bekalan minyak serta harganya yang kekal tinggi, Abdul Hadi Awang berpendapat, tidak ada sebab mengapa keadaan itu berlaku di negara ini. Presiden PAS itu berkata hal itu kerana Malaysia tidak termasuk sebagai salah sebuah negara yang disekat oleh Iran di Selat Hormuz. Kata Abdul Hadi, Tehran menghargai Malaysia kerana ramai rakyat di negara ini yang berani enggan berpihak kepada kerajaan yang takut kepada Washington dan Israel. Berita penuh:"
iran_minyak_kesan,2041132136032534545,"RM6 Billion sebulan.

Ada warga Malaysia isi minyak Diesel di Thailand, katanya lagi murah. Harini, minyak Diesel Thailand lagi mahal dari Malaysia.

Fakta pertama yang kita tak mampu nafikan adalah kesan perang melibatkan Iran, Amerika Syarikat dan Israel telah ganggu pasaran tenaga global & harga minyak dunia melambung tinggi.

Di Malaysia, pendekatan yang diambil tidak sama. Malaysia antara paling rendah di dunia. Hari ini:

RON95: 
Harga sebenar: RM3.87/liter
Harga subsidi: RM1.99/liter

Diesel Semenanjung: RM6.02/liter
Diesel Sabah/Sarawak: RM2.15/liter

Subsidi & bantuan: sekitar RM6 bilion sebulan.

Kita bandingkan dengan Asia & ASEAN. 

Petrol (anggaran semasa) :
• Thailand: RM5.30+
• Vietnam: RM3.70+
• Indonesia: RM2.30+ (RON lebih rendah)
• Filipina: RM5 – RM7+
• Singapura: RM10 – RM13+
(Malaysia (RON95): RM1.99)

Diesel
• Thailand: RM6.25 (Terkini)
• Filipina: RM7 – RM9+
• Vietnam: RM5+
• Singapura: RM12+
(Malaysia (Semenanjung): RM6.02)
(Malaysia (Sabah/Sarawak): RM2.15)

Anggaran penggunaan minyak di Malaysia adalah 700,000 tong sehari tetapi pengeluaran sekitar 350,000 tong sehari. Bermaksud, selebihnya perlu import.

Hampir 40% import melalui Selat Hormuz. Bila dunia terganggu, Malaysia tetap terkesan.

Diesel Malaysia paling mahal? Hakikatnya: Diesel tidak dihapuskan subsidi, tetapi disasarkan. Subsidi masih berjalan, ya masih berjalan:

Petani: RM1.65/liter
Nelayan: RM1.65/liter
Bas awam: RM1.88/liter
Logistik: RM2.15/liter

Individu layak bantuan tunai (contoh: RM300/bulan).

Ada yang bandingkan Malaysia dengan Thailand. Baik, fakta semasa:

Diesel Thailand: RM6.25
Malaysia: RM6.02

Malaysia masih lebih rendah. Belum kira lagi;

i) Subsidi bersasar Malaysia
ii) Bantuan tunai
iii) Bantuan sokongan kepada sektor kritikal

So,  kalau fikir balik Malaysia masih still antara harga petrol paling rendah di dunia. 

Diesel pun masih disubsidi tetapi secara lebih adil & berbiliunnnn ringgit digunakan untuk lindungi warganegara Malaysia.",Mon Apr 06 12:33:18 +0000 2026,HafizRayyan,Kuala Lumpur MY,True,219,164,"RM6 Billion sebulan. Ada warga Malaysia isi minyak Diesel di Thailand, katanya lagi murah. Harini, minyak Diesel Thailand lagi mahal dari Malaysia. Fakta pertama yang kita tak mampu nafikan adalah kesan perang melibatkan Iran, Amerika Syarikat dan Israel telah ganggu pasaran tenaga global & harga minyak dunia melambung tinggi. Di Malaysia, pendekatan yang diambil tidak sama. Malaysia antara paling rendah di dunia. Hari ini: RON95: Harga sebenar: RM3.87/liter Harga subsidi: RM1.99/liter Diesel Semenanjung: RM6.02/liter Diesel Sabah/Sarawak: RM2.15/liter Subsidi & bantuan: sekitar RM6 bilion sebulan. Kita bandingkan dengan Asia & ASEAN. Petrol (anggaran semasa) : • Thailand: RM5.30+ • Vietnam: RM3.70+ • Indonesia: RM2.30+ (RON lebih rendah) • Filipina: RM5 – RM7+ • Singapura: RM10 – RM13+ (Malaysia (RON95): RM1.99) Diesel • Thailand: RM6.25 (Terkini) • Filipina: RM7 – RM9+ • Vietnam: RM5+ • Singapura: RM12+ (Malaysia (Semenanjung): RM6.02) (Malaysia (Sabah/Sarawak): RM2.15) Anggaran penggunaan minyak di Malaysia adalah 700,000 tong sehari tetapi pengeluaran sekitar 350,000 tong sehari. Bermaksud, selebihnya perlu import. Hampir 40% import melalui Selat Hormuz. Bila dunia terganggu, Malaysia tetap terkesan. Diesel Malaysia paling mahal? Hakikatnya: Diesel tidak dihapuskan subsidi, tetapi disasarkan. Subsidi masih berjalan, ya masih berjalan: Petani: RM1.65/liter Nelayan: RM1.65/liter Bas awam: RM1.88/liter Logistik: RM2.15/liter Individu layak bantuan tunai (contoh: RM300/bulan). Ada yang bandingkan Malaysia dengan Thailand. Baik, fakta semasa: Diesel Thailand: RM6.25 Malaysia: RM6.02 Malaysia masih lebih rendah. Belum kira lagi; i) Subsidi bersasar Malaysia ii) Bantuan tunai iii) Bantuan sokongan kepada sektor kritikal So, kalau fikir balik Malaysia masih still antara harga petrol paling rendah di dunia. Diesel pun masih disubsidi tetapi secara lebih adil & berbiliunnnn ringgit digunakan untuk lindungi warganegara Malaysia."
iran_minyak_kesan,2040496554935734675,"ZRA bercakap tentang situasi yang berlaku di Iran dan bagaimana ia beri kesan kepada harga minyak dunia.

Kalau kau nak tahu tentang apa tindakan kerajaan, kau rujuklah agensi kerajaan. Pergi kondem ZRA buat apa? Bukan dia yang buat dasar bagi pihak kerajaan. https://t.co/EGNjeChlhM",Sat Apr 04 18:27:43 +0000 2026,SyedAkramin,"Selangor, Malaysia",True,573,184,"ZRA bercakap tentang situasi yang berlaku di Iran dan bagaimana ia beri kesan kepada harga minyak dunia. Kalau kau nak tahu tentang apa tindakan kerajaan, kau rujuklah agensi kerajaan. Pergi kondem ZRA buat apa? Bukan dia yang buat dasar bagi pihak kerajaan."
iran_minyak_kesan,2040232941142388912,"Kesan Konflik Iran Terhadap Pasaran Saham Malaysia: Siapa Untung, Siapa Rugi?
 
Konflik Iran turut memberi kesan ketara terhadap prestasi pasaran saham Malaysia, dengan sektor tertentu mencatat keuntungan manakala yang lain mengalami kerugian.
 
Syarikat berkaitan minyak dan tenaga seperti Petronas Chemicals, Gas Malaysia dan Petron Malaysia mencatat peningkatan harga saham susulan lonjakan harga minyak global serta gangguan loji penapisan minyak akibat konflik di Timur Tengah.
 
Sebaliknya, sektor pelancongan dan penerbangan seperti Genting, Capital A dan AirAsia X mengalami penurunan disebabkan peningkatan kos operasi, serta perjalanan penumpang yang semakin berkurangan.",Sat Apr 04 01:00:13 +0000 2026,EkonomiRakyatMY,Kuala Lumpur,True,16,4,"Kesan Konflik Iran Terhadap Pasaran Saham Malaysia: Siapa Untung, Siapa Rugi? Konflik Iran turut memberi kesan ketara terhadap prestasi pasaran saham Malaysia, dengan sektor tertentu mencatat keuntungan manakala yang lain mengalami kerugian. Syarikat berkaitan minyak dan tenaga seperti Petronas Chemicals, Gas Malaysia dan Petron Malaysia mencatat peningkatan harga saham susulan lonjakan harga minyak global serta gangguan loji penapisan minyak akibat konflik di Timur Tengah. Sebaliknya, sektor pelancongan dan penerbangan seperti Genting, Capital A dan AirAsia X mengalami penurunan disebabkan peningkatan kos operasi, serta perjalanan penumpang yang semakin berkurangan."
iran_minyak_kesan,2037446883006960069,"‘Bekalan minyak stabil hingga Mei, langkah alternatif sedang digerakkan’ - PM Anwar

Anwar berkata, kerajaan memantau situasi bekalan tenaga setiap hari susulan ketegangan geopolitik di Asia Barat yang memberi kesan langsung kepada pasaran global.

#sinarharian #beritaterkini #minyak #Iran 

https://t.co/SxNRc59lMF",Fri Mar 27 08:29:25 +0000 2026,SinarOnline,Malaysia,True,0,0,"‘Bekalan minyak stabil hingga Mei, langkah alternatif sedang digerakkan’ - PM Anwar Anwar berkata, kerajaan memantau situasi bekalan tenaga setiap hari susulan ketegangan geopolitik di Asia Barat yang memberi kesan langsung kepada pasaran global. #sinarharian #beritaterkini #minyak #Iran"
iran_minyak_kesan,2037423346414186873,"Sidang khas Parlimen bukan lagi satu pilihan, tetapi satu keperluan.

Implikasi perang ke atas Iran memberi kesan langsung kepada kestabilan global, harga minyak dan ketahanan ekonomi negara.

Sudah tiba masanya perbincangan yang telus diadakan segera di Dewan Rakyat. https://t.co/UMHrSjr3AW",Fri Mar 27 06:55:53 +0000 2026,saifuddinabd,Malaysia,True,4,1,"Sidang khas Parlimen bukan lagi satu pilihan, tetapi satu keperluan. Implikasi perang ke atas Iran memberi kesan langsung kepada kestabilan global, harga minyak dan ketahanan ekonomi negara. Sudah tiba masanya perbincangan yang telus diadakan segera di Dewan Rakyat."
iran_minyak_kesan,2036378754239316295,"Jepun akan mengeluarkan minyak daripada rizab negara bagi mengurangkan kesan kenaikan harga akibat konflik Amerika Syarikat-Israel dengan Iran.

Perdana Menteri Sanae Takaichi berkata langkah ini penting untuk kestabilan tenaga dan memastikan keselamatan pelayaran di Selat Hormuz.",Tue Mar 24 09:45:03 +0000 2026,EkonomiRakyatMY,Kuala Lumpur,True,9,5,Jepun akan mengeluarkan minyak daripada rizab negara bagi mengurangkan kesan kenaikan harga akibat konflik Amerika Syarikat-Israel dengan Iran. Perdana Menteri Sanae Takaichi berkata langkah ini penting untuk kestabilan tenaga dan memastikan keselamatan pelayaran di Selat Hormuz.
iran_minyak_kesan,2036347014594830564,"𝐊𝐑𝐈𝐒𝐈𝐒 𝐌𝐈𝐍𝐘𝐀𝐊 𝐃𝐔𝐍𝐈𝐀: 𝐌𝐀𝐋𝐀𝐘𝐒𝐈𝐀 𝐒𝐄𝐋𝐀𝐌𝐀𝐓?

Rakyat Malaysia kebanyakannya tak ambil tahu apa yang berlaku di luar sana.

Mungkin sedikit sebanyak ramai tahu perang yang sedang berlaku di antara US-Israel dengan Iran tetapi banyak yang tidak faham kesannya kepada seluruh dunia termasuk Malaysia.

Kemungkinan besar kerana kehidupan di Malaysia masih lagi normal, masih boleh isi minyak walaupun Diesel lebih mahal berbanding beberapa minggu lepas, masih boleh masak juadah untuk tetamu berkunjung, masih boleh bakar mercun sampai tengah malam dan pagi buta.

Berbanding dengan negara-negara rantau Asia Tenggara yang lain dari Filipina ke Thailand, Laos. Cambodia, Vietnam semuanya sedang bergelut dengan kesan dan tempias perang di Timur Tengah.

Ada rakyat Thailand, Cambodia & Laos beratur panjang nak isi minyak kerana ketiadaan dan catuan minyak di stesen minyak, Vietnam yang akan mengurangkan dan menghentikan penerbangan kerana kekurangan minyak pesawat (jet fuel), gas memasak (LPG) kehabisan di Cambodia, stesen minyak di FIlipina ditutup kerana kehabisan minyak.

Adakah rakyat Malaysia sedar dengan ""kegawatan kecil"" yang dihadapi negara-negara ASEAN yang lain?

Benar Malaysia adalah pengeluar dan pengeksport tenaga (minyak dan gas) jadi kita ada sedikit penampan (buffer) berbanding negara-negara lain yang mengurangkan kesan perang di sana tetapi kita perlu ingat kini Malaysia bukan lagi pengeksport bersih minyak di mana pengeluaran minyak negara tidak mencukupi untuk menampung penggunaan domestik kita.

Sehari kita perlu 600 ribu tong minyak untuk diproses menjadi Petrol & Diesel untuk kegunaan harian, tetapi kita hanya mengeluarkan 350 ribu tong minyak di mana 250 ribu tong minyak perlu diimport dari luar.

Walaupun kita berhenti mengeksport dan menggunakan 100% minyak yang dikeluarkan dalam negara untuk kegunaan domestik, ianya tidak cukup dan kita masih juga perlu import.

70% daripada sumber import minyak mentah negara kita datang dari negara Timur Tengah iaitu Arab Saudi, UAE, Kuwait, Oman, Bahrain, Iraq maka apabila perang meletus bekalan minyak mentah dari rantau tersebut terhenti.

Sekali sekala kita perlu banyak membaca apa yang berlaku di luar sana.

Bukan hanya menyempitkan minda kita kepada politik kepartian seperti janji-janji lama ahli politik yang korang tuntut siang malam walaupun tak pernah undi ahli politik tersebut.

Jangan esok bila kita dah jadi macam negara-negara jiran kita baru nak terkejut dan merengek-rengek.

Yang memuja-muja Thailand harga Diesel lagi murah boleh lah baca apa yang berlaku di Thailand.

Apa guna Diesel lebih murah, nak isi dalam kereta pun takde?",Tue Mar 24 07:38:56 +0000 2026,syahir,Malaysia,True,722,516,"𝐊𝐑𝐈𝐒𝐈𝐒 𝐌𝐈𝐍𝐘𝐀𝐊 𝐃𝐔𝐍𝐈𝐀: 𝐌𝐀𝐋𝐀𝐘𝐒𝐈𝐀 𝐒𝐄𝐋𝐀𝐌𝐀𝐓? Rakyat Malaysia kebanyakannya tak ambil tahu apa yang berlaku di luar sana. Mungkin sedikit sebanyak ramai tahu perang yang sedang berlaku di antara US-Israel dengan Iran tetapi banyak yang tidak faham kesannya kepada seluruh dunia termasuk Malaysia. Kemungkinan besar kerana kehidupan di Malaysia masih lagi normal, masih boleh isi minyak walaupun Diesel lebih mahal berbanding beberapa minggu lepas, masih boleh masak juadah untuk tetamu berkunjung, masih boleh bakar mercun sampai tengah malam dan pagi buta. Berbanding dengan negara-negara rantau Asia Tenggara yang lain dari Filipina ke Thailand, Laos. Cambodia, Vietnam semuanya sedang bergelut dengan kesan dan tempias perang di Timur Tengah. Ada rakyat Thailand, Cambodia & Laos beratur panjang nak isi minyak kerana ketiadaan dan catuan minyak di stesen minyak, Vietnam yang akan mengurangkan dan menghentikan penerbangan kerana kekurangan minyak pesawat (jet fuel), gas memasak (LPG) kehabisan di Cambodia, stesen minyak di FIlipina ditutup kerana kehabisan minyak. Adakah rakyat Malaysia sedar dengan ""kegawatan kecil"" yang dihadapi negara-negara ASEAN yang lain? Benar Malaysia adalah pengeluar dan pengeksport tenaga (minyak dan gas) jadi kita ada sedikit penampan (buffer) berbanding negara-negara lain yang mengurangkan kesan perang di sana tetapi kita perlu ingat kini Malaysia bukan lagi pengeksport bersih minyak di mana pengeluaran minyak negara tidak mencukupi untuk menampung penggunaan domestik kita. Sehari kita perlu 600 ribu tong minyak untuk diproses menjadi Petrol & Diesel untuk kegunaan harian, tetapi kita hanya mengeluarkan 350 ribu tong minyak di mana 250 ribu tong minyak perlu diimport dari luar. Walaupun kita berhenti mengeksport dan menggunakan 100% minyak yang dikeluarkan dalam negara untuk kegunaan domestik, ianya tidak cukup dan kita masih juga perlu import. 70% daripada sumber import minyak mentah negara kita datang dari negara Timur Tengah iaitu Arab Saudi, UAE, Kuwait, Oman, Bahrain, Iraq maka apabila perang meletus bekalan minyak mentah dari rantau tersebut terhenti. Sekali sekala kita perlu banyak membaca apa yang berlaku di luar sana. Bukan hanya menyempitkan minda kita kepada politik kepartian seperti janji-janji lama ahli politik yang korang tuntut siang malam walaupun tak pernah undi ahli politik tersebut. Jangan esok bila kita dah jadi macam negara-negara jiran kita baru nak terkejut dan merengek-rengek. Yang memuja-muja Thailand harga Diesel lagi murah boleh lah baca apa yang berlaku di Thailand. Apa guna Diesel lebih murah, nak isi dalam kereta pun takde?"
iran_minyak_kesan,2035623511671058679,"Malaysia Sebenarnya Import Lebih Banyak Minyak Berbanding Eksport - PM Anwar 

Oleh Mynewshub

KUALA LUMPUR - Meskipun Malaysia negara pengeluar minyak, tetapi Malaysia sebenarnya mengimport lebih banyak minyak berbanding yang dieksport ke luar negara.

Perdana Menteri, Datuk Seri Anwar Ibrahim berkata, keadaan itu antara faktor yang turut memberi kesan terhadap harga minyak di Malaysia disebabkan oleh konflik yang sedang berlaku di Timur Tengah.

""Sejak kenaikan harga minyak dunia susulan konflik di Asia Barat, yang dicetuskan oleh serangan rejim Israel dan Amerika Syarikat terhadap Iran, ramai yang bertanya mengapa harga minyak di Malaysia turut terkesan sedangkan kita negara pengeluar minyak.

""Sebenarnya walaupun Malaysia pengeluar minyak, kita mengimport lebih banyak minyak daripada yang dieksport,"" katanya dalam satu kenyataan di muat naik di media sosial hari ini.

Anwar yang juga Menteri Kewangan berkata, kerajaan bagaimanapun telah meningkatkan subsidi minyak daripada sekitar RM700 juta kepada RM3.2 bilion dalam tempoh kurang seminggu demi melindungi rakyat. - MYNEWSHUB

Sumber Info/Foto: Akaun Media Sosial Anwar Ibrahim",Sun Mar 22 07:43:59 +0000 2026,mynewshub,Malaysia,True,63,11,"Malaysia Sebenarnya Import Lebih Banyak Minyak Berbanding Eksport - PM Anwar Oleh Mynewshub KUALA LUMPUR - Meskipun Malaysia negara pengeluar minyak, tetapi Malaysia sebenarnya mengimport lebih banyak minyak berbanding yang dieksport ke luar negara. Perdana Menteri, Datuk Seri Anwar Ibrahim berkata, keadaan itu antara faktor yang turut memberi kesan terhadap harga minyak di Malaysia disebabkan oleh konflik yang sedang berlaku di Timur Tengah. ""Sejak kenaikan harga minyak dunia susulan konflik di Asia Barat, yang dicetuskan oleh serangan rejim Israel dan Amerika Syarikat terhadap Iran, ramai yang bertanya mengapa harga minyak di Malaysia turut terkesan sedangkan kita negara pengeluar minyak. ""Sebenarnya walaupun Malaysia pengeluar minyak, kita mengimport lebih banyak minyak daripada yang dieksport,"" katanya dalam satu kenyataan di muat naik di media sosial hari ini. Anwar yang juga Menteri Kewangan berkata, kerajaan bagaimanapun telah meningkatkan subsidi minyak daripada sekitar RM700 juta kepada RM3.2 bilion dalam tempoh kurang seminggu demi melindungi rakyat. - MYNEWSHUB Sumber Info/Foto: Akaun Media Sosial Anwar Ibrahim"
iran_minyak_kesan,2034913198705713561,"Kerajaan digesa bertindak tangani kesan konflik Asia Barat

MOHD AZLIM ZAINURY

SHAH ALAM - Kerajaan digesa tampil dengan pelan komprehensif bagi menangani kesan konflik perang di Asia Barat yang kini memasuki hari ke-21, melibatkan Amerika Syarikat dan Israel dengan Iran.

Naib Presiden Parti Pribumi Bersatu Malaysia (Bersatu), Mohd Radzi Md Jidin, berkata setakat ini tiada petunjuk jelas bahawa konflik tersebut akan berakhir dalam masa terdekat, sekali gus memberi kesan besar kepada ekonomi global dan Malaysia.

Menurutnya, penutupan Selat Hormuz yang menjadi laluan kira-kira 20 peratus minyak dunia telah memberi impak ketara, terutama apabila hampir 90 peratus minyak melalui laluan itu disalurkan ke pasaran Asia termasuk China, India, Jepun dan Korea Selatan yang juga rakan dagang utama Malaysia.

#SinarHarian #konflikAsiaBarat #Malaysia",Fri Mar 20 08:41:28 +0000 2026,SinarOnline,Malaysia,True,0,0,"Kerajaan digesa bertindak tangani kesan konflik Asia Barat MOHD AZLIM ZAINURY SHAH ALAM - Kerajaan digesa tampil dengan pelan komprehensif bagi menangani kesan konflik perang di Asia Barat yang kini memasuki hari ke-21, melibatkan Amerika Syarikat dan Israel dengan Iran. Naib Presiden Parti Pribumi Bersatu Malaysia (Bersatu), Mohd Radzi Md Jidin, berkata setakat ini tiada petunjuk jelas bahawa konflik tersebut akan berakhir dalam masa terdekat, sekali gus memberi kesan besar kepada ekonomi global dan Malaysia. Menurutnya, penutupan Selat Hormuz yang menjadi laluan kira-kira 20 peratus minyak dunia telah memberi impak ketara, terutama apabila hampir 90 peratus minyak melalui laluan itu disalurkan ke pasaran Asia termasuk China, India, Jepun dan Korea Selatan yang juga rakan dagang utama Malaysia. #SinarHarian #konflikAsiaBarat #Malaysia"
iran_minyak_kesan,2034846779825607097,"Saya tidak pasti, adakah majoriti rakyat Malaysia sedar atau belum, kesan peperangan di Iran. Kita bertahan dgn Budi95 RM1.99 hanya kerana Kerajaan Madani gunakan hasil penjimatan sebelum ini utk tambah subsidi yang meningkat berkali ganda dari biasa. Ia sudah pasti tidak akan mampu bertahan lama kalau peperangan itu berterusan. Kesan langsung kenaikan petrol tidak terlihat kerana kerajaan sedang serap impak itu. Negara² jiran sedang hadapi harga minyak yang naik berganda-ganda Harga barang juga akan dijangka naik kerana kos logistik antarabangsa juga naik. Berdoa dalam hari akhir Ramadhan ini, peperangan di Iran akan segera berakhir kerana impaknya sangat dahsyat pada negara kita jua.",Fri Mar 20 04:17:32 +0000 2026,abuhafiz1,Kuala Lumpur,True,2664,1210,"Saya tidak pasti, adakah majoriti rakyat Malaysia sedar atau belum, kesan peperangan di Iran. Kita bertahan dgn Budi95 RM1.99 hanya kerana Kerajaan Madani gunakan hasil penjimatan sebelum ini utk tambah subsidi yang meningkat berkali ganda dari biasa. Ia sudah pasti tidak akan mampu bertahan lama kalau peperangan itu berterusan. Kesan langsung kenaikan petrol tidak terlihat kerana kerajaan sedang serap impak itu. Negara² jiran sedang hadapi harga minyak yang naik berganda-ganda Harga barang juga akan dijangka naik kerana kos logistik antarabangsa juga naik. Berdoa dalam hari akhir Ramadhan ini, peperangan di Iran akan segera berakhir kerana impaknya sangat dahsyat pada negara kita jua."
iran_minyak_kesan,2033500670733725823,"minyak Malaysia kerana harga terlalu mahal.

12. Jadi sebab tulah, kenaikan harga runcit minyak adalah salah satu kesan negatif dari peperangan AS-Iran yang sedang ditanggung oleh negara kita.

13. Tapi adik jangan risau, kami rakyat Malaysia pada hakikatnya tidak terkesan..",Mon Mar 16 11:08:35 +0000 2026,ameydeen_,Malaysia,True,99,12,"minyak Malaysia kerana harga terlalu mahal. 12. Jadi sebab tulah, kenaikan harga runcit minyak adalah salah satu kesan negatif dari peperangan AS-Iran yang sedang ditanggung oleh negara kita. 13. Tapi adik jangan risau, kami rakyat Malaysia pada hakikatnya tidak terkesan.."
iran_minyak_kesan,2033333226631209155,"3. PM Anwar: Bekalan produk petroleum mencukupi sekurang-kurangnya sehingga Mei 2026 (11 Mac)

4. PM Anwar: Kerajaan tubuh jawatankuasa khas kaji kesan konflik AS–Iran, bekalan minyak negara terkawal (11 Mac)",Mon Mar 16 00:03:13 +0000 2026,BernamaTV,Kuala Lumpur,True,0,0,"3. PM Anwar: Bekalan produk petroleum mencukupi sekurang-kurangnya sehingga Mei 2026 (11 Mac) 4. PM Anwar: Kerajaan tubuh jawatankuasa khas kaji kesan konflik AS–Iran, bekalan minyak negara terkawal (11 Mac)"
iran_minyak_kesan,2032803934754963788,"Ancaman Selat Hormuz gegarkan pasaran minyak dunia

Ancaman penutupan Selat Hormuz oleh Iran susulan konflik di Asia Barat kini mencetuskan kebimbangan terhadap kestabilan bekalan tenaga dunia dan kesan rantaian kepada ekonomi global termasuk Malaysia.

Situasi itu timbul selepas Pemimpin Agung baharu Iran, Mojtaba Khamenei mengumumkan bahawa laluan perkapalan strategik tersebut mesti kekal ditutup sebagai tindak balas terhadap serangan bersama Amerika Syarikat (AS) dan Israel yang bermula pada 28 Februari lalu.

Artikel: https://t.co/sRPWp09mX9

#SinarHarian #BeritaTerkini #SelatHormuz #Iran #Israel #AS #AsiaBarat",Sat Mar 14 13:00:00 +0000 2026,SinarOnline,Malaysia,True,6,2,"Ancaman Selat Hormuz gegarkan pasaran minyak dunia Ancaman penutupan Selat Hormuz oleh Iran susulan konflik di Asia Barat kini mencetuskan kebimbangan terhadap kestabilan bekalan tenaga dunia dan kesan rantaian kepada ekonomi global termasuk Malaysia. Situasi itu timbul selepas Pemimpin Agung baharu Iran, Mojtaba Khamenei mengumumkan bahawa laluan perkapalan strategik tersebut mesti kekal ditutup sebagai tindak balas terhadap serangan bersama Amerika Syarikat (AS) dan Israel yang bermula pada 28 Februari lalu. Artikel: #SinarHarian #BeritaTerkini #SelatHormuz #Iran #Israel #AS #AsiaBarat"
iran_minyak_kesan,2032790543219175426,"Pasaran mata wang kripto kekal sangat tidak menentu, apabila harga mengalami turun naik di tengah-tengah ketidakpastian, susulan konflik geopolitik khususnya konflik di Asia Barat dan potensi kesannya terhadap bekalan minyak global.

#AWANInews
#AWANI745

https://t.co/OOxvh8l3qC",Sat Mar 14 12:06:47 +0000 2026,501Awani,Malaysia,True,1,1,"Pasaran mata wang kripto kekal sangat tidak menentu, apabila harga mengalami turun naik di tengah-tengah ketidakpastian, susulan konflik geopolitik khususnya konflik di Asia Barat dan potensi kesannya terhadap bekalan minyak global. #AWANInews #AWANI745"
iran_minyak_kesan,2031973498348863785,"PETRONAS memaklumkan kenaikan harga minyak akibat konflik Amerika Syarikat–Iran memberi kesan bercampur kepada syarikat itu. 
 
Walaupun hasil pengeluaran mungkin meningkat namun kos seperti import minyak mentah, penapisan, logistik dan insurans turut naik sekali gus memberi tekanan kepada ekonomi negara dan kewangan syarikat.",Thu Mar 12 06:00:08 +0000 2026,EkonomiRakyatMY,Kuala Lumpur,True,9,13,"PETRONAS memaklumkan kenaikan harga minyak akibat konflik Amerika Syarikat–Iran memberi kesan bercampur kepada syarikat itu. Walaupun hasil pengeluaran mungkin meningkat namun kos seperti import minyak mentah, penapisan, logistik dan insurans turut naik sekali gus memberi tekanan kepada ekonomi negara dan kewangan syarikat."
iran_minyak_kesan,2031761482942431641,"Kenaikan harga minyak mentah akan hasilkan kesan bercampur-campur - Petronas

Petronas menjelaskan kenaikan harga minyak mentah akibat konflik AS-Iran memberi kesan bercampur kepada syarikat serta ekonomi Malaysia susulan peningkatan kos rantaian bekalan dan bil import minyak

#SinarHarian #kenaikanharga #minyakmentah #kesanbercampurcampur #Petronas

https://t.co/vbkfu5sQWF",Wed Mar 11 15:57:40 +0000 2026,SinarOnline,Malaysia,True,1,1,Kenaikan harga minyak mentah akan hasilkan kesan bercampur-campur - Petronas Petronas menjelaskan kenaikan harga minyak mentah akibat konflik AS-Iran memberi kesan bercampur kepada syarikat serta ekonomi Malaysia susulan peningkatan kos rantaian bekalan dan bil import minyak #SinarHarian #kenaikanharga #minyakmentah #kesanbercampurcampur #Petronas
iran_minyak_kesan,2031747113139466272,"#BuletinBernama: Kerajaan menubuhkan satu jawatankuasa khas bagi mengkaji kesan konflik Amerika Syarikat-Iran terhadap ekonomi negara susulan ketegangan geopolitik di Asia Barat.

#digitalbernamatv #asiabarat #minyak #jawatankuasa https://t.co/d0GaZAUBZs",Wed Mar 11 15:00:34 +0000 2026,BernamaTV,Kuala Lumpur,True,0,0,#BuletinBernama: Kerajaan menubuhkan satu jawatankuasa khas bagi mengkaji kesan konflik Amerika Syarikat-Iran terhadap ekonomi negara susulan ketegangan geopolitik di Asia Barat. #digitalbernamatv #asiabarat #minyak #jawatankuasa
iran_minyak_kesan,2031661496724488423,"[Berita penuh] Kerajaan tubuh jawatankuasa khas kaji kesan konflik AS–Iran, bekalan minyak negara terkawal - Perdana Menteri Datuk Seri @anwaribrahim  

https://t.co/iwbg2Ewczd

#BernamaNews 
#KonflikAsiaBarat",Wed Mar 11 09:20:21 +0000 2026,bernamadotcom,"Kuala Lumpur, Malaysia",True,2,1,"[Berita penuh] Kerajaan tubuh jawatankuasa khas kaji kesan konflik AS–Iran, bekalan minyak negara terkawal - Perdana Menteri Datuk Seri @anwaribrahim #BernamaNews #KonflikAsiaBarat"
iran_boikot,2050102915910582416,"#TOP10
Berita popular di #SinarHarian pada 1 Mei 2026

TOP 1 l Mayat wanita ditemukan dengan kesan tikaman
https://t.co/aOzfITXuuI

TOP 2 l Trak tentera hilang kawalan rempuh plaza tol, 15 anggota cedera
https://t.co/HJl8Tr1FmQ

TOP 3 l Ultras Malaya boikot semua aksi Harimau Malaya
https://t.co/c7EwafU8lq

TOP 4 l Iran umum ‘bab baharu’ Selat Hormuz
https://t.co/6uwXQpJfeg

TOP 5 l Ringgit Malaysia kini mata wang paling kukuh di Asia
https://t.co/kFW4Cl29pr

TOP 6 l Kanak-kanak lemas: 'Itu memang anak saya' - Bapa
https://t.co/yrDJF6BZ0k

TOP 7 l Wanita ditemui dengan kesan tikaman disangka mangsa kemalangan
https://t.co/c3vkj9Q3H1

TOP 8 l Bapa nekad gadai nyawa, lindungi anak dari digilis tren laju
https://t.co/gxm8nGCPNk

TOP 9 l 'Mohon PMX batalkan pesta air di Bukit Bintang' - Dr Akmal Saleh
https://t.co/svFyFnTovg

TOP 10 l Enam jam bertarung nyawa, pemandu van maut nahas tiga kenderaan
https://t.co/J3z8soVveq",Fri May 01 06:39:58 +0000 2026,SinarOnline,Malaysia,True,2,2,"#TOP10 Berita popular di #SinarHarian pada 1 Mei 2026 TOP 1 l Mayat wanita ditemukan dengan kesan tikaman TOP 2 l Trak tentera hilang kawalan rempuh plaza tol, 15 anggota cedera TOP 3 l Ultras Malaya boikot semua aksi Harimau Malaya TOP 4 l Iran umum ‘bab baharu’ Selat Hormuz TOP 5 l Ringgit Malaysia kini mata wang paling kukuh di Asia TOP 6 l Kanak-kanak lemas: 'Itu memang anak saya' - Bapa TOP 7 l Wanita ditemui dengan kesan tikaman disangka mangsa kemalangan TOP 8 l Bapa nekad gadai nyawa, lindungi anak dari digilis tren laju TOP 9 l 'Mohon PMX batalkan pesta air di Bukit Bintang' - Dr Akmal Saleh TOP 10 l Enam jam bertarung nyawa, pemandu van maut nahas tiga kenderaan"
iran_boikot,2028346034913693956,"'Ahli Kelab Penyokong Kerajaan digesa boikot acara anjuran Kedutaan AS'

#BHnasional Bagi menunjukkan pendirian Malaysia menolak tindakan keras AS dan sekutunya Israel ke atas Iran.

https://t.co/gtV23CNZPP",Mon Mar 02 05:45:54 +0000 2026,bharianmy,Malaysia,True,62,13,'Ahli Kelab Penyokong Kerajaan digesa boikot acara anjuran Kedutaan AS' #BHnasional Bagi menunjukkan pendirian Malaysia menolak tindakan keras AS dan sekutunya Israel ke atas Iran.
iran_boikot,1958745407582085563,"LAPORAN BERITA

Kenyataan COO MyBurgerLab Undang Kecaman, Netizen Gesa Boikot

KUALA LUMPUR – Syarikat makanan segera tempatan, MyBurgerLab kini berdepan dengan kecaman hebat susulan kenyataan kontroversi yang didakwa dibuat oleh Ketua Pegawai Operasinya (COO), Andrew Chong, di media sosial.

Dalam hantaran di akaun X (Twitter) miliknya, Andrew Chong dilihat memberi komen berbunyi:

""Wow.. Slowly but surely if Malaysia is taken over by extremism, we will become Iran after the revolution ie. what you see today, and that should scare everyone.""

Kenyataan itu dikeluarkan sebagai respon kepada undang-undang mewajibkan orang lelaki sembahyang Jumaat di Terengganu.

Kenyataan itu mencetuskan kemarahan ramai pihak yang menuduh ia berbaur Islamofobia serta menyamakan pelaksanaan undang-undang syariah dengan ekstremisme. 

Beberapa pengguna media sosial menuntut tindakan boikot terhadap jenama MyBurgerLab, dengan mendakwa kejayaan perniagaan tersebut sebelum ini banyak disokong oleh pelanggan Muslim.

Seorang pengguna X menulis:
""Andrew Chong COO @myburgerlab yang menghina Agama Islam dan hukuman syariah sebagai extremism ni... Marilah boikot sampai dia miskin dan sedar diuntung, sebelum ini dia sendiri disokong oleh ekonomi orang Islam.""

Manakala seorang lagi pengguna, melalui hantaran di Instagram, menegaskan:

""Boycott MY BURGER LAB!! For me this is too much and you really don’t know your place dude!""

Gesaan boikot itu turut menjadi perbualan meluas di pelbagai platform media sosial, dengan sebahagian netizen menuntut penjelasan rasmi daripada pihak pengurusan MyBurgerLab berhubung kenyataan pegawai kanan mereka.

Setakat ini, pihak MyBurgerLab masih belum mengeluarkan sebarang kenyataan balas rasmi mengenai isu tersebut. 

Yang ada hanya kenyataan permohonan maaf ala kadar Andrew Chong di akaun media sosial miliknya.

Namun, tekanan daripada masyarakat dijangka akan terus meningkat selagi tiada penjelasan mahupun tindakan lanjut diambil. - MYNEWSHUB",Fri Aug 22 04:17:51 +0000 2025,mynewshub,Malaysia,True,139,98,"LAPORAN BERITA Kenyataan COO MyBurgerLab Undang Kecaman, Netizen Gesa Boikot KUALA LUMPUR – Syarikat makanan segera tempatan, MyBurgerLab kini berdepan dengan kecaman hebat susulan kenyataan kontroversi yang didakwa dibuat oleh Ketua Pegawai Operasinya (COO), Andrew Chong, di media sosial. Dalam hantaran di akaun X (Twitter) miliknya, Andrew Chong dilihat memberi komen berbunyi: ""Wow.. Slowly but surely if Malaysia is taken over by extremism, we will become Iran after the revolution ie. what you see today, and that should scare everyone."" Kenyataan itu dikeluarkan sebagai respon kepada undang-undang mewajibkan orang lelaki sembahyang Jumaat di Terengganu. Kenyataan itu mencetuskan kemarahan ramai pihak yang menuduh ia berbaur Islamofobia serta menyamakan pelaksanaan undang-undang syariah dengan ekstremisme. Beberapa pengguna media sosial menuntut tindakan boikot terhadap jenama MyBurgerLab, dengan mendakwa kejayaan perniagaan tersebut sebelum ini banyak disokong oleh pelanggan Muslim. Seorang pengguna X menulis: ""Andrew Chong COO @myburgerlab yang menghina Agama Islam dan hukuman syariah sebagai extremism ni... Marilah boikot sampai dia miskin dan sedar diuntung, sebelum ini dia sendiri disokong oleh ekonomi orang Islam."" Manakala seorang lagi pengguna, melalui hantaran di Instagram, menegaskan: ""Boycott MY BURGER LAB!! For me this is too much and you really don’t know your place dude!"" Gesaan boikot itu turut menjadi perbualan meluas di pelbagai platform media sosial, dengan sebahagian netizen menuntut penjelasan rasmi daripada pihak pengurusan MyBurgerLab berhubung kenyataan pegawai kanan mereka. Setakat ini, pihak MyBurgerLab masih belum mengeluarkan sebarang kenyataan balas rasmi mengenai isu tersebut. Yang ada hanya kenyataan permohonan maaf ala kadar Andrew Chong di akaun media sosial miliknya. Namun, tekanan daripada masyarakat dijangka akan terus meningkat selagi tiada penjelasan mahupun tindakan lanjut diambil. - MYNEWSHUB"
iran_boikot,1958725954077159491,"PANAS | ‘Malaysia akan menjadi Iran selepas revolusi dan ini sepatutnya menakutkan semua orang’ 

Kritik tindakan Terengganu tangani isu lelaki tidak solat Jumaat, kenyataan Andrew Chong Kah Tze, Ketua Pegawai Operasi @myBurgerLab dilihat Islamofobik, cetus laungan boikot. https://t.co/hgD1dX7EFS",Fri Aug 22 03:00:33 +0000 2025,AWATNINews,Kuala Lumpur City,True,27,21,"PANAS | ‘Malaysia akan menjadi Iran selepas revolusi dan ini sepatutnya menakutkan semua orang’ Kritik tindakan Terengganu tangani isu lelaki tidak solat Jumaat, kenyataan Andrew Chong Kah Tze, Ketua Pegawai Operasi @myBurgerLab dilihat Islamofobik, cetus laungan boikot."
iran_boikot,1719945349966733321,"Iran seru negara Islam boikot Israel, henti bekal minyak dan makanan https://t.co/17JlUgoTEH #AsiaBarat #LUARNEGARA #TERKINI",Thu Nov 02 05:11:41 +0000 2023,UMonline,Malaysia,True,279,64,"Iran seru negara Islam boikot Israel, henti bekal minyak dan makanan #AsiaBarat #LUARNEGARA #TERKINI"
iran_boikot,1719934418402570296,"Iran Sekat Ekonomi Israel #MGFlash 

Pemimpin tertinggi Iran, Ayatollah Ali Khamenei menggesa negara-negara Islam menghentikan perdagangan dengan Israel termasuk mengeksport minyak sebagai tanda boikot atas dosa mereka menyerang Gaza. https://t.co/heHih7a0mF",Thu Nov 02 04:28:14 +0000 2023,MalaysiaGazette,Kuala Lumpur,True,45,8,"Iran Sekat Ekonomi Israel #MGFlash Pemimpin tertinggi Iran, Ayatollah Ali Khamenei menggesa negara-negara Islam menghentikan perdagangan dengan Israel termasuk mengeksport minyak sebagai tanda boikot atas dosa mereka menyerang Gaza."
iran_boikot,1639782155369979904,"https://t.co/YVTEVC21xq

ITS TOO LATE bro , its too late.

Hampir semua negara Arab boikot Malaysia , gara² bodoh sombong @chedetofficial @pakatanharapan_ slps pru14.
Iran ? Iran langsung tak guna selain hanya bermibat sebar fahaman syiah shj.
Rendah nilai ekonomi https://t.co/PilbEb3Afl",Sun Mar 26 00:11:46 +0000 2023,AKUANAKWATAN,Malaysia,True,43,13,"ITS TOO LATE bro , its too late. Hampir semua negara Arab boikot Malaysia , gara² bodoh sombong @chedetofficial @pakatanharapan_ slps pru14. Iran ? Iran langsung tak guna selain hanya bermibat sebar fahaman syiah shj. Rendah nilai ekonomi"
iran_boikot,1595223046960214016,Pemain Iran meletakkan diri mereka dalam bahaya apabila enggan menyanyikan lagu kebangsaan dalam aksi pembukaan Piala Dunia menentang England kelmarin. https://t.co/yVAYVf8spW,Wed Nov 23 01:09:46 +0000 2022,UMonline,Malaysia,True,2,0,Pemain Iran meletakkan diri mereka dalam bahaya apabila enggan menyanyikan lagu kebangsaan dalam aksi pembukaan Piala Dunia menentang England kelmarin.
iran_beban,2065320771212169482,"#kualalumpur Kerajaan masih menanggung beban subsidi bahan api antara RM1,500 hingga RM1,700 sesaat pada harga minyak semasa susulan ketidaktentuan pasaran tenaga global yang dipengaruhi konflik Amerika Syarikat (AS)-Iran, sekali gus memberi tekanan kepada kedudukan fiskal negara

https://t.co/IAvvQNSDDB",Fri Jun 12 06:30:18 +0000 2026,hmetromy,Malaysia,True,0,0,"#kualalumpur Kerajaan masih menanggung beban subsidi bahan api antara RM1,500 hingga RM1,700 sesaat pada harga minyak semasa susulan ketidaktentuan pasaran tenaga global yang dipengaruhi konflik Amerika Syarikat (AS)-Iran, sekali gus memberi tekanan kepada kedudukan fiskal negara"
iran_beban,2062121069738447242,"Bitcoin adalah crypto paling sukar untuk dihalang, sebab Iran, China, Russia banyak miners

Kalau miners US dipaksa block coins Iran, Iran kene tunggu lama sikit je

Miners kat Malaysia susah dipaksa block transfers pasal banyak kongsi gelap yang mining",Wed Jun 03 10:35:50 +0000 2026,sakak_musdom,Malaysia,True,2,1,"Bitcoin adalah crypto paling sukar untuk dihalang, sebab Iran, China, Russia banyak miners Kalau miners US dipaksa block coins Iran, Iran kene tunggu lama sikit je Miners kat Malaysia susah dipaksa block transfers pasal banyak kongsi gelap yang mining"
iran_beban,2054382434196881493,"Trump akui tidak ambil kira kesan ekonomi perang terhadap rakyat AS

#SHGlobal Donald Trump mengakui tidak mempertimbangkan beban ekonomi rakyat Amerika dalam rundingan dengan Iran ketika kos tenaga di AS terus meningkat akibat konflik.

#SinarHarian #DonaldTrump #kesanekonomi #rakyatAS

https://t.co/KO0SIw7l4U",Wed May 13 02:05:15 +0000 2026,SinarOnline,Malaysia,True,1,0,Trump akui tidak ambil kira kesan ekonomi perang terhadap rakyat AS #SHGlobal Donald Trump mengakui tidak mempertimbangkan beban ekonomi rakyat Amerika dalam rundingan dengan Iran ketika kos tenaga di AS terus meningkat akibat konflik. #SinarHarian #DonaldTrump #kesanekonomi #rakyatAS
iran_beban,2045517651771109407,"Aku pernah terbaca, antara sebab claim ke atas makanan adalah paling susah atas sebab kewujudan ""rosetta cookies"" macam ni.

Ada terlalu banyak budaya yang ada kuih ni.
Malaysia, Indonesia, India, Sri Lanka, Iran, malah Mexico.",Sat Apr 18 14:59:46 +0000 2026,sjfi_twider,"Melaka Mandate of Langkasuka
",True,38,7,"Aku pernah terbaca, antara sebab claim ke atas makanan adalah paling susah atas sebab kewujudan ""rosetta cookies"" macam ni. Ada terlalu banyak budaya yang ada kuih ni. Malaysia, Indonesia, India, Sri Lanka, Iran, malah Mexico."
iran_petronas,2080561354088570967,"Satu lagi kapal PETRONAS lepasi Selat Hormuz, tiba di Melaka awal Ogos – PM

#BHnasional Kejayaan ini hasil kebijaksanaan dasar luar Malaysia, kekal hubungan baik dengan Iran

https://t.co/GUbbopBeDj",Fri Jul 24 07:50:56 +0000 2026,bharianmy,Malaysia,True,1,1,"Satu lagi kapal PETRONAS lepasi Selat Hormuz, tiba di Melaka awal Ogos – PM #BHnasional Kejayaan ini hasil kebijaksanaan dasar luar Malaysia, kekal hubungan baik dengan Iran"
iran_petronas,2080553564829589692,"Malaysia berjaya memastikan sebuah lagi kapal tangki PETRONAS melalui Selat Hormuz dan dijangka tiba di Melaka awal Ogos ini.

Perdana Menteri, Datuk Seri Anwar Ibrahim berkata, kelulusan laluan itu diberikan Kerajaan Iran meskipun Selat Hormuz ditutup susulan konflik Iran dan Amerika Syarikat (AS). https://t.co/O4gfVlxfBx",Fri Jul 24 07:19:59 +0000 2026,BuletinTV3,"Jalan Riong, Bangsar, KL",True,0,0,"Malaysia berjaya memastikan sebuah lagi kapal tangki PETRONAS melalui Selat Hormuz dan dijangka tiba di Melaka awal Ogos ini. Perdana Menteri, Datuk Seri Anwar Ibrahim berkata, kelulusan laluan itu diberikan Kerajaan Iran meskipun Selat Hormuz ditutup susulan konflik Iran dan Amerika Syarikat (AS)."
iran_petronas,2045366713080844699,"Berita baik untuk rakyat Malaysia! Sebuah kapal minyak Petronas dah selamat sampai Pengerang. Syukur usaha pantas PM @anwaribrahim berhubung terus dengan Presiden Iran membuahkan hasil walaupun geopolitik kat sana tengah tegang.

Macam mana dengan kapal yang lain?
✅ 1 dah sampai Pengerang.
⏳ 1 lagi on the way.
🛠️ 1 terkandas sebab rosak.
⚠️ 4 lagi tengah tunggu pergerakan (dah dapat lampu hijau dari Iran).

Jom sama-sama kita doakan semua baki kapal dan anak kapal kita pulang dengan selamat! 🤲🏼🇲🇾

#krisistenagaglobal #kapalminyak #MalaysiaMADANI #anwaribrahim #keadilanuntuksemua",Sat Apr 18 05:00:00 +0000 2026,jasonyew,Kuala Lumpur,True,137,36,Berita baik untuk rakyat Malaysia! Sebuah kapal minyak Petronas dah selamat sampai Pengerang. Syukur usaha pantas PM @anwaribrahim berhubung terus dengan Presiden Iran membuahkan hasil walaupun geopolitik kat sana tengah tegang. Macam mana dengan kapal yang lain? ✅ 1 dah sampai Pengerang. ⏳ 1 lagi on the way. 🛠️ 1 terkandas sebab rosak. ⚠️ 4 lagi tengah tunggu pergerakan (dah dapat lampu hijau dari Iran). Jom sama-sama kita doakan semua baki kapal dan anak kapal kita pulang dengan selamat! 🤲🏼🇲🇾 #krisistenagaglobal #kapalminyak #MalaysiaMADANI #anwaribrahim #keadilanuntuksemua
iran_petronas,2044655287244890316,Malaysia's Petronas to supply excess fuel to Australia as leaders vow closer energy ties https://t.co/Box0UfVkQ9,Thu Apr 16 05:53:02 +0000 2026,rozlatiff,"Kuala Lumpur, Malaysia",True,2,1,Malaysia's Petronas to supply excess fuel to Australia as leaders vow closer energy ties
iran_petronas,2044291796663165372,"𝗣𝗘𝗡𝗚𝗘𝗟𝗨𝗔𝗥𝗔𝗡 𝗠𝗜𝗡𝗬𝗔𝗞 𝗠𝗘𝗡𝗧𝗔𝗛 𝗡𝗘𝗚𝗔𝗥𝗔 𝗝𝗔𝗧𝗨𝗛 𝗠𝗘𝗡𝗗𝗔𝗗𝗔𝗞: 𝗦𝗔𝗟𝗔𝗛 𝗦𝗜𝗔𝗣𝗔?

Saya berharap krisis tenaga yang berlaku akibat serangan US-Israel ke atas Iran akan buka peluang kepada lebih ramai rakyat Malaysia memahami persimpangan yang kita lalui.

Saya sudah terangkan fakta yang tidak boleh disangkal oleh sesiapa pun: pengeluaran minyak mentah negara telah berkurangan separuh dari lebih 700,000 tong sehari di kemuncaknya dua dekah dahulu, kepada sekitar 340,000 tong sehari sekarang.

Ada yang bertanya: kenapa PETRONAS tak pergi gali dan keluarkan lebih banyak minyak mentah?

Sebab minyak ini emas hitam yang Allah bagi kepada kita. Kalau dah habis, habislah.

Saya terangkan dalam video ini beberapa perkara:

- Kenapa pengeluaran minyak turun mendadak

- Struktur kos industri minyak - berapa keuntungan PETRONAS untuk setiap tong minyak

dan menjawab mengenai masa depan PETRONAS dan sumber minyak negara secara amnya.

Untuk memahami lebih lanjut, tonton video penuh penerangan isu ini:
https://t.co/nv3NFk9bpb",Wed Apr 15 05:48:40 +0000 2026,rafiziramli,Kuala Lumpur City,True,244,97,"𝗣𝗘𝗡𝗚𝗘𝗟𝗨𝗔𝗥𝗔𝗡 𝗠𝗜𝗡𝗬𝗔𝗞 𝗠𝗘𝗡𝗧𝗔𝗛 𝗡𝗘𝗚𝗔𝗥𝗔 𝗝𝗔𝗧𝗨𝗛 𝗠𝗘𝗡𝗗𝗔𝗗𝗔𝗞: 𝗦𝗔𝗟𝗔𝗛 𝗦𝗜𝗔𝗣𝗔? Saya berharap krisis tenaga yang berlaku akibat serangan US-Israel ke atas Iran akan buka peluang kepada lebih ramai rakyat Malaysia memahami persimpangan yang kita lalui. Saya sudah terangkan fakta yang tidak boleh disangkal oleh sesiapa pun: pengeluaran minyak mentah negara telah berkurangan separuh dari lebih 700,000 tong sehari di kemuncaknya dua dekah dahulu, kepada sekitar 340,000 tong sehari sekarang. Ada yang bertanya: kenapa PETRONAS tak pergi gali dan keluarkan lebih banyak minyak mentah? Sebab minyak ini emas hitam yang Allah bagi kepada kita. Kalau dah habis, habislah. Saya terangkan dalam video ini beberapa perkara: - Kenapa pengeluaran minyak turun mendadak - Struktur kos industri minyak - berapa keuntungan PETRONAS untuk setiap tong minyak dan menjawab mengenai masa depan PETRONAS dan sumber minyak negara secara amnya. Untuk memahami lebih lanjut, tonton video penuh penerangan isu ini:"
iran_petronas,2044247588707414139,"🔥 @MCMC_RASMI Siasat Penyebar Berita Palsu Isu Pembekalan Diesel Ke Filipina

📌 Tindakan MCMC: Suruhanjaya Komunikasi dan Multimedia Malaysia (MCMC) telah merakam keterangan seorang individu dan menyita peranti komunikasinya kerana disyaki menyebar berita palsu mengenai penghantaran 329,000 tong diesel ke Filipina.

📌 Fakta Sebenar: Pihak berkuasa mengesahkan diesel berkenaan adalah milik syarikat perdagangan Vitol, dan bukannya milik Petronas mahupun Kerajaan Malaysia.

📌 Kertas Siasatan: Setakat 14 April 2026, sebanyak 47 kertas siasatan telah dibuka berhubung penyebaran berita palsu krisis tenaga global susulan konflik di Asia Barat.

📌 Dakwaan Palsu Lain: Selain isu diesel, berita palsu yang sedang tular termasuklah dakwaan kenaikan melampau harga bahan api dan tarif elektrik, kapal Malaysia membayar tol kepada Iran di Selat Hormuz, serta subsidi BUDI95 diberikan kepada warga Singapura.

📌 Hukuman: Kes disiasat di bawah Seksyen 233 Akta Komunikasi dan Multimedia 1998, yang membawa hukuman denda maksimum RM500,000 atau penjara sehingga dua tahun, atau kedua-duanya sekali jika sabit kesalahan.

MCMC menegaskan bahawa tindakan tegas akan diambil terhadap mana-mana pihak yang menyalahgunakan platform digital untuk mengelirukan orang ramai.",Wed Apr 15 02:53:00 +0000 2026,jasonyew,Kuala Lumpur,True,85,39,"🔥 @MCMC_RASMI Siasat Penyebar Berita Palsu Isu Pembekalan Diesel Ke Filipina 📌 Tindakan MCMC: Suruhanjaya Komunikasi dan Multimedia Malaysia (MCMC) telah merakam keterangan seorang individu dan menyita peranti komunikasinya kerana disyaki menyebar berita palsu mengenai penghantaran 329,000 tong diesel ke Filipina. 📌 Fakta Sebenar: Pihak berkuasa mengesahkan diesel berkenaan adalah milik syarikat perdagangan Vitol, dan bukannya milik Petronas mahupun Kerajaan Malaysia. 📌 Kertas Siasatan: Setakat 14 April 2026, sebanyak 47 kertas siasatan telah dibuka berhubung penyebaran berita palsu krisis tenaga global susulan konflik di Asia Barat. 📌 Dakwaan Palsu Lain: Selain isu diesel, berita palsu yang sedang tular termasuklah dakwaan kenaikan melampau harga bahan api dan tarif elektrik, kapal Malaysia membayar tol kepada Iran di Selat Hormuz, serta subsidi BUDI95 diberikan kepada warga Singapura. 📌 Hukuman: Kes disiasat di bawah Seksyen 233 Akta Komunikasi dan Multimedia 1998, yang membawa hukuman denda maksimum RM500,000 atau penjara sehingga dua tahun, atau kedua-duanya sekali jika sabit kesalahan. MCMC menegaskan bahawa tindakan tegas akan diambil terhadap mana-mana pihak yang menyalahgunakan platform digital untuk mengelirukan orang ramai."
iran_petronas,2041668435336101950,"#NSTnation  The Ocean Thunder, chartered by Petco, a unit of Petronas, is among seven Malaysia-linked vessels cleared by Iran to transit the Strait of Hormuz.

https://t.co/EozkMclPeb https://t.co/qehOXnB8NW",Wed Apr 08 00:04:22 +0000 2026,NST_Online,Malaysia,True,1,1,"#NSTnation The Ocean Thunder, chartered by Petco, a unit of Petronas, is among seven Malaysia-linked vessels cleared by Iran to transit the Strait of Hormuz."
iran_petronas,2041120002225606852,"#FMTNews Embassy’s statement comes amid reports a Petronas-chartered tanker carrying Iraqi crude has safely made the passage.

Full Article: https://t.co/dc9bbwho6C https://t.co/ZYvb7H44nK",Mon Apr 06 11:45:05 +0000 2026,fmtoday,Malaysia,True,12,3,#FMTNews Embassy’s statement comes amid reports a Petronas-chartered tanker carrying Iraqi crude has safely made the passage. Full Article:
iran_petronas,2040980345865322634,"An oil tanker, carrying Iraqi crude and chartered by PETRONAS subsidiary Petco, has passed through the Strait of Hormuz en route to Pengerang in Johor.

Sources told Reuters the vessel is among seven Malaysia-linked ships cleared by Iran to transit the route.

🧵1 https://t.co/R5GygHUPqB",Mon Apr 06 02:30:08 +0000 2026,NewsBFM,Kuala Lumpur,True,672,289,"An oil tanker, carrying Iraqi crude and chartered by PETRONAS subsidiary Petco, has passed through the Strait of Hormuz en route to Pengerang in Johor. Sources told Reuters the vessel is among seven Malaysia-linked ships cleared by Iran to transit the route. 🧵1"
iran_petronas,2040813899357057360,"The tanker - which data showed was chartered by Petco, a ​unit of Malaysia's Petronas - is among seven Malaysia-linked vessels cleared by ​Iran to transit the Strait of Hormuz, two people familiar with the matter told Reuters.

https://t.co/66JsAiMESk",Sun Apr 05 15:28:44 +0000 2026,rozlatiff,"Kuala Lumpur, Malaysia",True,8,4,"The tanker - which data showed was chartered by Petco, a ​unit of Malaysia's Petronas - is among seven Malaysia-linked vessels cleared by ​Iran to transit the Strait of Hormuz, two people familiar with the matter told Reuters."
iran_petronas,2038961880132391004,"Duta Besar Iran mengesahkan 7 kapal milik Malaysia, termasuk aset Petronas dan MISC, dibenarkan melintasi Selat Hormuz tanpa sebarang bayaran. 

Keputusan Tehran ini mencerminkan hubungan akrab diplomatik Malaysia-Iran, di mana Malaysia diberikan keutamaan laluan tanpa gangguan. https://t.co/seLB9yKBwk",Tue Mar 31 12:49:28 +0000 2026,MadaniNomics,Malaysia,True,52,14,"Duta Besar Iran mengesahkan 7 kapal milik Malaysia, termasuk aset Petronas dan MISC, dibenarkan melintasi Selat Hormuz tanpa sebarang bayaran. Keputusan Tehran ini mencerminkan hubungan akrab diplomatik Malaysia-Iran, di mana Malaysia diberikan keutamaan laluan tanpa gangguan."
iran_petronas,2038921562913481016,"Kapal milik Malaysia dibenarkan melayari Selat Hormuz dengan selamat tanpa dikenakan sebarang tol, menurut Duta Besar Iran ke Malaysia, Valiollah Mohammadi Nasrabadi.

Beliau berkata Tehran telah dimaklumkan mengenai tujuh kapal milik Malaysia yang berhasrat untuk transit di selat berkenaan di tengah ketegangan serantau yang semakin meningkat, dan mengesahkan kapal-kapal tersebut akan dibenarkan melalui laluan itu kerana hubungan baik antara kedua-dua negara.

Tujuh kapal berkenaan terdiri daripada tiga milik Petronas, dua milik MISC Bhd, serta masing-masing satu milik Sapura Energy dan Shapadu Corporation Sdn Bhd, yang kini menunggu isyarat kebenaran untuk melalui laluan strategik itu.

Menurut Iran, Selat Hormuz masih terbuka kepada perkapalan antarabangsa, namun akses mungkin dihadkan kepada negara tertentu yang terlibat atau menyokong serangan terhadap negara tersebut.

📸: BERNAMA

#Rakitamy",Tue Mar 31 10:09:16 +0000 2026,Rakitamy,Malaysia,True,2,0,"Kapal milik Malaysia dibenarkan melayari Selat Hormuz dengan selamat tanpa dikenakan sebarang tol, menurut Duta Besar Iran ke Malaysia, Valiollah Mohammadi Nasrabadi. Beliau berkata Tehran telah dimaklumkan mengenai tujuh kapal milik Malaysia yang berhasrat untuk transit di selat berkenaan di tengah ketegangan serantau yang semakin meningkat, dan mengesahkan kapal-kapal tersebut akan dibenarkan melalui laluan itu kerana hubungan baik antara kedua-dua negara. Tujuh kapal berkenaan terdiri daripada tiga milik Petronas, dua milik MISC Bhd, serta masing-masing satu milik Sapura Energy dan Shapadu Corporation Sdn Bhd, yang kini menunggu isyarat kebenaran untuk melalui laluan strategik itu. Menurut Iran, Selat Hormuz masih terbuka kepada perkapalan antarabangsa, namun akses mungkin dihadkan kepada negara tertentu yang terlibat atau menyokong serangan terhadap negara tersebut. 📸: BERNAMA #Rakitamy"
iran_petronas,2038892995731407278,"#FMTBusiness Shares of the petrochemical producer are set to finish the month at the top of the MSCI Asia benchmark after a 102% climb since the war in Iran began.

Full Article: https://t.co/Sin5NzTJnV https://t.co/Zq7ctMDL3E",Tue Mar 31 08:15:45 +0000 2026,fmtoday,Malaysia,True,6,1,#FMTBusiness Shares of the petrochemical producer are set to finish the month at the top of the MSCI Asia benchmark after a 102% climb since the war in Iran began. Full Article:
iran_petronas,2038621737336639806,"Perang IRAN-US yang cetus krisis tenaga dan minyak patut memberi pengajaran kepada Kerajaan Malaysia.

Tetapi sayangnya, Kerajaan masih gagal fahami perkara asas dalam mencari alternatif kepada sumber minyak & gas.

Tenaga yang bersih dan lebih mudah! Patutnya Biofuel bukannya tenaga nuklear. Tenaga nuklear memang bersih tetapi tidak mudah dan tidak murah.

Yang kat depan mata xnak dibuat tetapi yang jauh di pandangan pula dicari. 

Walhal 21 Mac 2006 Kerajaan telah lancarkan Biofuel B5. 

Maksudnya dah lama ada dasar. 

Kini dah 20 tahun. Tetapi kita masih berada pada tahap B20. 

Ini buktikan bahawa kita gagal.

Dasar tinggal di atas kertas. 

Sebab berubah Menteri berubah fokus. Yang menerima nasib adalah rakyat dan Negara akibat kecuaian pembuat dasar.

Indonesia dah mula guna B40 sejak awal 2025 untuk kurangkan kebergantungan pada bahan api import.

Sekarang susulan perang Iran-US, mereka tengah bergerak ke arah B50 pula, dengan sasaran 15.6 bilion liter pengeluaran menjelang 2026 dijangka jimat sekitar USD 8.3 bilion daripada import diesel fosil.

Ini contoh pelaksanaan realistik. 

Fun fact: Malaysia yang ajar Indonesia bidang Olechemicals

Walapun dari segi blend, Indonesia kedepan. Mereka terlalu bergantung kepada generasi 1 biofuel.

Kini generasi biofuel sudah ke generasi 4/5. Banyak kajian dan penyelidikan sudah tersedia terbukti dengan hasil di Malaysia. 

Malaysia amat kaya dengan industri kelapa sawit.

Industri kelapa sawit hasilkan byproduct/waste iaitu Palm Fatty Acid Distillate (PFAD) yang amat banyak. PFAD mampu dijadikan sebagai biofuel.

Kerana kandungan FFA yang tinggi menjadikannya bahan mentah yang sesuai untuk sintesis biodiesel melalui tindak balas esterifikasi dan transesterifikasi.

Still kerajaan gagal integratekan industri biofuel dan industri kelapa sawit.

Tapi kenapa Kerajaan tak bersungguh dalam hal ini?

Sebab kita terlalu selesa dengan kehadiran. PETRONAS. Jadi kita tak kan fikir tentang biofuel sehingga reservoir minyak negara kering sepenuhnya.

Lepas itu baru gelabah dan terhegeh-hegeh mencari alternatif seperti biofuel. 

Kalau ikutkan dah 20 tahun pun patut dah Biofuel B100 fully dilaksanakan.

Hmmmmm",Mon Mar 30 14:17:52 +0000 2026,TeshKumarSangar,Malaysia,True,5,6,"Perang IRAN-US yang cetus krisis tenaga dan minyak patut memberi pengajaran kepada Kerajaan Malaysia. Tetapi sayangnya, Kerajaan masih gagal fahami perkara asas dalam mencari alternatif kepada sumber minyak & gas. Tenaga yang bersih dan lebih mudah! Patutnya Biofuel bukannya tenaga nuklear. Tenaga nuklear memang bersih tetapi tidak mudah dan tidak murah. Yang kat depan mata xnak dibuat tetapi yang jauh di pandangan pula dicari. Walhal 21 Mac 2006 Kerajaan telah lancarkan Biofuel B5. Maksudnya dah lama ada dasar. Kini dah 20 tahun. Tetapi kita masih berada pada tahap B20. Ini buktikan bahawa kita gagal. Dasar tinggal di atas kertas. Sebab berubah Menteri berubah fokus. Yang menerima nasib adalah rakyat dan Negara akibat kecuaian pembuat dasar. Indonesia dah mula guna B40 sejak awal 2025 untuk kurangkan kebergantungan pada bahan api import. Sekarang susulan perang Iran-US, mereka tengah bergerak ke arah B50 pula, dengan sasaran 15.6 bilion liter pengeluaran menjelang 2026 dijangka jimat sekitar USD 8.3 bilion daripada import diesel fosil. Ini contoh pelaksanaan realistik. Fun fact: Malaysia yang ajar Indonesia bidang Olechemicals Walapun dari segi blend, Indonesia kedepan. Mereka terlalu bergantung kepada generasi 1 biofuel. Kini generasi biofuel sudah ke generasi 4/5. Banyak kajian dan penyelidikan sudah tersedia terbukti dengan hasil di Malaysia. Malaysia amat kaya dengan industri kelapa sawit. Industri kelapa sawit hasilkan byproduct/waste iaitu Palm Fatty Acid Distillate (PFAD) yang amat banyak. PFAD mampu dijadikan sebagai biofuel. Kerana kandungan FFA yang tinggi menjadikannya bahan mentah yang sesuai untuk sintesis biodiesel melalui tindak balas esterifikasi dan transesterifikasi. Still kerajaan gagal integratekan industri biofuel dan industri kelapa sawit. Tapi kenapa Kerajaan tak bersungguh dalam hal ini? Sebab kita terlalu selesa dengan kehadiran. PETRONAS. Jadi kita tak kan fikir tentang biofuel sehingga reservoir minyak negara kering sepenuhnya. Lepas itu baru gelabah dan terhegeh-hegeh mencari alternatif seperti biofuel. Kalau ikutkan dah 20 tahun pun patut dah Biofuel B100 fully dilaksanakan. Hmmmmm"
iran_petronas,2037815635107856713,"'Harga minyak naik akibat konflik di Asia Barat tak bermakna dividen tinggi daripada PETRONAS kepada kerajaan' - Muhammad Kamil

#BHNasional Negara turut import minyak, 50 peratus daripadanya melalui laluan Selat Hormuz di Iran.

https://t.co/7Itvyexwu7",Sat Mar 28 08:54:42 +0000 2026,bharianmy,Malaysia,True,2,0,"'Harga minyak naik akibat konflik di Asia Barat tak bermakna dividen tinggi daripada PETRONAS kepada kerajaan' - Muhammad Kamil #BHNasional Negara turut import minyak, 50 peratus daripadanya melalui laluan Selat Hormuz di Iran."
iran_petronas,2037697701127598204,Malaysia eyes Petronas’ global investments for fuel supply buffer as US-Iran crisis worsens https://t.co/IFNuDFjv66 https://t.co/2KQP4Ri6kq,Sat Mar 28 01:06:05 +0000 2026,malaymail,Malaysia,True,10,1,Malaysia eyes Petronas’ global investments for fuel supply buffer as US-Iran crisis worsens
iran_petronas,2037152254852292716,"PM Anwar thanks Iran’s President Masoud Pezeshkian for allowing Malaysian oil tankers safe passage through the Strait of Hormuz, ensuring continued energy supply amid West Asia tensions.
https://t.co/kvRq6sdQ33

#Malaysia #AnwarIbrahim #StraitOfHormuz #Petronas #EnergySecurity https://t.co/Wr4LmgpZch",Thu Mar 26 12:58:40 +0000 2026,theborneopost,"Malaysia, Sarawak, Kuching",True,2,1,"PM Anwar thanks Iran’s President Masoud Pezeshkian for allowing Malaysian oil tankers safe passage through the Strait of Hormuz, ensuring continued energy supply amid West Asia tensions. #Malaysia #AnwarIbrahim #StraitOfHormuz #Petronas #EnergySecurity"
iran_subsidi,2096996668092846388,"#tehran #Global Kerajaan Iran mengumumkan kenaikan mendadak harga bahan api ketika negara itu berdepan krisis ekonomi yang teruk sejak perang bermula, lapor Agensi Berita Jerman (dpa).
https://t.co/VbaT8d1RIZ",Mon Sep 07 16:19:00 +0000 2026,hmetromy,Malaysia,True,2,1,"#tehran #Global Kerajaan Iran mengumumkan kenaikan mendadak harga bahan api ketika negara itu berdepan krisis ekonomi yang teruk sejak perang bermula, lapor Agensi Berita Jerman (dpa)."
iran_subsidi,2050019720137699553,"Banyak krisis kita pernah lalui.
Perang iran iraq.
Perang iraq.
Krisis kewangan asia.
Pandemik covid19.
Kerajaan ketika itu mampu menghadapinya tanpa menjejaskan kepentingan rakyat.
Tiba kerajaan madani, berdegar2 jaja sasar subsidi boleh jimat bilion2.
Bijak sungguh anwar et al.",Fri May 01 01:09:23 +0000 2026,HudSalihudin,Malaysia,True,3,1,"Banyak krisis kita pernah lalui. Perang iran iraq. Perang iraq. Krisis kewangan asia. Pandemik covid19. Kerajaan ketika itu mampu menghadapinya tanpa menjejaskan kepentingan rakyat. Tiba kerajaan madani, berdegar2 jaja sasar subsidi boleh jimat bilion2. Bijak sungguh anwar et al."
iran_subsidi,2046211834987028781,"[MEJA BULAT] KRISIS TENAGA & KELESTARIAN SUBSIDI: APA NASIB RAKYAT MARHAEN? 

Krisis Asia Barat melibatkan perang AS-Israel dengan Iran dan sekatan di Selat Hormuz meninggalkan impak besar kepada ekonomi negara, secara langsung menjejaskan rakyat marhaen termasuk pesawah, usahawan perusahaan mikro, kecil dan sederhana (PMKS), pengusaha bas sekolah dan lain-lain.

Penerusan subsidi bahan api melalui BUDI95 dan Sistem Kawalan Diesel Bersubsidi (SKDS) menelan kos tinggi - sehingga RM6 bilion sebulan berbanding RM700 juta sebulan sebelum perang.

Apakah jalan tengah antara pelaksanaan subsidi bersasar lebih ketat dengan menjaga kebajikan rakyat khususnya berpendapatan rendah dan sederhana?

Dengarkan perbahasan pakar dalam Meja Bulat pada 21 April 2026 (Selasa) jam 3 petang di Studio F, Sinar Harian!

#MejaBulat #SinarHarian #SuaraRakyat #KrisisTenaga #AsiaBarat #SelatHormuz #ekonomi #PMKS #BUDI95 #SKDS #MalaysiaMadani",Mon Apr 20 12:58:12 +0000 2026,SinarOnline,Malaysia,True,1,0,"[MEJA BULAT] KRISIS TENAGA & KELESTARIAN SUBSIDI: APA NASIB RAKYAT MARHAEN? Krisis Asia Barat melibatkan perang AS-Israel dengan Iran dan sekatan di Selat Hormuz meninggalkan impak besar kepada ekonomi negara, secara langsung menjejaskan rakyat marhaen termasuk pesawah, usahawan perusahaan mikro, kecil dan sederhana (PMKS), pengusaha bas sekolah dan lain-lain. Penerusan subsidi bahan api melalui BUDI95 dan Sistem Kawalan Diesel Bersubsidi (SKDS) menelan kos tinggi - sehingga RM6 bilion sebulan berbanding RM700 juta sebulan sebelum perang. Apakah jalan tengah antara pelaksanaan subsidi bersasar lebih ketat dengan menjaga kebajikan rakyat khususnya berpendapatan rendah dan sederhana? Dengarkan perbahasan pakar dalam Meja Bulat pada 21 April 2026 (Selasa) jam 3 petang di Studio F, Sinar Harian! #MejaBulat #SinarHarian #SuaraRakyat #KrisisTenaga #AsiaBarat #SelatHormuz #ekonomi #PMKS #BUDI95 #SKDS #MalaysiaMadani"
iran_subsidi,2043964209684459908,"[MEJA BULAT] KRISIS TENAGA & KELESTARIAN SUBSIDI: APA NASIB RAKYAT MARHAEN? 

Krisis Asia Barat melibatkan perang AS-Israel dengan Iran dan sekatan di Selat Hormuz meninggalkan impak besar kepada ekonomi negara, secara langsung menjejaskan rakyat marhaen termasuk pesawah, usahawan perusahaan mikro, kecil dan sederhana (PMKS), pengusaha bas sekolah dan lain-lain.

Penerusan subsidi bahan api melalui BUDI95 dan Sistem Kawalan Diesel Bersubsidi (SKDS) menelan kos tinggi - sehingga RM6 bilion sebulan berbanding RM700 juta sebulan sebelum perang.

Apakah jalan tengah antara pelaksanaan subsidi bersasar lebih ketat dengan menjaga kebajikan rakyat khususnya berpendapatan rendah dan sederhana?

Dengarkan perbahasan pakar dalam rakaman Meja Bulat pada 16 April 2026 (Khamis) jam 2 petang di Studio F, Sinar Harian!

#MejaBulat #SinarHarian #SuaraRakyat #KrisisTenaga #AsiaBarat #SelatHormuz #ekonomi #PMKS #BUDI95 #SKDS #MalaysiaMadani",Tue Apr 14 08:06:57 +0000 2026,SinarOnline,Malaysia,True,0,1,"[MEJA BULAT] KRISIS TENAGA & KELESTARIAN SUBSIDI: APA NASIB RAKYAT MARHAEN? Krisis Asia Barat melibatkan perang AS-Israel dengan Iran dan sekatan di Selat Hormuz meninggalkan impak besar kepada ekonomi negara, secara langsung menjejaskan rakyat marhaen termasuk pesawah, usahawan perusahaan mikro, kecil dan sederhana (PMKS), pengusaha bas sekolah dan lain-lain. Penerusan subsidi bahan api melalui BUDI95 dan Sistem Kawalan Diesel Bersubsidi (SKDS) menelan kos tinggi - sehingga RM6 bilion sebulan berbanding RM700 juta sebulan sebelum perang. Apakah jalan tengah antara pelaksanaan subsidi bersasar lebih ketat dengan menjaga kebajikan rakyat khususnya berpendapatan rendah dan sederhana? Dengarkan perbahasan pakar dalam rakaman Meja Bulat pada 16 April 2026 (Khamis) jam 2 petang di Studio F, Sinar Harian! #MejaBulat #SinarHarian #SuaraRakyat #KrisisTenaga #AsiaBarat #SelatHormuz #ekonomi #PMKS #BUDI95 #SKDS #MalaysiaMadani"
iran_subsidi,2043531514898706768,"Persatuan perniagaan berkata jurang perbezaan yang semakin melebar antara harga subsidi dan harga pasaran untuk bahan api, di samping kos tambahan untuk pembelian digital, adalah antara sebab stesen minyak tertentu di negara ini kehabisan bahan api.

Ini meskipun terdapat jaminan kerajaan bahawa Malaysia mempunyai petrol dan diesel yang mencukupi sehingga akhir Mei ketika bekalan global terus berkurangan disebabkan oleh perang Iran-AS-Israel.

Presiden Persatuan Pengusaha Stesen Minyak Bumiputera Malaysia (Bumipeda) Abdul Aziz Sapian memberitahu Malaysiakini bahawa sebarang gangguan bekalan melangkaui isu logistik sementara. 

Berita penuh: https://t.co/DdIoPDxP6d",Mon Apr 13 03:27:34 +0000 2026,mkini_bm,Kuala Lumpur,True,14,6,"Persatuan perniagaan berkata jurang perbezaan yang semakin melebar antara harga subsidi dan harga pasaran untuk bahan api, di samping kos tambahan untuk pembelian digital, adalah antara sebab stesen minyak tertentu di negara ini kehabisan bahan api. Ini meskipun terdapat jaminan kerajaan bahawa Malaysia mempunyai petrol dan diesel yang mencukupi sehingga akhir Mei ketika bekalan global terus berkurangan disebabkan oleh perang Iran-AS-Israel. Presiden Persatuan Pengusaha Stesen Minyak Bumiputera Malaysia (Bumipeda) Abdul Aziz Sapian memberitahu Malaysiakini bahawa sebarang gangguan bekalan melangkaui isu logistik sementara. Berita penuh:"
iran_subsidi,2042623766992409043,"Korang kena faham satu benda pasal harga minyak. 

MOPS tu harga trading kat Singapore bukan kos sebenar refinery Malaysia keluarkan minyak.

Normally takpe, MOPS okay la sebagai benchmark. Tapi sekarang ni zaman gila ~ Iran-US panas, Trump  hentam global trade, sanctions sana sini.

Diesel MOPS naik sampai $290/barrel sedangkan kos production refinery kita around $150 je. Crack spread tu bukan kos ~ tu harga FEAR traders kat Singapore.

Tapi sebab kerajaan guna MOPS sebagai rujukan subsidi, kita bayar subsidi atas harga $290 tu.

Duit rakyat mengalir jadi windfall profit untuk refiner. Yang paling bodoh , APM takde circuit breaker. Takde cap.

Bila market gila, subsidi pun ikut gila. Kita perlukan dual-mode pricing: MOPS masa normal, weighted average masa krisis.

Kalau tak, setiap kali geopolitik panas, rakyat yang tanggung. Refiner untung, fiskal bocor, rakyat kena. 

Tale as old as time.",Fri Apr 10 15:20:30 +0000 2026,khalidkarim,Malaysia,True,8,1,"Korang kena faham satu benda pasal harga minyak. MOPS tu harga trading kat Singapore bukan kos sebenar refinery Malaysia keluarkan minyak. Normally takpe, MOPS okay la sebagai benchmark. Tapi sekarang ni zaman gila ~ Iran-US panas, Trump hentam global trade, sanctions sana sini. Diesel MOPS naik sampai $290/barrel sedangkan kos production refinery kita around $150 je. Crack spread tu bukan kos ~ tu harga FEAR traders kat Singapore. Tapi sebab kerajaan guna MOPS sebagai rujukan subsidi, kita bayar subsidi atas harga $290 tu. Duit rakyat mengalir jadi windfall profit untuk refiner. Yang paling bodoh , APM takde circuit breaker. Takde cap. Bila market gila, subsidi pun ikut gila. Kita perlukan dual-mode pricing: MOPS masa normal, weighted average masa krisis. Kalau tak, setiap kali geopolitik panas, rakyat yang tanggung. Refiner untung, fiskal bocor, rakyat kena. Tale as old as time."
iran_subsidi,2041810922621333553,"Malaysia tidak terkesan secara langsung oleh sekatan di laluan Selat Hormuz? 

70% import minyak mentah Malaysia dari Asia Barat tu kena lalu Selat Hormuz apa yang tak terkesannya?

Lepas sebulan lebih baru Iran bagi satu tanker yang bawak Malaysia punya minyak mentah lepas. Apa yang tak terkesan? 

Lepas tu Presiden PAS cakap Malaysia banyak sumber, tak patut naikkan harga minyak. Memang Malaysia ada sumber, sebagai pengeluar minyak, pengeluaran minyak Malaysia tiap-tiap tahun menurun. 

Pengeluaran minyak Malaysia dah memuncak tahun 2004 lagi lepas tu menurun setiap tahun. 

Sejak 2018 pengeluaran minyak mentah negara jatuh daripada 197.4 juta tong (2018) sekarang (2025) tinggal 124.6 juta tong turun dekat 40% jatuh. 

Nak taknak kena buat subsidi bersasar, hentikan subsidi pukal. 

Kalau dulu harga minyak masak, ayam, telur naik melambung-lambung tak boleh kawal sebab faktor luaran, jangan cakap harga minyak petroleum la.",Wed Apr 08 09:30:33 +0000 2026,syahir,Malaysia,True,367,243,"Malaysia tidak terkesan secara langsung oleh sekatan di laluan Selat Hormuz? 70% import minyak mentah Malaysia dari Asia Barat tu kena lalu Selat Hormuz apa yang tak terkesannya? Lepas sebulan lebih baru Iran bagi satu tanker yang bawak Malaysia punya minyak mentah lepas. Apa yang tak terkesan? Lepas tu Presiden PAS cakap Malaysia banyak sumber, tak patut naikkan harga minyak. Memang Malaysia ada sumber, sebagai pengeluar minyak, pengeluaran minyak Malaysia tiap-tiap tahun menurun. Pengeluaran minyak Malaysia dah memuncak tahun 2004 lagi lepas tu menurun setiap tahun. Sejak 2018 pengeluaran minyak mentah negara jatuh daripada 197.4 juta tong (2018) sekarang (2025) tinggal 124.6 juta tong turun dekat 40% jatuh. Nak taknak kena buat subsidi bersasar, hentikan subsidi pukal. Kalau dulu harga minyak masak, ayam, telur naik melambung-lambung tak boleh kawal sebab faktor luaran, jangan cakap harga minyak petroleum la."
iran_english,2044664592547344391,"A fire at the largest of Australia's two oil refineries has hit petrol production, company and government officials said on Thursday, just as the nation faces pressure to shore up fuel security with the Iran war disrupting global supply. #NSTBusinessTimes https://t.co/rOv2ssBaOC",Thu Apr 16 06:30:01 +0000 2026,MYBusinessTimes,"Kuala Lumpur, Malaysia",True,1,0,"A fire at the largest of Australia's two oil refineries has hit petrol production, company and government officials said on Thursday, just as the nation faces pressure to shore up fuel security with the Iran war disrupting global supply. #NSTBusinessTimes"
iran_meme,2036717810446164447,"'Umpama berunding dengan diri sendiri' - Iran sindir usaha gencatan senjata AS

TEHERAN - Jurucakap tentera Iran memperlekehkan usaha Amerika Syarikat (AS) untuk mencapai perjanjian gencatan senjata, dengan mendakwa bahawa kuasa besar dunia itu kini hanya berunding dengan diri mereka sendiri.

Dalam satu video prarakaman yang disiarkan di televisyen kerajaan pada Rabu, Leftenan Kolonel Ebrahim Zolfaghari menyifatkan kuasa strategik AS kini telah bertukar menjadi ""kegagalan strategik"".
#SinarHarian #Iran #AS #perangiranisrael",Wed Mar 25 08:12:21 +0000 2026,SinarOnline,Malaysia,True,27,4,"'Umpama berunding dengan diri sendiri' - Iran sindir usaha gencatan senjata AS TEHERAN - Jurucakap tentera Iran memperlekehkan usaha Amerika Syarikat (AS) untuk mencapai perjanjian gencatan senjata, dengan mendakwa bahawa kuasa besar dunia itu kini hanya berunding dengan diri mereka sendiri. Dalam satu video prarakaman yang disiarkan di televisyen kerajaan pada Rabu, Leftenan Kolonel Ebrahim Zolfaghari menyifatkan kuasa strategik AS kini telah bertukar menjadi ""kegagalan strategik"". #SinarHarian #Iran #AS #perangiranisrael"
iran_meme,2033407331619446946,"Netanyahu kunjungi kafe sindir dakwaan maut serangan Iran
https://t.co/3qOlTk3RyY",Mon Mar 16 04:57:41 +0000 2026,UMonline,Malaysia,True,0,0,Netanyahu kunjungi kafe sindir dakwaan maut serangan Iran
iran_meme,1782190971851321660,Iran sindir Israel : Serangan dron ibarat mainan kanak-kanak https://t.co/1R6C1uES62 #AsiaBarat #BERITA #LUARNEGARA #NASIONAL #TERKINI,Sun Apr 21 23:33:33 +0000 2024,UMonline,Malaysia,True,2,2,Iran sindir Israel : Serangan dron ibarat mainan kanak-kanak #AsiaBarat #BERITA #LUARNEGARA #NASIONAL #TERKINI
iran_meme,1705108261945614488,"@MuazAzman13 Serious LTTE? Well LTTE dah terkubur sekarang, lawak ada branch dia kat Malaysia 😂. Hezbollah jgn cakap fully sponsored by Iran 🇮🇷.",Fri Sep 22 06:34:23 +0000 2023,MeowmeowActual,Malaysia 🇲🇾,True,4,0,"@MuazAzman13 Serious LTTE? Well LTTE dah terkubur sekarang, lawak ada branch dia kat Malaysia 😂. Hezbollah jgn cakap fully sponsored by Iran 🇮🇷."
iran_meme,1595237157949829121,Salah satu sepanduk berbunyi ‘Ia (kejuaraan) tidak akan pulang kerana kerana Harry Maguire.’ https://t.co/D3cs2otWg4,Wed Nov 23 02:05:51 +0000 2022,UMonline,Malaysia,True,5,0,Salah satu sepanduk berbunyi ‘Ia (kejuaraan) tidak akan pulang kerana kerana Harry Maguire.’
iran_meme,710361182473814017,meme #kelat Malaysia akan perkukuh hubungan ekonomi dengan Iran: SINGAPURA – Malaysia akan memperkukuh ... https://t.co/31I3kJ0ScK #kelat,Thu Mar 17 07:04:38 +0000 2016,mindangin07,MALAYSIAKU DAMAI,True,1,1,meme #kelat Malaysia akan perkukuh hubungan ekonomi dengan Iran: SINGAPURA – Malaysia akan memperkukuh ... #kelat
iran_takut,2042984640282042477,"Rakyat AS bimbang, takut kesan perang dengan Iran

#BHDunia 60 peratus rakyat AS menentang serangan ketenteraan terhadap Iran.

https://t.co/hKx9otKJkc",Sat Apr 11 15:14:29 +0000 2026,bharianmy,Malaysia,True,5,1,"Rakyat AS bimbang, takut kesan perang dengan Iran #BHDunia 60 peratus rakyat AS menentang serangan ketenteraan terhadap Iran."
iran_takut,2037862112979255569,"@HannZiq Aku rasa kat Malaysia je orang taktau ada perang kat Iran. Kat negara2 lain semua orang risau perang dunia ketiga mungkin tercetus, kita pulak duk masih main politik.",Sat Mar 28 11:59:24 +0000 2026,sorrywrongguy,Penang,True,27,7,"@HannZiq Aku rasa kat Malaysia je orang taktau ada perang kat Iran. Kat negara2 lain semua orang risau perang dunia ketiga mungkin tercetus, kita pulak duk masih main politik."
iran_takut,2031635526009368631,"@Marchfoward Yg pasti 7 org US army dah terkorban dlm 10 hari perang dgn Iran.
US govt takut rakyat US makin benci Trump &amp; parti mrk kalah teruk dlm US midterm elections tak lama lagi.",Wed Mar 11 07:37:10 +0000 2026,camancher2012,Malaysia,True,14,0,@Marchfoward Yg pasti 7 org US army dah terkorban dlm 10 hari perang dgn Iran. US govt takut rakyat US makin benci Trump &amp; parti mrk kalah teruk dlm US midterm elections tak lama lagi.
