id,topic,clean_text,label
2091481249865232490,fuel_prices,"Kos Sara Hidup Antara Tumpuan Utama Belanjawan 2027 #mgflash Kerajaan dijangka terus memberi tumpuan kepada usaha menangani kos sara hidup rakyat, selain memperkukuh pelaburan domestik dan antarabangsa dalam Belanjawan 2027. Menteri Komunikasi, Datuk Seri Fahmi Fadzil berkata, perkembangan geopolitik semasa termasuk harga minyak mentah dunia antara faktor yang akan diambil kira dalam merangka belanjawan kali ini. #malaysiagazette #Belanjawan2027",neutral
2090982397294625161,fuel_prices,"Harga runcit bahan api tanpa subsidi akan meningkat sehingga 20 sen seliter mulai 20 Ogos, susulan kenaikan harga minyak mentah global akibat ketidaktentuan geopolitik yang berlarutan. RON95 tanpa subsidi naik 15 sen kepada RM3.77 seliter, RON97 naik 10 sen kepada RM4.25, manakala diesel tanpa subsidi meningkat 20 sen kepada RM4.67 seliter. Harga bersubsidi kekal pada RM1.99 bagi RON95 dan RM2.10 bagi diesel.",negative
2090573157199385064,fuel_prices,"Harga Minyak 20–26 Ogos 2026: RON97, RON95 dan Diesel Naik Sehingga 20 Sen Seliter -",negative
2090049194161758277,fuel_prices,"Harga RON97, RON95 dan diesel tanpa subsidi naik kepada RM4.25, RM3.77 dan RM4.67 seliter bagi 20 hingga 26 Ogos. Kenaikan dipengaruhi konflik geopolitik yang menjejaskan bekalan minyak dunia, manakala harga bersubsidi kekal. Sumber: Harian Metro #ohbulan #kinitrending",negative
2087492567780987132,fuel_prices,"Harga petrol tanpa subsidi turun bagi tempoh 13 hingga 19 Ogos. RON97 turun kepada RM4.15, RON95 kepada RM3.62 dan diesel kepada RM4.47 seliter. Harga bersubsidi kekal RM1.99 bagi RON95 dan RM2.10 bagi diesel. Penurunan disebabkan kejatuhan harga minyak dunia, namun harga dijangka terus turun naik akibat ketidaktentuan geopolitik. Sumber: Berita Harian #ohbulan #kinitrending",positive
2087335255057600964,fuel_prices,"[PROMO] Asnaf Tak Patut Diwarisi Walaupun Berlaku Krisis Geopolitik, Ekonomi Perkembangan geopolitik dunia seperti konflik di Asia Barat, perang yang berlarutan, ketegangan antara kuasa besar serta gangguan rantaian bekalan global memberi impak yang signifikan terhadap ekonomi dunia, termasuk Malaysia. Keadaan ini mendorong peningkatan kos sara hidup melalui kenaikan harga minyak, makanan dan barangan import, sekali gus memberi tekanan kepada isi rumah, khususnya golongan berpendapatan rendah dan asnaf. Walaupun zakat merupakan kewajipan bagi umat Islam yang memenuhi syarat, ketidaktentuan ekonomi akibat faktor geopolitik boleh mempengaruhi keupayaan pembayar zakat serta meningkatkan permintaan terhadap bantuan zakat. Oleh itu, institusi zakat perlu bersedia menyesuaikan strategi kutipan dan agihan agar dapat terus memenuhi keperluan masyarakat yang semakin terkesan dengan perubahan ekonomi global. #malaysiagazette #borakMG #Maiwp #zakat #golonganasnaf",negative
2087134685193556100,fuel_prices,Bursa Malaysia ditutup rendah pada Selasa berikutan kenaikan berterusan harga minyak mentah dan kebimbangan geopolitik yang berterusan menjejaskan sentimen pelabur. #AWANInews #AWANI745,negative
2087129321421099305,fuel_prices,"Bursa Malaysia ditutup rendah akibat kenaikan berterusan harga minyak, krisis geopolitik #BHbisnes Indeks penanda aras FBM KLCI susut 3.91 mata atau 0.23 peratus kepada 1,731.46 mata.",negative
2085562042820571332,fuel_prices,Thong berkata Wall Street terjejas selepas harga minyak mentah melonjak ke paras kira-kira US$82 setong apabila Iran mengeluarkan deraf pelan lebih ketat bagi Selat Hormuz. #AWANInews #AWANIpagi,negative
2084082229043745175,fuel_prices,Harga minyak dunia susut hampir 5% susulan rundingan baharu AS-Iran,positive
2080205668632703449,fuel_prices,"MALAYSIA PETANG INI 23 Julai 2026, Khamis Siaran Langsung 5.00-5.30 Petang @ Studio 2, Ground Floor Wisma BERNAMA TAJUK Geopolitik Asia Barat : Pacu Kenaikan Harga Bahan Api TETAMU DI TALIAN (ZOOM) 1)SHAHRUL NIZAM MD RADZI Naib Presiden, Persatuan Pengusaha Stesen Minyak Bumiputera Malaysia (Bumipeda) TAJUK PERTAHANKAN KEDAULATAN MALAYSIA, TOLAK CAMPUR TANGAN ASING TETAMU DI TALIAN(ZOOM) 2)AHMAD FAHMI MOHD SAMSUDIN Presiden ABIM Saksikan Malaysia Petang Ini dengan dua topik menarik yang akan dibincangkan iaitu mengenai pergerakan pasaran minyak dunia yang dipengaruhi konflik antara Amerika Syarikat (AS) dan Iran yang kembali memuncak selepas tempoh gencatan senjata berakhir dan juga berhubung isu Network School dimana ABIM berpandangan bahawa siasatan hendaklah diserahkan sepenuhnya kepada pihak berkuasa Malaysia. Saluran ASTRO 502 / UNIFI TV 631 / MyTV 121 FB Live & YouTube Streaming: BERNAMA TV",neutral
2080128836168261739,fuel_prices,"MALAYSIA PETANG INI 23 Julai 2026, Khamis Siaran Langsung 5.00-5.30 Petang @ Studio 2, Ground Floor Wisma BERNAMA TAJUK Geopolitik Asia Barat : Pacu Kenaikan Harga Bahan Api TETAMU DI TALIAN (ZOOM) SHAHRUL NIZAM MD RADZI Naib Presiden, Persatuan Pengusaha Stesen Minyak Bumiputera Malaysia (Bumipeda) Pergerakan pasaran minyak dunia dipengaruhi konflik antara Amerika Syarikat (AS) dan Iran yang kembali memuncak selepas tempoh gencatan senjata berakhir. Ini didorong oleh kenaikan harga minyak mentah di paras inventori global yang semakin ketat serta ancaman gangguan terhadap penghantaran minyak dari Arab Saudi. Nantikan perbincangan lanjut dalam Malaysia Petang Ini, jam 5 petang di Bernama TV. Saluran ASTRO 502 / UNIFI TV 631 / MyTV 121 FB Live & YouTube Streaming: BERNAMA TV",neutral
2079929835267539325,fuel_prices,"Harga runcit RON97 dan RON95 tanpa subsidi masing-masing meningkat 20 sen seliter manakala harga diesel tanpa subsidi meningkat 35 sen seliter bagi tempoh 23 Julai hingga 29 Julai ini. Kementerian Kewangan (MOF) memaklumkan harga runcit RON97 ditetapkan RM4.20 seliter berbanding RM4 sebelum ini manakala RON95 tanpa subsidi RM3.62 seliter berbanding RM3.42 seliter. Harga diesel tanpa subsidi pula ditetapkan RM4.42 seliter berbanding RM4.07 seliter sebelum ini. Menurut MOF, harga produk petroleum tanpa subsidi dipengaruhi pergerakan pasaran minyak dunia pada minggu terdahulu, menyaksikan harga minyak mentah Brent meningkat 16 peratus sepanjang minggu lepas susulan konflik Amerika Syarikat dan Iran kembali memuncak selepas berakhirnya tempoh gencatan senjata. #digitalbernamatv #petrol #diesel",negative
2079922635190976646,fuel_prices,"Harga runcit RON97 dan RON95 tanpa subsidi meningkat 20 sen seliter, diesel tanpa subsidi naik 35 sen seliter #BHnasional Harga minyak mentah Brent meningkat 16 peratus sepanjang minggu lalu apabila konflik antara AS dan Iran kembali memuncak selepas berakhirnya tempoh gencatan senjata.",negative
2079918394841964807,fuel_prices,"RON97, RON95 tanpa subsidi naik 20 sen, diesel meningkat 35 sen bermula Khamis Harga runcit RON97 dan RON95 tanpa subsidi masing-masing naik 20 sen seliter, manakala diesel tanpa subsidi meningkat 35 sen seliter bagi tempoh 23 hingga 29 Julai 2026 susulan kenaikan harga minyak mentah dunia yang didorong ketegangan geopolitik di Asia Barat. #RON95 #RON97 #subsidi #MADANIBekerja Artikel",negative
2079910999986217308,fuel_prices,"RON97, RON95 tanpa subsidi naik 20 sen, diesel meningkat 35 sen bermula Khamis Peningkatan harga itu susulan kenaikan harga minyak mentah dunia yang didorong ketegangan geopolitik di Asia Barat. #SinarHarian #petrol #diesel #harga",negative
2079839701058396357,fuel_prices,"#kualalumpur Risiko lonjakan harga minyak mentah susulan ketegangan geopolitik yang semakin memuncak di Asia Barat dijangka memberi kesan berganda kepada Malaysia termasuk peningkatan kos sara hidup, kestabilan fiskal, pelaburan dan pertumbuhan ekonomi.",negative
2077408600046403653,fuel_prices,Kenaikan itu berdasarkan formula Mekanisme Harga Automatik (APM) dan dipengaruhi pergerakan pasaran minyak dunia pada minggu terdahulu. #AWANInews #AWANI745,neutral
2077373310808342659,fuel_prices,"Sedar atau tidak, Iran baru saja sekali lagi umumkan penutupan Selat Hormuz. Ini apa yang kita semua perlu tahu dan bersedia mental dan fizikal, jadi dengar sampai habis. Ringkasnya, Selat Hormuz ditutup sekali lagi kerana ada ketegangan baru selepas serangan terkini Amerika Syarikat terhadap Iran pada 8 Julai yang lepas. Walau pun Selat Hormuz ditutup semula, sebahagian trafik komersial dilaporkan masih bergerak walaupun sedikit. Tetapi itu tak boleh buat kita selesa sama sekali, sama ada Kerajaan atau pun rakyat. Ini bermakna ekonomi kita sekali lagi terdedah kepada segala ketidaktentuan dari luar. Kerajaan, peniaga, rakyat dan semua pihak perlu bersedia dengan kesan daripada tekanan kepada harga minyak, kos pengangkutan, tempoh penghantaran dan harga bahan mentah global. Isu yang paling penting ialah bekalan dan harga makanan untuk rakyat. Ini saya update dalam Sidang Media Taklimat Krisis Tenaga Global. Kita juga perlu kurangkan tekanan yang ditanggung pesawah akibat peningkatan kos pengeluaran supaya tidak menjejaskan pengguna. Sebab itu sebanyak RM45.98 juta telah diagihkan melalui Insentif Pembajakan Kepada Pesawah, melibatkan 118,908 pesawah di Semenanjung Malaysia. Satu lagi yang penting adalah untuk menangani cabaran industri terhadap rantaian tekanan bekalan global. Sebab bila krisis ini berpanjangan, industri mula terasa kesan dan seterusnya kepada kita semua pengguna. Dia lebih complicated dari apa yang disangka. Satu contoh saja, apabila apabila industri plastik tertekan, kesannya boleh merebak kepada pembungkusan makanan, komponen E&E, automotif, peranti perubatan, pembinaan, pertanian dan eksport pembuatan. Ini Kerajaan tangani dengan membangunkan ekosistem rantaian bekalan kita dengan cepat supaya kita tidak bergantung sepenuhnya dari luar. Mungkin ada yang tanya, kenapa saya terus ingatkan semua cabaran-cabaran ini. Sepatutnya saya cakap sajalah semuanya baik-baik, jangan risau. Peranan saya di Kementerian Ekonomi adalah untuk laporkan keadaan sebenar yang berlaku. Jadi kita semua tak boleh lalai dan ambil tindakan yang sepatutnya dengan pantas, termasuklah Kerajaan, peniaga dan rakyat. Kita semua tak boleh leka dan perlu menyesuaikan diri dengan cabaran ekonomi akibat konflik di Asia Barat yang masih belum surut.",negative
2076483173589062012,fuel_prices,Perjanjian gencatan senjata yang masih rapuh susulan serangan yang masih berterusan antara AS dan Iran telah menyebabkan harga minyak mentah serta hasil bon Perbendaharaan AS kekal tinggi. #AWANInews #AWANIpagi,negative
2076464884792049671,fuel_prices,Harga minyak melonjak lebih 3.5 peratus susulan konflik baharu AS-Iran,negative
2074824832114725064,fuel_prices,"Asia Barat kembali tegang, ringgit jatuh kepada RM4.07 sedolar #BHbisnes Harga minyak mentah meningkat ketara susulan serangan tentera AS terhadap pasukan Iran.",negative
2074788448540795337,fuel_prices,Harga minyak naik lebih 5% selepas Trump umum gencatan senjata Iran berakhir,negative
2074667681568215145,fuel_prices,Harga minyak naik ekoran serangan AS di Iran,negative
2068976357196145112,fuel_prices,Minyak mentah Brent menyusut AS$1.68 atau 2.09 peratus kepada AS$78.89 setong (kira-kira RM324) setakat jam 2.33 petang waktu Malaysia. #AWANInews #AWANI745,positive
2068085972802339023,fuel_prices,"Kestabilan harga minyak global tidak dapat dicapai serta-merta dan pemulihan itu turut mengambil kira kos logistik, pengangkutan dan insurans yang meningkat sepanjang tempoh krisis berkenaan. #AWANInews #AWANIpagi",negative
2067943638328607075,fuel_prices,"""Asyik Terbang Ke Luar Negara?"" – Mengapa Lawatan Ke Rusia Kali Ini Berbeza Dan Membuka Mata. Bila kita dengar Perdana Menteri terbang lagi ke luar negara, saya faham sangat kalau ada yang mengeluh kecil dan berkata, ""Asyik ke luar negara je, apa hasilnya untuk kita yang tengah bergelut cari rezeki kat bawah ni?"" Sejujurnya, keraguan itu sangat wajar. Kita berhak menuntut hasil yang nyata. Tetapi, bila saya ambil masa sejenak untuk meneliti hasil misi Misi Diplomasi MADANI di Kazan, Rusia kali ini, perlahan-lahan sudut pandang saya berubah. Ini bukan lawatan sambil lewa atau sekadar nak bergambar di pentas dunia. Perjumpaan empat mata bersama Presiden Vladimir Putin sebenarnya membuka satu pintu yang sangat besar untuk kelangsungan hidup kita. Pernahkah kita terfikir bagaimana harga barang boleh distabilkan? Salah satu caranya adalah dengan melepaskan pergantungan kita kepada Dolar AS. Di meja perundingan tersebut, Malaysia dan Rusia secara serius membincangkan pemansuhan visa serta perdagangan menggunakan mata wang tempatan, iaitu Ringgit dan Ruble. Ini langkah berani yang jarang-jarang pemimpin dunia ketiga berani utarakan di hadapan kuasa besar. Selain itu, ada komitmen jangka panjang untuk bekalan tenaga dan minyak negara, penerokaan pelaburan digital, serta pertanian moden. Ini semua adalah 'talian hayat' ekonomi masa depan anak cucu kita. Satu perkara yang benar-benar menyentuh hati saya adalah ketika di Forum Perniagaan Rusia-ASEAN. Di hadapan pemimpin antarabangsa dan tokoh korporat, Dato' Seri Anwar Ibrahim tidak memfokuskan kepada angka kapitalis semata-mata. Beliau memetik kata-kata penyair agung Tatarstan, Abdullah Tukay: ""Hanya dalam berkhidmat untuk rakyat, saya menemui kebahagiaan sejati"". Beliau mengingatkan dunia bahawa walau apa pun kerjasama ekonomi yang dibina, matlamat akhirnya wajiblah untuk kesejahteraan rakyat biasa. Bukan itu sahaja, Malaysia terus dihormati kerana kelantangan suara kita bergema mempertahan isu Gaza dan Iran, dan ini mendapat sokongan serta pendirian konsisten daripada pihak Rusia. Suara kita didengari dan dihormati di pentas antarabangsa. Mungkin hari ini, kita belum nampak duit itu terus masuk ke dalam poket kita. Membina ekonomi negara bukanlah magis semalaman. Tetapi percayalah, 'pagar' ekonomi, keselamatan, dan maruah negara sedang dibina dengan cukup kukuh di luar sana. Berilah sedikit ruang dan kepercayaan untuk benih diplomasi ini tumbuh dan membuahkan hasil buat kita semua. #DiplomasiMADANI #MalaysiaMADANI #anwaribrahim #PakatanHarapan #keadilanuntuksemua",positive
2067829661804241360,fuel_prices,"#TOP10 Berita popular di #SinarHarian pada 19 Jun 2026 TOP 1 l Rohingya: Pulau Bidong sudah mengajar kita TOP 2 l Berang ibu enggan bayar sewa kondo, anak pandu SUV masuk kolam renang TOP 3 l Tekanan kos sara hidup: Selangor tawar moratorium tiga bulan TOP 4 l Azizah si cantik manis yang buat satu Malaysia marah TOP 5 l Tamparan hebat kepada musuh Iran TOP 6 l 'Saya tumpang rezeki legasi Tun Razak' TOP 7 l Harga minyak turun, siapa paling untung? TOP 8 l Iran untung besar TOP 9 l Kone patah kaki, Kanada hilang tonggak di sebalik pesta gol TOP 10 l Lee Kang-in dilayangkan kad kuning seawal minit ke-4",neutral
2067461709665796409,fuel_prices,"Jika Perdana Menteri Bukan Anwar, Saya Boleh Katakan Hari Ini USD1=RM5 - Arul Kumar Oleh Mynewshub SEREMBAN - Nilai ringgit hari ini RM5 berbanding dolar Amerika Syarikat (AS) jika Perdana Menteri Malaysia bukan Datuk Seri Anwar Ibrahim. Penyandang Exco Kerajaan Negeri Sembilan, J Arul Kumar berkata, nilai ringgit semakin mengukuh berbanding dolar AS dibawah pentadbiran Anwar. ""Nilai ringgit menunjukkan pengukuhan berbanding dolar AS berbanding ketika awal pentadbiran beliau. ""Hari pertama Anwar menjadi Perdana Menteri USD1 = RM 4.70 dan hari ini USD1 = RM4. Nilai mata wang ringgit terus naik. ""Jika Perdana Menteri bukan Anwar, saya boleh katakan hari ini USD1 = RM5,"" katanya dalam satu kenyataan di media sosial. Arul Kumar yang juga Naib Pengerusi Kebangsaan DAP berkata, pelaburan domestik dan asing juga terus mencatat peningkatan. Menurut beliau, ia termasuk kelulusan pelaburan yang tinggi dalam sejarah Malaysia RM427 bilion bagi tahun 2025. Kata beliau, kerajaan Anwar berjaya mengurus cabaran berkaitan bekalan dan harga tenaga di tengah-tengah ketidaktentuan geopolitik dunia. ""Dalam tempoh tiga bulan berlaku peperangan Malaysia masih mempunyai bekalan minyak,"" katanya. Selain itu, katanya, program Sumbangan Tunai Rahmah (STR) dan Sumbangan Asas Rahmah (SARA) terus diperkukuh. ""Adaalah adil untuk menilai seseorang pemimpin berdasarkan keseluruhan prestasi dan pencapaiannya, bukan hanya berdasarkan kelemahan tertentu,"" katanya. - MYNEWSHUB Sumber Info/Foto: Akaun Media Sosial Arul Kumar Jambunathan",positive
2067036926457114685,fuel_prices,"Perjanjian tamat perang AS-Iran 'kemenangan' kepada global #BHnasional #MindaPengarang Pembukaan semula Selat Hormuz, antara laluan minyak terpenting dunia, memberi isyarat positif kepada pasaran dan membantu meredakan tekanan terhadap harga tenaga yang menggugat fiskal Malaysia.",positive
2079740083893309660,food_prices,"Bagaimana Malaysia kekal bekalan di saat konflik global semakin menekan? Konflik global, harga minyak yang tidak menentu dan gangguan rantaian bekalan memberi tekanan kepada banyak negara. Namun, Malaysia masih berjaya mengekalkan bekalan makanan, bahan api dan logistik dalam keadaan stabil. Bagaimana kerajaan melakukannya? #BeritaFMT",positive
2076603499601973250,food_prices,Bekalan makanan ruji negara itu ketika ini berada pada tahap stabil dan mencukupi meskipun dunia berdepan ketidaktentuan geopolitik #AWANInews #AWANI745,positive
2067870304630903185,food_prices,"KHPM Melaka Perkukuh Ekosistem Keusahawanan, Sasar Limpahan Ekonomi Kepada Negeri Karnival Hebatkan Perniagaan Malaysia (KHPM) Edisi Melaka yang berlangsung selama tiga hari bermula 19 hingga 21 Jun ini di Morten Walk menyasarkan kehadiran lebih 50,000 pengunjung. Penganjuran kali kedua karnival di bawah inisiatif Hebatkan Perniagaan Malaysia oleh Kementerian Pembangunan Usahawan dan Koperasi (KUSKOP) itu membawa tema “Jom Singgah SDSI” dengan fokus memperkukuh budaya keusahawanan, memperluaskan akses pasaran serta membuka peluang jaringan perniagaan kepada usahawan tempatan. Program tersebut merupakan cetusan idea Menteri Pembangunan Usahawan dan Koperasi, Steven Sim Chee Keong. KHPM Edisi Melaka menghimpunkan pelbagai program yang memberi manfaat secara langsung kepada rakyat, khususnya usahawan Perusahaan Mikro, Kecil dan Sederhana (PMKS) serta koperasi menerusi pameran produk, sesi perkongsian ilmu, padanan perniagaan dan khidmat nasihat keusahawanan. Antara tarikan utama yang dijangka menjadi tumpuan pengunjung ialah Jualan MADANI KUSKOP (JMK) yang menawarkan diskaun sehingga 20 peratus bagi 60 jenis barangan keperluan asas termasuk beras, tepung, bahan pencuci, ayam, daging, telur dan minyak masak. Lebih menarik, promosi happy hour pada tengah hari 21 Jun akan menyaksikan beberapa barangan keperluan asas dijual pada harga sehingga 30 peratus lebih rendah berbanding harga pasaran. Program itu menyasarkan potensi jualan sebanyak RM135,000 sepanjang tiga hari penganjuran. Selain membantu rakyat mendapatkan barangan pada harga lebih berpatutan, karnival tersebut turut menyediakan pelbagai peluang kepada usahawan untuk mengembangkan perniagaan menerusi sesi padanan perniagaan (business matching), pameran produk serta khidmat konsultasi keusahawanan. Bagi memudahkan urusan usahawan mendapatkan maklumat berkaitan pembiayaan, geran, latihan dan pembangunan perniagaan, KUSKOP bersama sembilan agensi di bawah kementerian itu turut membuka Kaunter Konsultasi Keusahawanan sepanjang tempoh karnival berlangsung. Program Satu Daerah Satu Industri (SDSI) yang menjadi antara tunjang utama penganjuran pula terus memainkan peranan dalam memperkasa produk dan perkhidmatan tempatan, sekali gus memperkenalkan potensi serta kualiti produk keluaran usahawan SDSI kepada masyarakat dan pelancong. Menteri Pembangunan Usahawan dan Koperasi, Steven Sim Chee Keong, berkata penganjuran KHPM dijangka memberi limpahan ekonomi kepada Melaka melalui peningkatan aktiviti perniagaan, aliran pengunjung dan permintaan terhadap sektor sokongan termasuk perhotelan, makanan dan minuman (F&B) serta perkhidmatan pengangkutan tempatan. - MYNEWSHUB",positive
2064635715619795105,food_prices,"Walaupun konflik berlaku jauh dari rantau kita, kesannya tetap sampai ke ekonomi kita. Perang atau krisis geopolitik bukan hanya soal keselamatan. Ia boleh memberi kesan kepada harga tenaga, kos makanan, rantaian bekalan, perdagangan dan keyakinan pelabur. Di Oxford, saya menyertai perbincangan meja bulat bertajuk “Impact of the Iran crisis on Asian and African economies”, dipengerusikan oleh Prof Stefan Dercon, Professor of Economic Policy di Blavatnik School of Government, University of Oxford. Turut hadir ialah Sri Mulyani Indrawati, bekas Menteri Kewangan Indonesia dan bekas Managing Director World Bank, serta Abebe Aemro Selassie, bekas Director of the African Department di IMF. Perbincangan seperti ini penting kerana ekonomi Malaysia tidak bergerak dalam vakum. Apa yang berlaku di Timur Tengah, Afrika, Eropah atau Amerika boleh memberi kesan kepada rakyat - daripada harga barang, peluang pekerjaan, pelaburan, hinggalah kepada kestabilan ekonomi negara. Sebab itu pembuat dasar perlu sentiasa belajar, mendengar dan membandingkan pengalaman negara lain. Dalam dunia yang semakin tidak menentu, kita tidak boleh hanya bertindak selepas krisis berlaku. Kita perlu faham risikonya lebih awal, supaya keputusan yang dibuat lebih bersedia dan lebih bertanggungjawab. #TZA #MADANIBekerja #EkonomiRakyat",negative
2061809588333351157,food_prices,"siap sedia harga roti, tepung, mee dan makanan berkaitan gandum naik. hasil tanaman gandum Australia dijangka turun 25% sebab harga baja naik kesan Perang Iran dan cuaca kering luar jangka. Malaysia mengimport 1.025 juta tan metrik bernilai RM1.4 bilion iaitu hampir 60% keperluan gandum untuk buat tepung, roti, mee dan lain-lain dari Australia yang merupakan sumber import gandum nombor 1 negara kita.",negative
2060972041575321734,food_prices,"Krisis Hormuz buat harga barang melonjak Kejutan tenaga yang sedang melanda Malaysia ketika ini berbeza daripada krisis sebelum ini kerana ia bukan sahaja menjejaskan hasil minyak, malah turut memberi kesan kepada bekalan penting seperti baja dan plastik. Kesan rantaian susulan sekatan di Selat Hormuz kini mula dirasai dalam sektor pembungkusan, pertanian dan kos makanan, sekali gus mendedahkan kelemahan yang tidak mampu ditangani melalui subsidi semata-mata. Bagi memahami tekanan ini dengan lebih mendalam, penyelidik dan penganalisis dasar di South-East Asian Futures Initiative Centre (SEAFIC), Dr Mikhail Rosli, menjelaskan bagaimana peranan Malaysia sebagai hab penapisan minyak, risiko tersembunyi dalam rantaian bekalan serta pertimbangan fiskal mempengaruhi daya tahan negara. Pandangannya menjelaskan mengapa isi rumah dan perniagaan turut merasai tempias kejutan secara tidak langsung, selain mengapa pilihan dasar lebih penting berbanding penyelesaian jangka pendek.",negative
2054888981645709806,food_prices,"Bangi | 14 Mei 2026 | Khamis Alhamdulillah dah Tahniah saya ucapkan kepada 168 penerima Anugerah Perkhidmatan Cemerlang (APC) 2025 Kementerian Peralihan Tenaga dan Transformasi Air (PETRA), yang menerima anugerah pada Majlis Anugerah APC Tahun 2025 PETRA, hari ini tadi. Majlis ini merupakan simbolik penghargaan dan apresiasi Kementerian dan Kerajaan kepada warga PETRA yang telah memberikan perkhidmatan bermutu tinggi di samping penglibatan aktif di luar tugasan rasmi antaranya kegiatan sukan, kemasyarakatan, persatuan serta sumbangan-sumbangan lain yang memberi manfaat kepada komuniti, organisasi dan negara. Ia juga satu manifestasi keprihatinan Kerajaan terhadap modal insan berkualiti, dinamik dan berprestasi tinggi yang unggul dalam mencapai ekspektasi yang telah ditetapkan. Namun dalam kita meraikan warga yang berkhidmat dengan cemerlang, kita juga harus menginsafi betapa krisis bekalan global yang sedang dunia hadapi kini, bukan lagi sekadar isu berkaitan minyak dan gas tetapi telah berkembang menjadi cabaran besar yang memberi kesan langsung kepada ekonomi, rantaian bekalan serta kos sara hidup rakyat. Gangguan bekalan global, ketidaktentuan geopolitik dan peningkatan kos logistik antarabangsa telah menyebabkan harga makanan, pengangkutan dan pelbagai barangan keperluan meningkat di kebanyakan negara. Malaysia turut menerima tempias daripada situasi ini, namun kerajaan kekal komited untuk memastikan kebajikan rakyat sentiasa menjadi keutamaan dalam setiap keputusan dan dasar yang dilaksanakan. Kerajaan justeru mengambil pendekatan yang pragmatik dengan fokus utama adalah bagi memastikan bekalan keperluan asas negara kekal stabil, melindungi rakyat daripada tekanan kos hidup yang melampau serta memperkukuh daya tahan ekonomi negara bagi jangka panjang. Bantuan bersasar, kawalan harga, pengukuhan keselamatan tenaga serta kerjasama strategik antara kerajaan, industri dan rakyat telah dan sedang dilaksanakan oleh kerajaan. Apa yang penting, krisis ini perlu dihadapi secara bersama dengan semangat kebersamaan, disiplin dan keyakinan rakyat termasuk semua warga PETRA, dalam mendukung usaha negara semasa mengharungi cabaran global ini. Syabas kepada kesemua penerima anugerah perkhidmatan cemerlang PETRA tahun 2025 atas segala sumbangan, komitmen dan konsistensi dalam pelaksanaan tugas di Kementerian. Kementerian ini terbina atas usaha kita bersama dan segala sumbangan warga PETRA amatlah saya hargai dalam membantu kita memberikan perkhidmatan terbaik kepada rakyat. Jadikanlah segala usaha berterusan kita sebagai penjawat awam sebagai sedekah jariah dan ibadah yang berterusan. Jadilah ejen produktiviti Kementerian dan ejen kebaikan dalam perkhidmatan awam. Semoga seluruh warga PETRA terus menjadi contoh penjawat awam berprestasi tinggi demi kesejahteraan rakyat dan kemajuan negara. #PETRA #MalaysiaMADANI",neutral
2054806325385974088,food_prices,"Ucapan PM Singapura sempena Hari Buruh 1 Mei 2026 haritu pun cakap benda yang serupa macam penasihat ekonomi PM @econsmalaysia cakap dalam BFM semalam. Antara poin penting: 1. Walaupun perang tamat, Selat Hormuz dibuka jangan anggap krisis bekalan akan selesai serta-merta. 2. Kesan penutupan Selat Hormuz bukan sekadar pada kenaikan harga tapi pada bekalan yang semakin ketat. 3. Negara-negara Asia sangat terkesan kerana kebergantungan tinggi kepada minyak dan produk berkaitan yang datang dari negara-negara Teluk. 4. Gangguan harga dan bekalan tidak terhenti kepada tenaga sahaja tetapi juga baja, makanan dan barangan asas yang lain. 5. Tekanan dan gangguan bekalan akan semakin kuat dan berlanjutan dan akan lebih teruk dalam bulan-bulan mendatang. 6. Seluruh dunia akan berhadapan kadar inflasi yang lebih tinggi untuk makanan dan barangan asas. 7. Semua ini akan memberi tekanan sebenar kepada isi rumah, pekerja dan perniagaan. 8. Semua rakyat kena bersedia secara mental untuk keadaan yang lebih mencabar. 9. Singapura berhadapan dengan krisis ini dalam kedudukan yang lebih kuat (position of strength). Malaysia juga memasuki krisis ini dalam kedudukan yang lebih kuat selepas pulih daripada Covid: 1. Defisit lebih rendah 2. Ringgit lebih kukuh 3. Ekonomi yang terus berkembang Singapura pun tak umumkan pakej rangsangan besar-besaran kecuali bantuan-bantuan khusus kepada kumpulan tertentu.",negative
2054387142055579657,food_prices,"Konflik geopolitik, perang perdagangan, perubahan iklim dan gangguan rantaian bekalan global kini memberi kesan langsung kepada harga serta bekalan makanan di seluruh dunia. Sejauh mana Malaysia benar-benar bersedia menghadapi krisis makanan? #AWANInews #PantauBelanjawan",negative
2054384061154820571,food_prices,"Dalam krisis seperti Selat Hormuz, ia menjadi insurans strategik negara. Tanpa dua projek ETP zaman Najib ini, Malaysia bukan sahaja lebih terdedah kepada kejutan harga global, tetapi juga lebih lemah dari segi bekalan minyak siap, baja, makanan, industri petrokimia, imbangan…",negative
2052292406104723873,food_prices,"MALAYSIA PETANG INI 7 Mei 2026 | Khamis Siaran Langsung | 5.00-5.30 Petang Konflik dunia bukan sekadar isu luar negara tetapi kesannya kini sampai ke dapur rakyat Malaysia. Harga minyak meningkat, Kos makanan dan logistik semakin dirasai.",negative
2049482641796485145,food_prices,"Krisis Hormuz: Dari Minyak ke Kos Sara Hidup Ini bukan sekadar cerita harga minyak. Ini tentang bagaimana satu krisis jauh boleh menekan kos sara hidup kita. Kalau kita fikir krisis global hanya menaikkan harga minyak, kita mungkin belum nampak gambaran sebenar. Hari ini saya bersama pakar ekonomi, editor dan penyelidik dalam satu sesi meja bulat SEAFIC untuk membincangkan kesan krisis Iran-Hormuz kepada ASEAN. Yang jelas, kesannya bukan sekadar harga minyak. Ia boleh merebak melalui rantaian bekalan - daripada kos pengangkutan dan premium insurans, kepada input industri, dan akhirnya memberi kesan kepada harga makanan serta barangan harian. Untuk Malaysia, kesannya tidak dirasai secara serentak, sebaliknya bermula pada sektor tertentu seperti penapisan petroleum sebelum merebak ke sektor lain. Sektor seperti ternakan dan makanan juga boleh terkesan secara tidak langsung melalui kos baja, makanan ternakan dan input huluan lain. Inilah cabaran sebenar dasar ekonomi hari ini - memahami bagaimana sesuatu kejutan global bergerak dalam sistem ekonomi kita, siapa yang terkesan dahulu, dan bila rakyat mula merasainya. Sebab itu, respons dasar perlu dibuat lebih awal, dengan pendekatan yang tepat dan bersasar. #TZA #MADANIBekerja #KualaLumpur #SEAFIC #EkonomiRakyat",negative
2047497828130541763,food_prices,"Menurut Fitch, Malaysia pengimport bersih makanan dengan 10% daripada bekalan makanan diimport untuk memenuhi keperluan domestik. Walaupun nampak kecik tapi kena zoom in mengikut produk makanan. Kalau ikut item makanan ada yang kita tidak hasilkan langsung atau sikit je pengeluaran macam semua jenis bawang, epal, mangga, daging lembu & kambing, halia, cili, kobis bulat, gula, gandum. Ada item makanan kita hasilkan tapi tak cukup untuk keperluan domestik dan perlu import macam beras, kelapa, susu segar, makanan laut. Ada yang kita hasilkan melebihi keperluan domestik macam minyak masak, telur ayam & itik, sebahagian besar sayur dan buah tomato, timun, tembikai, jambu batu. Untuk input makanan macam baja Malaysia pengimport bersih juga. Baja berasaskan nitrogen (urea & ammonium), Malaysia pengeksport bersih tapi baja berasaskan phosphates dan potash Malaysia kena import dari luar negara. Harga baja urea meningkat 50% sejak perang, phospates & potash naik 30%. Harga makanan belum naik secara signifikan tapi tekanan harga tu dah mula nampak. Yang lebih kritikal kalau berlaku kekurangan bekalan (shortages) kalau perang tak berpenghujung. Harap tak sampai ke peringkat macam tu.",negative
2037770997500088492,food_prices,#KualaLumpur Gabungan Persatuan Penjaja dan Peniaga Malaysia menjangkakan akan berlaku kenaikan harga makanan sehingga 50 peratus susulan peningkatan harga minyak.,negative
2037336829461201286,food_prices,"PENURUNAN HAD BUDI95 BERSIFAT SEMENTARA, KERAJAAN MADANI BERTINDAK AWAL DEMI MELINDUNGI RAKYAT Keputusan menurunkan had penggunaan BUDI95 daripada 300L kepada 200L bukan keputusan yang dibuat tanpa pertimbangan, tetapi tindakan sementara yang terpaksa diambil ketika dunia sedang berdepan ketegangan serius di Asia Barat. Konflik yang semakin meruncing memberi tekanan langsung kepada bekalan minyak, gas, makanan dan kos sara hidup global. Dalam keadaan ini, Kerajaan MADANI memberanikan diri untuk berterus terang dengan rakyat. Keputusan ini dibuat berdasarkan data sebenar penggunaan BUDI95 sejak diperkenalkan, yang menunjukkan purata penggunaan sekitar 100L sebulan dan majoriti besar rakyat menggunakan kurang daripada 200L. Setelah diperhalusi, kerajaan memilih pendekatan yang lebih teliti dan berhemat dengan menyesuaikan had penggunaan tanpa menaikkan harga BUDI95 yang kekal pada kadar RM1.99 seliter. Ini membuktikan kerajaan berusaha mengawal tekanan semasa tanpa terus memindahkan beban kepada rakyat. Kerajaan kekal mengambil kira keperluan rakyat di lapangan apabila pemandu e-hailing dan pekerja gig terus dibekalkan had sehingga 800L, sementara Sabah dan Sarawak terus menikmati diesel subsidi RM2.15 seliter dengan kawalan lebih ketat. Subsidi ini hak rakyat, bukan ruang untuk penyeludup merompak kekayaan negara, sebab itu penguatkuasaan perlu diperkasa dan rakyat mesti terus menjadi mata dan telinga kerajaan dalam membendung ketirisan. Pada masa yang sama, Malaysia akan terus memainkan peranan yang adil, tegas dan berprinsip dalam isu Asia Barat. Perdana Menteri sendiri terus mengadakan perbincangan dengan pemimpin serantau bagi mencari ruang perdamaian dan memastikan kepentingan Malaysia turut dipertahankan dalam suasana yang genting ini. Justeru, semua perlu melihat langkah ini dalam kerangka yang lebih besar, iaitu kerajaan sedang bertindak awal, telus dan bertanggungjawab demi menjaga kestabilan negara, menjamin bekalan, dan melindungi rakyat daripada kesan yang lebih parah jika krisis ini berpanjangan. ADAM ADLI PENGARAH KOMUNIKASI KEADILAN",positive
2037159182106059166,food_prices,"Harga Minyak Naik: Luahan Peniaga Kecil, Kasihan Tapi Mungkin Terpaksa 'Adjust' Peniaga meluahkan rasa simpati terhadap pengguna yang terkesan dengan kos sara hidup, namun mengakui kenaikan harga makanan mungkin tidak dapat dielakkan berikutan peningkatan kos operasi dan bahan mentah. #malaysiagazette #hargaminyaknaik #BUDI95 Video: Hafiz Zaharuddin",negative
2036971395377164346,food_prices,"#NiagaAWANI bersama @NabilahAWANI 📌 Harga minyak jatuh 2% susulan harapan penamatan konflik AS–Iran 📌 Konflik vs Pandemik: Sejauh mana kesediaan ekonomi Malaysia? 📌 Konflik Asia Barat: Jejas harga baja, risiko inflasi makanan #AWANInews",neutral
2036765324456952256,food_prices,Hamzah gesa kerajaan rangka pelan kontingensi menyeluruh tangani kenaikan harga bahan api Kegagalan menangani isu tersebut dengan berkesan bakal mengheret Malaysia daripada krisis harga minyak kepada krisis keselamatan bekalan makanan yang lebih serius. #SinarHarian #Threads #politik #hargabahanapi #pelankontigensi #KetuaPembangkang,negative
2036616580012937349,food_prices,"Perniagaan Malaysia dijangka terkesan konflik Asia Barat melalui harga minyak, logistik dan inflasi. Pakar gesa kerajaan nilai impak dahulu sebelum laksana rangsangan fiskal agar lebih bersasar. Sektor pengangkutan, pembuatan, PKS dan makanan antara paling terdedah. Bantuan bersasar seperti subsidi, tunai dan pembiayaan dicadang bagi lindungi kos sara hidup serta kelangsungan perniagaan.",negative
2035599905209929813,food_prices,"KENYATAAN MEDIA KEPERLUAN PENDEKATAN NON-PARTISAN DAN PENUBUHAN MAJLIS PERUNDINGAN DAN INTERVENSI EKONOMI NEGARA Dunia pada hari ini berdepan ketidaktentuan ekonomi yang semakin meruncing susulan konflik berterusan di Asia Barat. Kesan geopolitik ini mula dirasai secara langsung melalui kenaikan harga bahan tenaga, gangguan rantaian bekalan dan tekanan terhadap ekonomi global. Ketidaktentuan ini telah meningkatkan kos logistik, sekali gus meningkatkan kos pengeluaran dan operasi merentasi pelbagai sektor ekonomi. Kesan rantaian ini tidak dapat dielakkan dan dalam tempoh beberapa bulan mendatang, negara berkemungkinan berdepan dengan kenaikan harga barang asas dan makanan, peningkatan kos pengangkutan dan logistik, kenaikan kos utiliti dan perkhidmatan bahkan lebih besar lagi impaknya adalah risiko tekanan kepada sektor pekerjaan, termasuk kemungkinan pengurangan tenaga kerja dalam industri yang terjejas. Tanpa intervensi dasar yang proaktif, risiko pemberhentian pekerja boleh meningkat, khususnya dalam sektor pembuatan, logistik, perusahaan kecil dan sederhana yang amat terkesan susulan kenaikan kos bahan mentah. Sehubungan itu, Malaysia memerlukan pendekatan non-partisan yang mengutamakan kepentingan negara lebih daripada kepentingan politik kepartian, termasuk keperluan untuk lebih inklusif dan berasaskan tindakan. Saya mencadangkan penglibatan semua pihak secara menyeluruh termasuk : kerajaan, pembangkang, Badan Bukan Kerajaan (NGO), ahli akademik, pemain industri serta wakil masyarakat sivil dalam satu forum seumpama Majlis Perundingan dan Intervensi, agar setiap keputusan yang dibuat benar-benar mencerminkan kepentingan negara secara kolektif. Pendekatan ini bukan soal politik, tetapi soal kelangsungan negara. Dalam keadaan dunia yang semakin tidak menentu, Malaysia tidak boleh bergerak secara berpecah mengikut garis kepartian. Sebaliknya, kita mesti menghimpunkan kekuatan seluruh negara dengan merentasi perbezaan politik dan latar belakang untuk menghadapi cabaran ini secara bersama. Apabila kestabilan ekonomi negara dan kebajikan rakyat menjadi taruhan, keutamaan kita semestinya kesejahteraan dan daya tahan Malaysia. YAB Dato’ Seri Ir. Dr. Ahmad Samsuri Mokhtar Pengerusi Perikatan Nasional (PN) 22 Mac 2026 ------------------------------------------------------------------------ MEDIA STATEMENT THE IMPERATIVE FOR A NON-PARTISAN APPROACH AND THE ESTABLISHMENT OF THE NATIONAL ECONOMIC CONSULTATION AND INTERVENTION COUNCIL The world today stands at a critical crossroads, grappling with escalating economic uncertainties fuelled by the protracted conflicts in West Asia. The geopolitical tremors of this crisis are now felt directly through surging energy prices, fractured supply chains, and mounting pressure on the global economy. These instabilities have driven up logistics costs, subsequently inflating production and operational expenses across every economic sector. This ripple effect is unavoidable. In the coming months, our nation faces the stark probability of rising prices for basic goods and food, increased transportation and utility costs, and perhaps most significantly, severe pressure on our labour market. Without decisive action, we risk a wave of workforce reductions, particularly within the manufacturing, logistics, and Small and Medium Enterprise (SME) sectors, which are most vulnerable to the rising costs of raw materials. Given these challenges, Malaysia needs a non-partisan approach that prioritises national interest over party politics. Our response must be inclusive, unified, and driven by a commitment to collective action. I am proposing the comprehensive involvement of all stakeholders : the government, the opposition, Non-Governmental Organisations (NGOs), academics, industry leaders, and civil society representatives in a forum akin to a Consultation and Intervention Council to ensure that every policy decision reflects the collective will and the best interests of our nation. This",negative
2034935347323252859,food_prices,"Allahu Akbar, Allahu Akbar, Allahu Akbar, walillahil hamd Alhamdulillah, syukur ke hadrat Allah SWT kerana kita diberi peluang menyempurnakan Ramadan dan kini menyambut Syawal yang penuh keberkahan. Marilah kita raikan Aidilfitri tahun ini dengan sederhana tetapi penuh makna. Dunia hari ini masih berdepan konflik dan peperangan di beberapa rantau termasuk di Asia Barat melibatkan Gaza–Palestin, serta ketegangan antara Iran, Israel dan Amerika Syarikat yang terus memberi kesan kepada kestabilan serantau. Di Eropah Timur, konflik Rusia–Ukraine yang berpanjangan masih belum menemui noktah, manakala di Asia Selatan, ketegangan antara Pakistan dan Afghanistan turut menambah tekanan kepada keamanan serantau. Keadaan ini bukan sahaja menjejaskan keselamatan dunia, malah memberi kesan besar kepada ekonomi global, termasuk gangguan bekalan tenaga dan makanan, kenaikan harga komoditi, serta ketidaktentuan pasaran antarabangsa. Tempiasnya turut dirasai di Malaysia apabila kos sara hidup meningkat, rantaian bekalan terjejas dan ekonomi menjadi lebih mencabar, menuntut kita semua untuk lebih berhemah dan berwaspada dalam setiap perbelanjaan. Dalam suasana dunia yang tidak menentu, setiap sen yang kita jimatkan memberi makna besar kepada masa depan kita dan keluarga. Namun begitu, janganlah keadaan ini memadamkan kemeriahan Hari Raya. Hakikatnya, kemeriahan sebenar bukan pada kemewahan, tetapi pada kebersamaan – duduk semeja, saling memaafkan, menghargai keluarga tersayang dan memperkukuhkan kebersamaan dengan rakan-rakan dari pelbagai kaum dan agama. Kerajaan MADANI telah dan sedang mengambil beberapa langkah bagi membantu rakyat menghadapi krisis dunia, dengan menguruskan perbelanjaan negara secara berhemah. Di sebalik kenaikan harga minyak global, Kerajaan MADANI berusaha melindungi rakyat melalui subsidi bersasar sambil mengurus harga bahan api secara bertanggungjawab. Tatkala pasaran minyak global terus berdepan ketidaktentuan, Kerajaan MADANI masih mengekalkan harga RON95 di bawah BUDI95 bagi melindungi isi rumah. Di samping itu bantuan tunai tambahan RM100 BUDI Diesel turut disalurkan. Sumbangan Tunai Rahmah (STR) Fasa 2 diawalkan dan Bantuan Khas Kewangan juga sudah disalurkan, selain pemberian cuti tambahan supaya rakyat dapat membuat persiapan Aidilfitri dan pulang ke kampung dengan lebih tenang. Semoga usaha ini sedikit sebanyak meringankan beban dan memberi kegembiraan kepada semua. Kerajaan akan terus berusaha memastikan kestabilan melalui kawalan harga barang keperluan, pengukuhan jaringan keselamatan sosial, bantuan bersasar kepada rakyat, serta usaha memperkukuh ekonomi domestik agar kita tidak terlalu bergantung kepada faktor luar. Di sebalik setiap dasar dan keputusan yang dibuat, ada matlamat kerajaan yang cukup jelas, demi membantu rakyat meneruskan kehidupan dengan lebih baik. Namun kekuatan Malaysia bukan hanya pada dasar kerajaan sahaja, ia juga terletak pada rakyatnya. Dalam suasana yang mencabar ini, marilah kita terus memelihara perpaduan yang telah lama menjadi tunjang negara. Saling menghormati, jaga sensitiviti, tolong-menolong, dan saling memahami antara kaum adalah kekuatan terbesar kita. Jangan sama sekali biarkan perbezaan memecahkan kita, sebaliknya jadikan kepelbagaian itu sebagai sumber kekuatan. Hari Raya ini adalah waktu terbaik untuk kita merapatkan kembali silaturahim, memaafkan, dan memperkukuhkan jambatan perpaduan. Negara ini hanya akan terus kukuh jika rakyatnya bersatu hati, segulai sejalai. Kepada yang pulang ke kampung halaman, utamakan keselamatan, pandulah dengan berhati-hati. Pastikan rumah dikunci rapi, maklumkan kepada jiran atau balai polis terdekat, tutup suis elektrik dan paip air dengan rapat. Kita mahu pulang beraya dengan tenang, dan kembali juga dengan hati yang lapang. Selamat Hari Raya Aidilfitri, Maaf Zahir Batin. Taqabbalallahu minna wa minkum. Ikhlas, Hj Fadillah Bin Hj Yusof",positive
2034754330948247862,food_prices,"@chairmanGLC Rantaian makanan terjejas teruk sebab penutupan selat ni kerana 1/3 bekalan baja di hasilkan di sana sebab minyak murah, bila bekalan minyak terjejas, baja pun sama. Sawit dan padi di Malaysia gantung pada baja, harga akan naik sebanyak 100%-150%, tapi lebih risaukan internet???",negative
2034586910988079587,food_prices,"Import baja (dan kandungan baja) negara kita sekitar RM5 bilion setahun. Tahun 2022 lepas Russia serang Ukraine harga naik mencanak-canak, kos import baja kita naik 90% jadi hampir RM9 bilion setahun. Malaysia eksport baja juga mostly nitrogen based (urea) tapi import banyak Phosphate & Potassium. Import baja kita 60% dari Russia dan China. China dah umum kawalan eksport baja 2 hari lepas. Pemproses baja dalam Malaysia ada yang dah mula tangguhkan order pelanggan sebab harga input baja naik 100% ke 150%. Harga makanan minyak masak sawit, sayur-sayuran, ayam & telur akan naik kalau perang berterusan. Mungkin seteruk 2022, kalau tidak lebih teruk.",negative
2032773383461679226,food_prices,"#AWANIBorneo bersama Firdaus Azil 📌Harga minyak mencanak, Malaysia pantau kos penerbangan jemaah haji 📌Diesel sabah sarawak 'barang panas', jurang harga punca penyeludupan 📌23 barangan makanan asas di Sarawak disenarai dibawah SHMMP #AWANInews",negative
2030976499541565805,food_prices,"YB Datuk Seri Dr. Dzulkefly Ahmad, Menteri Kesihatan bersama barisan pengurusan tertinggi dan seluruh warga kerja Kementerian Kesihatan Malaysia (KKM) menyertai Majlis Perjumpaan YAB Perdana Menteri bersama warga kementerian bersempena perhimpunan bulanan Kementerian Perdagangan Dalam Negeri dan Kos Sara Hidup secara maya bagi mengikuti amanat Perdana Menteri di Ibu Pejabat KKM hari ini. Dalam usaha memperkukuh kesejahteraan rakyat, YAB Perdana Menteri mengumumkan inisiatif MADANI seperti Sumbangan Tunai Rahmah (STR) Fasa 2 yang diawalkan bermul 10 Mac 2026, Bantuan Khas Kewangan 2026 kepada penjawat awam Gred 15 ke bawah, pelaksanaan larangan penjualan minyak masak paket 1kg kepada warga asing, memperluaskan subsidi tiket penerbangan FLYsiswa RM400 kepada lebih 50,000 pelajar serta penganjuran Jualan Rahmah MADANI menjelang Aidilfitri bagi membantu rakyat mendapat barangan keperluan pada harga berpatutan. KKM komited mendukung aspirasi MADANI melalui penyampaian perkhidmatan kesihatan yang menyeluruh, adil dan inklusif demi memastikan kesejahteraan rakyat terus diperkasa sejajar dengan nilai kemanusiaan sejagat. Turut hadir, YBhg. Datuk Seri Hj. Hasnol Zam Zam bin Hj. Ahmad, Ketua Setiausaha Kementerian Kesihatan, YBhg. Dato’ Sri Zahrul Hakim bin Abdullah,Timbalan Ketua Setiausaha (Kewangan), YBrs. Dr. Ismuni bin Bohari, Timbalan Ketua Pengarah Kesihatan (Kesihatan Awam), YBhg. Datuk Dr. Nor Fariza binti Ngah Timbalan Ketua Pengarah Kesihatan (Penyelidikan & Sokongan Teknikal, YBrs. Dr. Azuana binti Ramli, Timbalan Ketua Pengarah Kesihatan (Perkhidmatan Farmasi), YBrs. Dr. Fauziah binti Ahmad, Timbalan Ketua Pengarah Kesihatan (Kesihatan Pergigian), YBrs. Ts. Zailina binti Abdul Majid, Timbalan Ketua Pengarah Kesihatan (Keselamatan & Kualiti Makanan). #KKMPrihatin #SihatBersama #MalaysiaSihat #MADANIBekerja #RancakkanMADANI",positive
2029461051700592834,food_prices,"KONFLIK TIMUR TENGAH: MALAYSIA KEKAL STABIL, KESELAMATAN RAKYAT TERUS TERPELIHARA Ketegangan geopolitik di Timur Tengah memberi kesan kepada ekonomi global termasuk harga minyak, kos logistik serta rantaian bekalan makanan dunia.",positive
2029008428178321772,food_prices,#putrajaya Harga pengangkutan dan makanan dijangka menerima tekanan paling awal dan paling ketara susulan konflik geopolitik yang semakin memuncak di Timur Tengah,negative
2026881593865122120,food_prices,Situasi itu berisiko mengulangi impak seperti yang berlaku susulan konflik Rusia-Ukraine yang menjejaskan pengeluaran makanan dan bahan galian dunia hingga meningkatkan harga barangan. #AWANInews #AWANI745,negative
1988000497064964234,food_prices,"Lu punya statement ni menunjukkan yang lu gagal faham statement 'Harga makanan tersangkut dipuncak' ni Mat. Time harga barang naik dulu, telur naik kaw2, minyak masak pun sama, harga makanan siap di seluruh Malaysia pun ikut naik. sekarang banyak harga barangan asas dah turun, tapi harga makanan siap masih tersangkut dipuncak. selain daripada sifat peniaga yang nak untung maximum yahudi, ada jawapan lain? Dan tak semua benda Cgpt boleh bagi jawapan tepat brader, kalau jawapan memandai2 boleh ler.",negative
2087082571863851022,inflation,"Agihan Zakat: MAIWP Memperkukuh Kebajikan Asnaf Dalam Cabaran Geopolitik Asia Barat Geopolitik dunia, khususnya konflik di Asia Barat bukan sekadar isu antarabangsa, malah memberi kesan kepada kehidupan rakyat melalui inflasi, kos sara hidup dan pertumbuhan ekonomi selain mempengaruhi kutipan serta keperluan agihan zakat yang menjadi instrumen penting bagi ekonomi umat islam, namun apakah pendekatan terbaik dilaksanakan Majlis Agama Islam Wilayah Persekutuan (MAIWP) untuk memastikan kebajikan asnaf terus terpelihara walaupun berdepan ketidaktentuan ekonomi global? #malaysiagazette #borakMG #Maiwp #zakat #golonganasnaf",negative
2086738628135501894,inflation,"Ekonomi Malaysia diunjur terus kukuh disokong pelaburan domestik, asing #BHbisnes Tekanan terhadap kos sara hidup dan kesan inflasi susulan peningkatan harga minyak kekal antara kebimbangan yang perlu diberi perhatian.",neutral
2077970055586103777,inflation,"Inflasi Jun menyederhana 1.9 peratus disokong penurunan harga minyak #BHbisnes Purata harga RON97 turun kepada RM4.33 seliter pada Jun, manakala purata harga diesel di Semenanjung Malaysia lebih rendah RM4.50 seliter.",positive
2072276135745147092,inflation,"HSBC kekalkan unjuran pertumbuhan ekonomi Malaysia, inflasi terkawal disokong subsidi petrol #BHbisnes Meskipun Malaysia kekal sebagai pengimport bersih minyak mentah, negara juga berstatus pengeksport utama gas asli, sekali gus meletakkannya pada posisi yang menggalakkan.",positive
2070096036568367172,inflation,"Penurunan harga minyak kurangkan kebimbangan tekanan inflasi di Malaysia #BHbisnes Harga minyak yang rendah dapat membantu meredakan tekanan inflasi dengan mengurangkan kos pengangkutan, logistik dan pengeluaran dalam pelbagai industri.",positive
2070090693645914560,inflation,Penurunan Harga Minyak Redakan Kebimbangan Inflasi Malaysia Dan Ekonomi Global #BernamaBiz,positive
2069786342901604713,inflation,"Hala tuju kadar faedah AS, konflik geopolitik jejas sentimen ringgit #BHbisnes Faktor asas ekonomi domestik seperti kadar inflasi, OPR, dasar fiskal, landskap politik negara turut memainkan peranan menentukan turun naik kadar pertukaran mata wang.",neutral
2066382649082671552,inflation,Kementerian Ekonomi menjangka kadar inflasi Malaysia kekal terkawal antara 1.5 dan 2.5 peratus sepanjang tahun ini meskipun berdepan tekanan daripada krisis bekalan tenaga dan ketidaktentuan geopolitik global. #BernamaNews #InfografikBernama #inflasi,positive
2066361010454507727,inflation,#Putrajaya Kementerian Ekonomi menjangka kadar inflasi Malaysia kekal terkawal antara 1.5 dan 2.5 peratus sepanjang tahun ini meskipun berdepan tekanan daripada krisis bekalan tenaga dan ketidaktentuan geopolitik global.,positive
2064663896535740436,inflation,Kejutan Minyak Meningkatkan Inflasi Malaysia Kepada 1.9% Sebanyak 70% isi rumah di negara ini berdepan tekanan kos sara hidup apabila kadar inflasi meningkat kepada 1.9% pada April 2026 berbanding 1.7% pada Mac lalu.,negative
2063483753557614716,inflation,"Ringgit diunjur berada antara RM4.02 dan RM4.04 sedolar minggu depan #BHbisnes Kebuntuan rundingan AS-Iran boleh menyebabkan harga bahan api terus meningkat, mengakibatkan tekanan inflasi yang tinggi.",negative
2062896236479565848,inflation,"Ringgit jatuh kepada RM4.02 sedolar dalam ketidaktentuan geopolitik berterusan #BHbisnes Kebuntuan dalam rundingan antara AS dan Iran berpotensi mengekalkan harga bahan api pada paras tinggi, meningkatkan tekanan inflasi.",negative
2062493602677407971,inflation,"Ringgit jatuh kepada RM4 sedolar hari ini susulan ketegangan geopolitik tidak berkesudahan #BHbisnes Kenaikan harga bahan api dijangka memberi tekanan terhadap inflasi global memandangkan gencatan senjata antara AS, rejim zionis Israel dan Iran masih sukar dicapai.",negative
2061706032532029616,inflation,"#kualalumpur Harga minyak mentah Brent berpotensi melonjak sehingga AS$115 berbanding AS$85.63 setong berikutan kemuncak ketegangan geopolitik di Timur Tengah, sekali gus meningkatkan risiko tekanan inflasi global dan kos import yang lebih tinggi kepada Malaysia",negative
2054107218904301576,inflation,Harga minyak mentah dunia menurun 8.5 peratus minggu pertama Mei Ekonomi Malaysia kekal stabil dengan inflasi terkawal dan pertumbuhan KDNK positif #SinarHarian #hargaminyakdunia #menurun #ekonomiMalaysia #kekalstabil,positive
2052635702190551310,inflation,"Malaysia menegaskan komitmen teguh untuk terus memperkukuh kesepaduan ASEAN dalam mendepani tantangan global yang semakin meruncing, khususnya krisis geopolitik yang memberi kesan langsung terhadap aspek keterjaminan tenaga dan makanan serta kestabilan rantaian bekalan serantau. Dalam Sidang Kemuncak ASEAN ke-48 hari ini, saya menekankan bahawa tiada negara mampu menghadapi kemelut ini secara bersendirian, justeru kerjasama kolektif dan perpaduan serantau yang berpaksi pada solidariti ASEAN mesti terus diperkasa. Malaysia turut menyuarakan dukungan terhadap pemacuan ASEAN Power Grid, pengukuhan mekanisme keselamatan petroleum serantau, serta keperluan memperluas jaringan kerjasama strategik termasuk menerusi ASEAN-GCC-China demi menjamin daya tahan tenaga jangka panjang. Dalam soal keterjaminan makanan pula, ASEAN perlu bertindak lebih tuntas melalui penyelarasan stok kecemasan makanan dan pengukuhan mekanisme simpanan beras APTERR agar rantau ini tidak terus terdedah kepada inflasi makanan dan gangguan bekalan. Pada masa yang sama, keselamatan warga ASEAN di kawasan bergolak turut menjadi keutamaan bersama. Kita mesti memperhebat perkongsian maklumat, kerjasama diplomatik dan mekanisme tindak balas kecemasan demi melindungi kebajikan rakyat ASEAN di luar negara. Walhasil, ASEAN harus terus kekal sebagai wahana kestabilan, keterangkuman dan daya tahan serantau dalam dunia yang semakin berantakan dan terpecah dengan persaingan geopolitik. #MalaysiaMADANI #YakinMADANI #ASEAN48",neutral
2051897955108741603,inflation,"Ada juga terfikir, pada peringkat mana Kerajaan Malaysia akan mula berbelanja lebih (defisit lebih tinggi) untuk bantu sektor yang terjejas dengan krisis bekalan hari ini. Agak jelas Kerajaan masih menyasarkan nisbah defisit 3.5% kepada KDNK seperti dibentangkan dalam belanjawan 2026. Penghalang kepada pakej rangsangan adalah inflasi sebab krisis harini adalah krisis bekalan yang menyebabkan kejutan bekalan manakala permintaan masih belum menunjukkan tanda-tanda akan perlahan. Sebarang pakej rangsangan melalui pinjaman berskala besar macam Thailand buat akan meningkatkan kadar inflasi yang sudah mula menunjukkan tekanan. Ini yang berlaku pada tahun 2022, harga komoditi termasuk minyak meningkat, subsidi pukal dikekalkan, pent-up demand, perbelanjaan Kerajaan terus berkembang menggunakan dana Covid-19 dan pinjaman/hutang dan inflasi melonjak. Bantuan secara bersasar seperti sekarang lebih berkesan berbanding blanket stimulus package.",neutral
2091396494301491606,cost_of_living,"Minyak Masak Makin Mudah Ditemui, Inilah Hasil Reformasi – Fuziah Salleh Oleh Mynewshub KUALA LUMPUR – Timbalan Menteri Perdagangan Dalam Negeri dan Kos Sara Hidup (KPDN), Datuk Dr Fuziah Salleh menyifatkan bekalan minyak masak paket bersubsidi yang kini lebih mudah ditemui sebagai antara hasil reformasi yang dapat dirasai rakyat. Beliau berkata, perkara itu berdasarkan perkongsian seorang pengguna yang mendakwa minyak masak paket bersubsidi sebelum ini sukar diperoleh, namun kini stoknya lebih mudah ditemui di pasaran. “Katanya, kalau dahulu memang susah hendak mendapatkan minyak masak ini, sekarang pergi ke mana-mana pun, insya-Allah stok lebih mudah ditemui. “Inilah Reformasi yang kita mahu rakyat rasai,” katanya menerusi satu hantaran di media sosial. Menurut Fuziah, KPDN memperkenalkan sistem eCOSS dan Mobile eCOSS bagi memantau pengedaran minyak masak paket bersubsidi dengan lebih menyeluruh, bermula daripada rantaian bekalan sehingga sampai kepada pengguna. Katanya, berdasarkan perbandingan antara Januari hingga April 2025 dengan tempoh sama pada 2026, aduan berkaitan kegiatan menyorok stok mencatatkan penurunan sebanyak 66.15 peratus. Dalam tempoh sama, aduan kurang atau tiada bekalan turun 24.47 peratus, penjualan bersyarat menurun 6.19 peratus manakala aduan peniaga enggan menjual berkurangan 1.15 peratus. Fuziah berkata, Mobile eCOSS turut menggunakan eKYC dan MyDigital ID bagi mengesahkan identiti pengguna, manakala sejak 1 Mac 2026, pembelian minyak masak paket bersubsidi hanya dibenarkan kepada warganegara Malaysia. Menurutnya, sehingga 3 Julai lalu, lebih 5.2 juta rakyat Malaysia telah berdaftar menggunakan Mobile eCOSS. “Bagi saya, ukuran kejayaan sesuatu dasar bukan sekadar pada sistem atau angka, tetapi apabila rakyat sendiri mula merasakan bekalan lebih mudah diperoleh. “Kita akan terus memperkemas pemantauan supaya minyak masak paket bersubsidi ini benar-benar sampai kepada rakyat Malaysia yang berhak,” katanya. - MYNEWSHUB Sumber Info/Foto: Akaun Media Sosial Fuziah Salleh",positive
2089371806763470907,cost_of_living,"Perhimpunan Agung UMNO 2026 Perlu Ambil Keputusan Berani Selepas Diserang PKR, DAP Oleh Mynewshub KUALA LUMPUR - UMNO perlu mempunyai keberanian untuk membuat keputusan yang besar dan penting dalam Perhimpunan Agung UMNO (PAU) 2026. Exco Pemuda UMNO, Muhamad Nur Aizat Noor Azam berkata, UMNO perlu buat keputusan berani demi maruah parti selepas dihentam oleh Parti Keadilan Rakyat (PKR) dan DAP. 'Keputusan yang mendengar suara ahli dan akar umbi. Dan yang paling penting keputusan yang mengambil kira perubahan sentimen orang Melayu dan Islam yang saya lihat semakin kembali mendekati UMNO. ""Keputusan pilihan raya di Johor dan Negeri Sembilan telah menghantar isyarat yang cukup jelas. Momentum ini jangan disia-siakan,"" katanya dalam satu hantaran di media sosial. Terdahulu, Muhamad Nur Aizat berkata, UMNO dihentam, dikritik dan diserang oleh jurucakap DAP dan PKR, namun mereka masih memilih untuk terus kekal dalam kerajaan. Kata beliau, ia bermaksud UMNO boleh dihentam, dikritik dan dipersalahkan, tetapi apabila sampai soal kelangsungan kerajaan UMNO diperlukan. Dalam pada itu, katanya, PAU 2026 perlu membuat keputusan berani demi rakyat yang semakin penat mendengar slogan dan propaganda politik. ""Kos sara hidup masih menghimpit. Harga barang terus menjadi keluhan. Kehidupan rakyat semakin mencabar. ""Malah sekarang pergerakan harian pun terpaksa dikira dan dikawal kerana kuota subsidi minyak yang tidak mencukupi bagi sebahagian rakyat,"" katanya. Dalam keadaan seperti itu, kata beliau, UMNO perlu kembali menjadi suara rakyat, bukan semata-mata memikirkan bagaimana mahu terus berada dalam kerajaan. ""Apakah kedudukan dan hala tuju yang terbaik untuk UMNO, untuk orang Melayu dan Islam serta untuk rakyat Malaysia keseluruhannya? ""Kalau parti lain boleh bermesyuarat, berbahas dan membuat keputusan mengenai kedudukan mereka dalam kerajaan, UMNO juga berhak menilai kedudukan dan hala tujunya sendiri. ""Demi maruah UMNO. Demi perjuangan yang kita warisi. Dan demi mengembalikan keyakinan rakyat kepada parti ini. Kita nantikan 9 hingga 12 September ini. ""Mungkin PAU 2026 masanya untuk UMNO membuat satu keputusan besar demi maruah parti, demi suara akar umbi dan demi mengembalikan keyakinan orang Melayu kepada UMNO,"" katanya. - MYNEWSHUB Sumber Info/Foto: Akaun Media Sosial Aizat Reko",negative
2088185254712676518,cost_of_living,Untung bersih suku kedua Affin Bank susut kepada RM127.52 juta #BHbisnes Konflik AS-Iran meningkatkan tekanan kos sara hidup di Malaysia dan menghimpit sentimen serta perbelanjaan pengguna.,negative
2077763692905763063,cost_of_living,"Kerajaan tiada rancangan ubah harga RON95 bersubsidi pada kadar RM1.99 seliter #BHbisnes Selaras dengan penegasan Perdana Menteri, kerajaan tidak bercadang menaikkan harga minyak ketika rakyat masih berdepan ketidaktentuan bekalan global, tekanan kos sara hidup.",neutral
2069212482535907498,cost_of_living,#BeritaFMT Konflik Asia Barat belum reda walaupun ada perjanjian damai baharu. Mengapa harga minyak masih boleh naik dan kesan kepada kos sara hidup? Artikel Penuh:,negative
2068939704775635343,cost_of_living,Pengguna diesel Sabah menyambut baik penurunan harga minyak kerana mampu mengurangkan kos sara hidup dan harga barangan Berita selanjutnya di ruangan komen #themalaysiapress #taatsetia #bangsamalaysia #informasiberfaktamembukaminda,positive
2066422236203135192,cost_of_living,"Dua bulan lalu, Kerajaan Negeri Selangor telah mengumumkan Pakej Pengukuhan Daya Tahan Selangor (PPDTS) Fasa 1 sebagai langkah proaktif dalam menghadapi ketidaktentuan ekonomi dan geopolitik susulan konflik yang berlaku di Timur Tengah. Pakej ini dirangka hasil siri perbincangan dan sesi libat urus yang bermula pada 1 April lalu bersama pakar-pakar dalam bidang sosioekonomi, geopolitik, industri dan tenaga bagi menilai impak semasa serta mengenal pasti langkah intervensi yang bersesuaian untuk rakyat dan ekonomi negeri. Pada peringkat awal, sebanyak RM140 juta diperuntukkan bagi melaksanakan tujuh program utama yang disusun untuk membantu meringankan kos sara hidup, memperkukuh keterjaminan bekalan makanan serta meningkatkan daya tahan ekonomi negeri. Keputusan ini turut mengambil kira konteks unik Malaysia yang berjaya mengekalkan kestabilan ekonomi hasil pelbagai langkah dan strategi yang dilaksanakan oleh Kerajaan Persekutuan, sekali gus menampan kesan krisis global daripada memberi impak yang lebih besar kepada rakyat. Alhamdulillah, hari ini PPDTS Fasa 1 telah dilancarkan secara rasmi. Semoga segala inisiatif yang diperkenalkan dapat dimanfaatkan sebaiknya oleh rakyat dan menjadi antara ikhtiar penting dalam memastikan kesejahteraan, kestabilan ekonomi serta ketahanan Selangor terus terpelihara, insya-Allah. Layari laman sesawang untuk maklumat lanjut. #KitaSelangor",positive
2064922854844662057,cost_of_living,"Ketika negara berdepan risiko gangguan bekalan minyak, bukan harga minyak saja yang naik, kos sara hidup pun makin tinggi. Persoalannya, adakah subsidi sekadar menutup masalah sementara? Jika mahu bersedia untuk masa depan, adakah strategi kita benar-benar mencukupi?",negative
2064599986843853146,cost_of_living,"Ketegangan geopolitik dunia bukan sahaja menjejaskan negara terlibat, malah turut memberi kesan kepada Malaysia melalui kenaikan harga minyak, gangguan rantaian bekalan dan kos sara hidup yang semakin mencabar. ⛽📦💰 #RancakkanMADANI #MADANIBekerja #TaatSetia #JabatanPenerangan",negative
2064329037196198272,cost_of_living,"Hari ini, saya mempengerusikan Mesyuarat Majlis Penasihat Perpaduan Negara (MPPN) Bilangan 1 Tahun 2026. Pada masa ini, kita melihat dunia diuji oleh ketegangan geopolitik di Asia Barat. Impak daripada krisis ini tidak terhad kepada sempadan negara tersebut sahaja, malah Malaysia turut terkesan terutamanya dalam bentuk peningkatan harga minyak, gangguan rantaian bekalan dan kos sara hidup yang semakin mencabar. Kenaikan harga barang dan tekanan kos harian ini menimbulkan keresahan dan kebimbangan dalam kalangan masyarakat. Namun, kita harus memastikan bahawa tekanan ekonomi ini tidak menghakis ikatan perpaduan masyarakat. Majlis ini turut berperanan untuk membawa naratif yang tepat kepada rakyat bagi membetulkan persepsi rakyat yang salah, menenangkan keadaan dan menggalakkan masyarakat agar tidak mudah terpengaruh dengan provokasi media sosial akibat tekanan ekonomi. Hasil perbincangan Mesyuarat MPPN ini akan diangkat untuk makluman dan persetujuan Jemaah Menteri dalam masa terdekat. Saya juga menyeru kepada semua Ahli Majlis untuk terus bekerjasama rapat dengan pihak KPN. Komitmen padu semua Ahli MPPN dapat menyokong dan memperkukuh peranan KPN demi memelihara keharmonian serta keutuhan integrasi nasional. #PETRA #MalaysiaMadani #MadaniBekerja Kuala Lumpur l 9 Jun 2026 l Selasa",negative
2064317054141038978,cost_of_living,"Seleweng Diesel Subsidi Tumpas, Nilai Sitaan Cecah RM2 Juta #mgflash Kegiatan penyelewengan minyak diesel bersudsidi secara haram berjaya ditumpaskan di sebuah premis di Teluk Panglima Garang, Kuala Langat dalam serbuan Ops Tiris 4.0, semalam. Operasi sekitar jam 5 petang ke atas premis tanpa nombor itu dijalankan Kementerian Perdagangan Dalam Negeri dan Kos Sara Hidup (KPDN) Selangor berdasarkan risikan dua minggu yang dilakukan. #malaysiagazette #selewengdiesel",neutral
2063626261034098960,cost_of_living,"𝗠𝗔𝗟𝗔𝗬𝗦𝗜𝗔 𝗦𝗘𝗥𝗧𝗔𝗜 𝗠𝗘𝗦𝗬𝗨𝗔𝗥𝗔𝗧 𝗢𝗣𝗘𝗖 𝗗𝗔𝗡 𝗢𝗣𝗘𝗖+ 𝗞𝗔𝗟𝗜 𝗞𝗘-𝟰𝟭 YB Tn Hj. Akmal Nasrullah Hj Mohd Nasir, Menteri Ekonomi mengetuai delegasi Malaysia ke Mesyuarat Peringkat Menteri Pertubuhan Negara Pengeksport Petroleum (OPEC) dan Bukan OPEC (OPEC+) Ke-41 bersama 21 buah negara lain yang berlangsung secara dalam talian malam ini. 1. Memperkukuh Kestabilan Pasaran Minyak Global Mesyuarat berkala ini menjadi platform penting untuk membincangkan perkembangan pengeluaran minyak mentah dalam kalangan negara pengeluar OPEC dan OPEC+. Penyertaan Malaysia dalam mesyuarat OPEC+ sejak Disember 2016 mencerminkan komitmen negara untuk terus mengikuti perkembangan pasaran tenaga global, khususnya dalam suasana ketidaktentuan geopolitik semasa susulan konflik di Eropah dan Asia Barat. Perkembangan ini memberi kesan langsung kepada kestabilan pasaran minyak dunia, pergerakan harga minyak mentah seterusnya mempengaruhi pendapatan negara, kedudukan fiskal Kerajaan dan kos sara hidup rakyat. 2. Kepentingan kepada Ekonomi dan Fiskal Negara Peranan OPEC kekal penting dalam membantu mengimbangi bekalan dan permintaan pasaran minyak dunia, selain memastikan paras harga minyak yang lebih stabil dan munasabah. Malaysia berpandangan bahawa tindakan kolektif OPEC+ adalah penting bagi menyokong kestabilan pasaran tenaga global, di samping memastikan keputusan yang dibuat mengambil kira perkembangan semasa ekonomi dunia dan kepentingan negara pengeluar. Delegasi Malaysia turut disertai oleh Ketua Setiausaha Kementerian Ekonomi, pegawai-pegawai kanan kementerian, Kedutaan Besar Malaysia di Austria dan PETRONAS. #KementerianEkonomi #OPEC #OPECPlus #Tenaga #EkonomiMADANI",neutral
2063625090928136572,cost_of_living,"Kita terus jaga kepentingan Malaysia, pastikan bekalan minyak negara kekal stabil 💪🏻💪🏻💪🏻 Seperti yang saya kongsi semalam, malam ini saya mengetuai delegasi Malaysia ke Mesyuarat Peringkat Menteri Pertubuhan Negara-Negara Pengeksport Petroleum (OPEC) bersama 21 buah negara lain yang dijalankan secara atas talian. Bila konflik geopolitik di Asia Barat tak surut, maka kita perlu ambil serius bagi setiap kesannya kepada rakyat biasa. Ketidaktentuan yang berpanjangan di rantau tersebut bukan sahaja menjejaskan kestabilan politik dan keselamatan global, malah turut memberi kesan langsung kepada pasaran tenaga dunia, khususnya harga minyak mentah. Penglibatan Malaysia amat penting bagi memastikan Malaysia seiring dengan perkembangan semasa serta hala tuju pasaran minyak global. Konflik yang berterusan di Eropah dan Asia Barat berpotensi mencetuskan turun naik harga minyak yang boleh menjejaskan pendapatan negara, kedudukan fiskal dan kos sara hidup rakyat. Kita perlu memastikan keseimbangan antara bekalan dan permintaan minyak dunia. Melalui kerjasama negara-negara pengeluar minyak, OPEC berusaha mengekalkan kestabilan pasaran serta menyokong paras harga yang munasabah dan mampan. Delegasi Malaysia ke mesyuarat ini turut dihadiri pegawai-pegawai kanan Kementerian Ekonomi, Kedutaan Besar Malaysia di Austria dan pengurusan PETRONAS.",neutral
2061372331428299122,cost_of_living,"Daulat Tuanku: Bukti Kukuh Kestabilan Adalah Kunci Utama Masa Depan Anak-Anak Kita. Kadang-kadang bila kita buka berita luar negara, perang meletus sana sini, iklim dunia makin melampau, dan harga barang sedunia naik mendadak, mesti terdetik rasa bimbang di hati kita, kan? ""Macam mana la masa depan anak-anak nanti? Boleh ke kita bertahan?"" Kerisauan tu sangat berasas dan anda tak sendirian. Kita bukan hidup di dalam buih yang kebal. Apabila dunia luar bergelora dengan tekanan ekonomi global dan perubahan teknologi yang pantas, tempiasnya pasti terasa sampai ke periuk nasi kita. Memang penat memikirkan cabaran kos sara hidup hari ini. Tapi sedar tak, dalam diam, kita sangat beruntung kerana negara kita masih dipayungi payung kestabilan. Sempena Hari Keputeraan rasmi YDP Agong hari ini, PM Anwar Ibrahim mengingatkan kita kembali tentang kekuatan besar yang kita ada: Perpaduan dan Tata Kelola yang baik. Kerajaan faham akan beban yang digalas rakyat. Sebab itu, berpandukan titah ketat Tuanku untuk memerangi rasuah dan golongan yang membolot kekayaan, Kerajaan sedang bertungkus-lumus membina 'perisai' untuk kita: ✅ Mengemudi ribut ekonomi: Kadar pengangguran kita kekal rendah, dan pelabur asing kembali yakin mencurah dana ke dalam negara. ✅ Menyekat ketirisan wang negara: Penyasaran subsidi minyak dilakukan secara cermat supaya bantuan jatuh tepat ke tangan rakyat yang benar-benar memerlukan, bukan dibolot warga asing atau golongan maha kaya. ✅ Membuka peluang baharu: Reformasi dan transformasi digital sedang rancak berjalan demi menyediakan peluang pekerjaan yang lebih bermutu tinggi untuk anak muda kita. Usaha membendung kos sara hidup ini memang dilakukan secara berperingkat dan berhemah. Ia bukan magis sekelip mata, tapi kerja keras nyata untuk memastikan perlindungan jangka panjang buat kita semua. Selagi institusi Raja terus memayungi keamanan, dan Kerajaan kekal fokus menjaga kebajikan rakyat berbanding poket sendiri, kita berada di landasan yang betul. Jom sama-sama kita doakan keharmonian negara dan sokong usaha kestabilan ini. Malaysia ini rumah kita, kalau bukan kita yang teguhkan, siapa lagi? Daulat Tuanku! 🇲🇾✨ #daulattuanku #sultanibrahim #malaysiamadani #anwaribrahim",positive
2059461998040252808,cost_of_living,"Diplomasi Matang PMX: Perisai Terbaik Rakyat di Lautan Bergelora Bayangkan perasaan keluarga pelaut kita. Berhari-hari berdebar menanti khabar dari Selat Hormuz tatkala ketegangan memuncak di Timur Tengah. Kita di sini mungkin sekadar membaca berita tentang perang, serangan dron, dan konflik geopolitik di skrin telefon. Tapi bagi seorang bapa yang mencari rezeki di lautan luas, setiap detik ketegangan itu adalah soal hidup dan mati. Tambahan pula, laluan perdagangan maritim dan keselamatan tenaga negara kita amat bergantung kepada perairan strategik ini; jika ia bergelora, kos sara hidup kita di tanah air pasti terkesan. Di sinilah kita melihat nilai sebenar seorang pemimpin yang dihormati di persada global. Perbualan telefon Datuk Seri Anwar Ibrahim dengan Presiden Iran, Dr Masoud Pezeshkian, bukan sekadar bertukar ucapan Aidilfitri. Ia membuahkan hasil nyata—menjamin pelepasan dan keselamatan kapal Malaysia di Selat Hormuz baru-baru ini. Sementara negara-negara lain mungkin memilih jalan kekerasan, Kerajaan kita membuktikan bahawa diplomasi yang matang, hikmah, dan hubungan persahabatan mampu menjadi pelindung terbaik rakyat kita. Kelantangan dan pendirian konsisten PMX mengecam kekejaman pencerobohan, serta keberanian membela nasib mereka yang tidak berdosa, telah meletakkan nama Malaysia tinggi di mata dunia. Kita tidak tunduk, kita bersuara, dan kita dihormati. Dalam dunia yang semakin tidak menentu, kita memerlukan seorang nakhoda yang tenang, berwibawa, dan pantas bertindak mempertahankan nyawa serta maruah negara. Mari kita terus bersatu hati, menyokong usaha penstabilan kerajaan ini, dan mendoakan kesejahteraan berterusan buat tanah air kita. Kestabilan negara bermula dari kebijaksanaan kepimpinannya. #diplomasipmx #malaysiamadani #anwaribrahim #keadilanuntuksemua",positive
2059256643200668114,cost_of_living,"💫 Salam Aidiladha 1447H 💫 Aidiladha mengingatkan kita kepada kisah agung peristiwa pengorbanan Nabi Ibrahim AS dan anaknya, Nabi Ismail AS yang menguji ketaatan, keikhlasan dan keyakinan kepada Allah SWT dalam menghadapi ujian yang sangat besar. Ia memberi pengajaran bahawa setiap cabaran memerlukan kesabaran, pengorbanan dan kebersamaan untuk diharungi. Allah SWT berfirman: “Sesungguhnya bersama kesukaran itu ada kemudahan.” (Surah Al-Insyirah: 6) Ketika ini, dunia sedang berdepan pelbagai ketidaktentuan akibat konflik geopolitik yang memberi kesan kepada bekalan tenaga, rantaian makanan dan kos sara hidup global. Dalam suasana mencabar ini, semangat Aidiladha tersebut perlu kita garap agar kekal tenang, saling membantu, berjimat cermat, dan mengutamakan kebersamaan demi kesejahteraan bersama. Aidiladha juga mengingatkan kita bahawa kekuatan sebenar sesebuah negara bukan hanya pada kemajuan pembangunan, tetapi pada rakyatnya yang bersatu hati, saling peduli dan sanggup berkorban demi masa depan bersama. Alhamdulillah, Malaysia terus kekal aman dan stabil hasil usaha berterusan Kerajaan MADANI dalam memastikan kebajikan rakyat sentiasa terpelihara walaupun dunia luar sedang bergelora. Buat para jemaah Malaysia yang sedang melaksanakan ibadah haji, saya mendoakan agar dipermudahkan segala urusan, dikurniakan haji mabrur dan semoga selamat pulang ke tanah air. Selamat Hari Raya Aidiladha. 🕋 Ikhlas daripada, Azalina Othman Said",positive
2057651426604839318,cost_of_living,"Seleweng Diesel Bersubsidi Tumpas, Dikesan Guna Fleet Card Pihak Lain #MGFlash Kegiatan penyelewengan minyak diesel bersubsidi berjaya ditumpaskan dengan merampas kira-kira 43,000 liter cecair menerusi operasi khas di Bukit Mertajam, Pulau Pinang, pada 20 Mei lalu. Operasi sekitar jam 2 petang itu dilaksanakan oleh Kementerian Perdagangan Dalam Negeri dan Kos Sara Hidup (KPDN) Putrajaya bersama Polis Diraja Malaysia (PDRM) Cawangan Khas Bukit Aman. #malaysiagazette #selewengdiesel #dieselbersubsidi",neutral
2057409186775154797,cost_of_living,"Kegiatan Seleweng Minyak Masak Subsidi Tumpas, Nilai Sitaan RM300,000 #MGFlash Kementerian Perdagangan Dalam Negeri dan Kos Sara Hidup (KPDN) Selangor melakukan sitaan bernilai kira-kira RM300,000 susulan serbuan ke atas sebuah premis dipercayai terlibat kegiatan penyelewengan minyak masak paket bersubsidi di Shah Alam, hari ini. Operasi yang itu dilakukan kira-kira jam 1.00 petang itu membawa kepada penahanan lima lelaki dan seorang wanita tempatan berusia bawah 40 tahun bagi membantu siasatan.",neutral
2057279665925153278,cost_of_living,"Ketika dunia berdepan konflik geopolitik, perang dagang, krisis tenaga dan tekanan kos sara hidup — adakah Malaysia memerlukan pilihan raya dalam masa terdekat atau kestabilan politik lebih utama ketika ini? Landskap politik Malaysia semakin berpecah, tanda demokrasi semakin matang atau petunjuk politik negara semakin tidak stabil? Siapa sebenarnya paling untung — rakyat, parti kecil atau gabungan besar? #DialogTigaPenjuru, Khamis 8.30 malam #AWANInews",neutral
2056939563558559961,cost_of_living,"Lori Bonded Disyaki Seleweng Diesel Guna Fleet Card #MGFlash Kementerian Perdagangan Dalam Negeri dan Kos Sara Hidup Selangor mengesan sebuah lori bonded disyaki cuba menyeleweng diesel bersubsidi menggunakan fleet card di sebuah stesen minyak di Jalan Batu Tiga Lama, Selangor semalam. #malaysiagazette #diesel #seleweng",neutral
2055262213938794689,cost_of_living,"Menyedari cabaran kos sara hidup yang meningkat akibat ketidaktentuan geopolitik global, MOT memperkukuh peralihan kepada penggunaan pengangkutan awam sebagai solusi mobiliti yang lebih mampan dan berdaya mampu milik.",negative
2055220691893694643,cost_of_living,"Kementerian Perdagangan Dalam Negeri dan Kos Sara Hidup (KPDN) Perak, membuka siasatan terhadap satu kes melibatkan sebuah kenderaan disyaki menggunakan nombor pendaftaran asing, yang tular mengisi petrol RON95 di sebuah stesen minyak di Ayer Tawar dekat Manjung, baru-baru ini. #harianmetro #mymetro",neutral
2054153278565605630,cost_of_living,"Kononnya 60% peratus rakyat Malaysia guna kurang dari 150 litre petrol sebulan😏 Pastu yang lagi 40% yang guna lebih dari 150 liter kerana terpaksa kerja jauh, bawak anak-anak ke sekolah dll tak perlu subsidi kah? Bongok punya timbalan menteri! Korang ahli parlimen dan menteri semua takde kesan pun sebab dah dapat banyak elaun. Cuba korang sendiri tarik balik elaun-elaun yang boros sebelum cakap banyak boleh tak? Daripada sibuk nak kacau kuota rakyat biasa yang tengah lemas bergelut dengan kos sara hidup, kenapa tak tarik terus subsidi RON95 untuk golongan maha kaya (T20)? Pakar ekonomi sendiri dah buat kira-kira, lebih 30% daripada keseluruhan subsidi RON95 dinikmati oleh T20. Kalau kerajaan tarik subsidi minyak diorang, negara boleh jimat gila-gila sampai RM1.5 bilion sebulan! Kenapa nak tindas rakyat marhaen sedangkan yang kaya-raya masih sedap tuang minyak murah? Nah ini elaun-elaun yang korang sebagai Ahli Parlimen dan Menteri/Timbalan dapat: 1. Ahli Parlimen (Dewan Rakyat) Ahli Parlimen menerima elaun bulanan tetap dan pelbagai kemudahan tambahan untuk perjalanan rasmi. Setakat Mei 2026, pecahan ringkasnya adalah seperti berikut: • Elaun Petrol/Perjalanan Bulanan Tetap: Anggaran RM1,500. • Elaun Pemandu: Anggaran RM1,500 sebulan (untuk menggaji pemandu peribadi). • Tuntutan Perbatuan (Mileage): Untuk tugas rasmi, Ahli Parlimen boleh menuntut perbatuan (RM1.00 per km untuk 500km pertama; RM0.90 per km untuk seterusnya). • Tol & Parkir: Boleh dituntut sepenuhnya dengan resit. 2. Menteri & Timbalan Menteri Menteri menerima tahap faedah yang lebih tinggi selaras dengan kedudukan eksekutif, dan semuanya dipermudahkan oleh sumber kerajaan: • Kenderaan Rasmi: Disediakan kereta rasmi kerajaan (biasanya model premium seperti Toyota Vellfire). • Penyelenggaraan & Bahan Api: Kos petrol, penyelenggaraan, dan pemandu ditanggung sepenuhnya oleh kerajaan. • Kad Petrol: Diberikan kad petrol armada khas tanpa perlu buat ""tuntutan""; ia dibayar terus oleh kementerian. 3. Pembaziran Konvoi & Polis Pengiring (Outrider) Belum kira lagi pembaziran bahan api yang melampau bila korang bergerak ke hulu ke hilir! Asal pergi majlis atau urusan rasmi je, berderet konvoi mengekor. Ada polis pengiring (outrider), kereta escort depan belakang, campur lagi dengan kenderaan rombongan pegawai. Berapa banyak liter petrol kenderaan-kenderaan konvoi ni bakar macam air setiap hari? Masa rakyat marhaen berpeluh kira liter minyak nak hantar anak pergi sekolah, korang dengan bangganya membazirkan minyak untuk konvoi VIP yang melebih-lebih! Kiraan Anggaran Penjimatan Kalau Elaun Korang Ditarik Balik: • Elaun Petrol & Pemandu MP (222 orang x RM3,000): RM666,000 • Kos Petrol/Penyelenggaraan Kereta Rasmi Menteri & Timbalan (Anggaran RM6,000 x 55 orang): RM330,000 • Anggaran Tuntutan Perbatuan (Purata konservatif RM1,000 x 222 MP): RM222,000 • JUMLAH: Anggaran RM1,218,000 sebulan Ya, kami tahu nilai penjimatan RM1.2 juta sebulan dari elaun korang ni hanyalah celah gigi atau 'negligible' kalau nak dibandingkan dengan bilion ringgit bajet negara atau penjimatan subsidi T20. Tapi ini soal PRINSIP! Ini soal kepimpinan melalui teladan! Kalau rakyat kat bawah ni disuruh ikat perut, potong kuota, dan kongsi keperitan ekonomi yang makin menekan, korang yang duduk di atas tu patut rasa susah sama-sama. Bukannya hidup senang-lenang, jalan tak payah fikir duit minyak, dan bazirkan bahan api dengan konvoi sana-sini sebab semuanya ditaja oleh duit cukai kami! Cakap tak serupa bikin! Puih!",negative
2047543955517280690,cost_of_living,"Kenapa kos sara hidup dan kos bisnes bakal naik lagi? Ini puncanya. 1. Kapal tangki terakhir sebelum perang Iran baru saja sampai ke destinasi. Stok sedia ada sekarang adalah stok lama. 2. Selat Hormuz yang menjadi laluan utama kini terkesan. Bekalan selepas perang bermula masih menjadi tanda tanya. 3. Kesannya meluas. Bukan sekadar harga minyak tapi juga baja dan bahan mentah industri petrokimia. Memetik perkongsian Dato Nik Hasyudeen, kita jangan hanya fokus pada harga RON95 yang belum naik. Lihat sekeliling, ramai usahawan mula rasa tekanan kos. Nasihat penting: Jangan biarkan krisis berlalu tanpa kita ambil langkah proaktif untuk bertahan. Masa untuk jadi lebih strategik.",negative
2047155069116993610,cost_of_living,"Lagi Cubaan Seleweng Bekalan Diesel #MGFlash Lagi cubaan seleweng bekalan diesel dipatahkan Kementerian Perdagangan Dalam Negeri Dan Kos Sara Hidup (KPDN) Selangor. Dalam kejadian pada 22 April lalu, anggota unit rondaan bermotorsikal (URB) di bawa Ops Tiris 4.0 mengesan sebuah lori jenis tanker yang mencurigakan, sedang membuat pengisian diesel di sebuah stesen minyak di Pandamaran, Klang.",neutral
2045476190954414087,cost_of_living,"Kekuatan negara tidak hanya bergantung kepada dasar ekonomi semata-mata, bahkan meliputi perpaduan rakyat dalam mendepani isu seperti kenaikan harga minyak dunia yang memberi kesan langsung kepada kos sara hidup. #sinarharian #beritaterkini",negative
2045453060991070352,cost_of_living,"2 Lelaki Seleweng Minyak Diesel Dicekup #MGFlash Dua lelaki ditahan dalam serbuan Pasukan Simpanan Persekutuan (PSP) Bukit Aman bersama Kementerian Perdagangan Dalam Negeri dan Kos Sara Hidup (KPDN) Negeri Sembilan di sebuah premis di Jalan Sepang, Lukut, malam tadi.",neutral
2045158703775858920,cost_of_living,"KENYATAAN MEDIA Mesyuarat Majlis Kerja Tertinggi (MKT) UMNO yang berlangsung di Melaka pada 17 April 2026 bersamaan 28 Syawal 1447H telah mengadakan perbincangan dan membuat beberapa ketetapan sebagaimana berikut: 1. Menyokong dan mendukung penuh gagasan Rumah Bangsa yang dicetuskan oleh YAB Presiden UMNO untuk menerima kembali tanpa syarat mana-mana ahli yang digantung, dipecat atau keluar parti atas apa jua faktor. Antara nama-nama pemohon yang telah diputuskan oleh MKT termasuk YB Dato’ Sri Hishammuddin Tun Hussein, En Khairy Jamaluddin Abu Bakar, Tan Sri Syed Hamid Syed Jaafar Albar dan 6,252 bekas pimpinan serta ahli di peringkat UMNO Bahagian dan Cawangan seluruh Malaysia. 2. Selaras dengan Fasal 5.2 Perlembagaan UMNO, Majlis Kerja Tertinggi juga telah membuat pindaan terhadap Peraturan Keahlian UMNO dengan membolehkan pendaftaran secara atas talian bagi mempermudahkan kemasukan ahli baharu terutamanya di kalangan anak-anak muda. 3. Menyedari cabaran kos sara hidup yang dialami oleh rakyat akibat kenaikan harga minyak dan inflasi global disebabkan kesan peperangan di Iran, Majlis Kerja Tertinggi menyarankan agar negeri-negeri yang diterajui oleh pimpinan UMNO khususnya Johor, Melaka, Perak dan Pahang agar memfokuskan bantuan-bantuan tambahan kepada pelbagai kelompok masyarakat yang terkesan. 4. Sempena minggu Sambutan 80 Tahun UMNO yang akan berlangsung dari 1hb Mei hingga 5hb Mei 2026 di World Trade Centre, Kuala Lumpur beberapa program utama akan dilangsungkan termasuk Konvensyen 80 Tahun UMNO, Kongres Pendidikan Bumiputera, Karnival Keusahawanan dan Pendidikan termasuklah Majlis Khas Ramah Mesra Pemuda dan Puteri UMNO bersama ahli-ahli baharu. 5. Selaras dengan Fasal 10.15 Perlembagaan UMNO, Majlis Kerja Tertinggi telah memberikan kebenaran kepada sayap-sayap parti Wanita, Pergerakan Pemuda dan Pergerakan Puteri untuk mengadakan persidangan peringkat cawangan secara hibrid atau gabungan antara kehadiran secara fizikal dan secara atas talian khususnya dalam tahun yang tiada pemilihan parti. SUA UMNO",negative
2044363929057632571,cost_of_living,"KPDN Rampas 14,870 Liter Diesel Tanpa Permit Di Pahang #MGFlash Kementerian Perdagangan Dalam Negeri dan Kos Sara Hidup Pahang merampas hampir 15 ribu liter minyak diesel yang disimpan tanpa permit sah di sebuah tapak pembinaan di Mukim Penor, Kuantan.",neutral
2043890848333766995,cost_of_living,"Malaysia berdepan tempias risiko konflik berpanjangan AS-Iran #BHbisnes Ancaman utama bukan konflik ketenteraan secara langsung, tetapi kejutan harga tenaga dan tekanan kos sara hidup yang menuntut rakyat tidak membazir, buat pembelian panik.",negative
2043675928837181725,cost_of_living,"Kuching | 13 April 2026 | Isnin Mempengerusikan Mesyuarat Penubuhan Pasukan Petugas Khas Ops Tiris 4.0 (Bersepadu) Peringkat Negeri Sarawak di Kuching, petang tadi. Terima kasih Datuk Amar Mohamad Abu Bakar Marzuki, Setiausaha Kerajaan Negeri Sarawak yang dapat bersama menghadiri mesyuarat hari ini dan bersetuju untuk menjadi pengerusi bersama dengan Setiausaha Persekutuan dalam ‘task force’ ini nanti. Turut sama Datuk Armizan Mohd Ali, Menteri Perdagangan Dalam Negeri dan Kos Sara Hidup (KPDN). Mesyuarat Jemaah Menteri pada 8 April 2026 telah mempersetujui syor untuk penugasan sementara anggota Polis di stesen-stesen minyak berisiko di sempadan sebagai peluasan kepada penempatan secara statik penguat kuasa KPDN bagi membanteras ketirisan bahan api. Berdasarkan data semasa, KPDN telah mengenal pasti 151 buah stesen minyak yang perlu dipantau rapi. Daripada jumlah tersebut: i) 87 buah stesen minyak terletak di kawasan sempadan; dan ii) 64 merupakan stesen minyak di kawasan berisiko tinggi. Ini merujuk kepada stesen minyak yang merekodkan peningkatan jualan mendadak yang tidak sepadan dengan demografi penduduk setempat dan lokasi yang sering menjadi tumpuan sindiket menggunakan kenderaan berpendaftaran asing atau kenderaan dengan tangki ubah suai. Daripada 87 stesen minyak di sempadan ini, 22 stesen di Sarawak (Limbang, Lubok Antu, Lundu) akan dipantau oleh PDRM melalui kerjasama bersepadu ini. Langkah ini membolehkan penguat kuasa KPDN memberikan tumpuan dan fokus kepada lokasi-lokasi berisiko berlaku ketirisan barang kawalan khususnya bahan api termasuklah 16 lokasi Persatuan Nelayan Negeri Sarawak (PANESA) yang menempatkan depoh diesel untuk kegunaan nelayan, 25 stesen minyak tanpa jenama (unbranded station), 153 skid tank persendirian berpermit dan juga jeti-jeti haram yang menjalankan aktiviti bunkering di sungai-sungai negeri Sarawak. Penguat kuasa KPDN juga akan memberi tumpuan kepada kestabilan harga dan bekalan barangan kawalan yang lain. Melalui OPS Tiris 4.0 (Bersepadu) yang bermula 16 Mac hingga 12 April 2026: • 13,759 pemeriksaan telah dijalankan • 239 kes direkodkan, melibatkan: • 99 kes diesel (rampasan lebih RM3.1 juta) • 61 kes petrol RON95 (RM95,387.65) • 30 kes LPG (RM45,103.34) • 49 kes barangan kawalan lain (minyak masak, gula, tepung) Jumlah rampasan keseluruhan mencecah RM11 juta, dengan Sarawak sahaja mencatat RM6.7 juta daripada 48 kes. Kejayaan ini adalah hasil kerja keras rakan-rakan strategik kita daripada PDRM, Pasukan Gerakan Am (PGA), Pasukan Polis Marin (PPM), Jabatan Imigresen (JIM), APMM, dan Agensi Kawalan dan Perlindungan Sempadan (AKPS). Saya juga menyeru rakyat Sarawak untuk menyertai inisiatif KITA GEMPUR (Gerakan Membasmi Manipulasi dan Ketirisan). Jadilah mata dan telinga kami. Kerjasama erat antara Kerajaan Persekutuan dan Negeri Sarawak adalah kunci utama untuk memastikan kedaulatan ekonomi kita terpelihara demi kesejahteraan generasi akan datang. #kitagempur #MalaysiaMADANI",neutral
2043274602990948812,cost_of_living,"⁠Tular Stok Habis Ketika Isi Diesel: Stesen Minyak Tiada Sistem Auto Cut-Off #MGFlash Sebuah stesen minyak di Jalan Segambut dekat ibu negara yang tular berhubung kejadian meter pam merekodkan jumlah bayaran walaupun bekalan diesel habis didapati tidak dilengkapi sistem pengesanan isipadu automatik sebaliknya, hanya bergantung kepada pemeriksaan manual. Kementerian Perdagangan Dalam Negeri dan Kos Sara Hidup (KPDN) berkata, penemuan itu adalah hasil siasatan yang dijalankan di stesen minyak terbabit. #malaysiagazette #stokdieselhabis",neutral
2042830286577373354,cost_of_living,"Kementerian Perdagangan Dalam Negeri dan Kos Sara Hidup (KPDN) Sabah memohon supaya fasiliti Tentera Laut Diraja Malaysia (TLDM) dapat digunakan dalam usaha memperkukuh operasi membanteras penyelewengan subsidi minyak, khususnya di kawasan pesisir dan sempadan negeri itu. Pengarahnya, Shahril Nizam Shahidin berkata, usaha itu dilihat mampu membantu KPDN memperluas capaian operasi terutama dalam menangani aktiviti penyeludupan serta penyelewengan barangan kawalan seperti petrol dan diesel.",neutral
2042825368542023767,cost_of_living,"Kementerian Perdagangan Dalam Negeri dan Kos Sara Hidup (KPDN) Sabah memohon supaya fasiliti Tentera Laut Diraja Malaysia (TLDM) dapat digunakan dalam usaha memperkukuh operasi membanteras penyelewengan subsidi minyak, khususnya di kawasan pesisir dan sempadan negeri Sabah. #harianmetro #mymetro",neutral
2042532789506183302,cost_of_living,"5 #BeritaPalingPopularBH hari ini // Bekalan minyak April, Mei dijangka terkawal, 6 kapal Malaysia tunggu giliran lalu Selat Hormuz - Anwar KUALA LUMPUR: Datuk Seri Anwar Ibrahim mengesahkan enam daripada tujuh kapal Malaysia sudah belayar melepasi Selat Hormuz dan kini dalam perjalanan membawa bekalan minyak mentah ke negara ini. // Warga asing bina penempatan dalam ladang sawit, 15 kediaman dan 4 stor diroboh SHAH ALAM: Koloni warga Indonesia dikesan menjadikan ladang sawit sebagai lokasi penempatan setinggan bagi mengelak status mereka yang menetap secara tidak sah dikesan pihak berkuasa. // KKM pertimbang naikkan upah, elaun, elak jururawat berhijrah PUTRAJAYA: Kementerian Kesihatan (KKM) akan mempertimbang untuk menaikkan upah atau elaun jururawat dalam usaha mengatasi masalah 'perang gaji' bagi mengelak mereka berhijrah ke luar negara. // Keperluan harian, makanan faktor utama pengeluaran Akaun Fleksibel KUALA LUMPUR: Laporan penyelidikan terbaharu Kumpulan Wang Simpanan Pekerja (KWSP) mendedahkan realiti kos sara hidup di negara ini menerusi pemerhatian terperinci terhadap data pengeluaran kewangan ahli. // 'Cuci tangan' jadi mat rempit, raih 5 angka jadi 'influencer' permotoran KUALA LUMPUR: Jika dulu Muhammad Khairul Khairuddin, 26. sering diperlekeh dan dihina, termasuk digelar mat rempit serta sampah masyarakat.",neutral
2042158393264398792,cost_of_living,"Ketua Pemuda Umno, Dr Akmal Saleh senada dengan Ketua Penerangan PAS Ahmad Fadhli Shaari berhubung cara kerajaan negara jiran, Thailand mengendalikan kenaikan kos sara hidup dan menurunkan harga barangan asas susulan kenaikan harga minyak akibat perang di Asia Barat. Akmal dalam kenyataannya di media sosial, hari ini menarik perhatian mengenai tindakan kerajaan Thailand menyemak semula formula harga minyak yang membolehkan harga bahan api itu turun serta-merta apabila harga pasaran dunia merosot. “Di Malaysia harga minyak kita terus meningkat akibat formula penentuan harga minyak Malaysia ditentukan oleh purata harga bagi minggu sebelumnya. “Jadi mungkin kerajaan Malaysia boleh melihat semula formula yang digunakan oleh Thailand untuk menentukan harga minyak ataupun cari semula raja formula yang sebelum ini kata boleh turunkan minyak,” katanya. Berita penuh:",negative
2041507987425292396,cost_of_living,#BuletinBernama: Pelajar Malaysia di luar negara secara keseluruhannya berada dalam keadaan selamat walaupun berdepan cabaran kos sara hidup susulan situasi geopolitik semasa. #digitalbernamatv #konflik #asiabarat #KPT #pelajar #selamati,negative
2041472216920203689,cost_of_living,"Ketemu Duta Besar Republik Islam Iran ke Malaysia, Valiollah Mohammadi, di sela-sela Kuala Lumpur–Ankara Dialogue awal hari ini. Dalam suasana ketidaktentuan susulan krisis Asia Barat, saya menzahirkan penghargaan Malaysia atas keputusan Iran membenarkan kapal minyak negara melalui Selat Hormuz. Langkah ini amat penting dalam memastikan kelangsungan bekalan tenaga, sekali gus membantu mengekang tekanan terhadap kos sara hidup rakyat dan menyokong kestabilan ekonomi negara. // Today, I met the Ambassador of the Islamic Republic of Iran to Malaysia, Valiollah Mohammadi, on the sidelines of the Kuala Lumpur–Ankara Dialogue. Amid the uncertainties arising from the West Asian crisis, I conveyed Malaysia’s appreciation for Iran’s decision to allow our oil tankers to pass through the Strait of Hormuz. #MalaysiaMADANI #MADANIbekerja #YakinMADANI",positive
2041456560233148426,cost_of_living,"Konflik Iran-Israel: Apa Implikasinya Kepada Malaysia? Konflik Iran–Israel memberi kesan kepada ekonomi Malaysia melalui kenaikan harga minyak global. Kenaikan ini meningkatkan hasil sektor tenaga dan negara, namun dalam masa sama menambah tekanan terhadap kos logistik, subsidi bahan api serta kos sara hidup. (1/3)",neutral
2041445163617423411,cost_of_living,#BernamaGlobal: Pelajar Malaysia di luar negara secara keseluruhannya berada dalam keadaan selamat walaupun berdepan cabaran kos sara hidup susulan situasi geopolitik semasa #digitalbernamatv #pelajar #Malaysia #selamat #geopolitik,negative
2092900398856282209,jobs,"𝐌𝐀𝐋𝐀𝐘𝐒𝐈𝐀 𝐏𝐄𝐑𝐊𝐔𝐊𝐔𝐇 𝐄𝐊𝐎𝐒𝐈𝐒𝐓𝐄𝐌 𝐌𝐄𝐃𝐓𝐄𝐂𝐇, 𝐏𝐀𝐂𝐔 𝐏𝐄𝐑𝐓𝐔𝐌𝐁𝐔𝐇𝐀𝐍 𝐄𝐊𝐎𝐍𝐎𝐌𝐈 𝐁𝐄𝐑𝐍𝐈𝐋𝐀𝐈 𝐓𝐈𝐍𝐆𝐆𝐈 YB Tuan Haji Akmal Nasrullah, Menteri Ekonomi hari ini menyampaikan ucaptama bertajuk “Driving Medical Technology for Sustainable Economic Growth” bersempena International Medical Device Exhibition and Conference (IMDEC) 2026 di Kuala Lumpur Convention Centre (KLCC), Kuala Lumpur. Dalam ucaptamanya, YB Menteri menekankan bahawa industri peranti perubatan bukan sekadar menyokong sektor kesihatan, malah merupakan pemacu pelaburan, eksport, teknologi, pekerjaan berkemahiran tinggi dan inovasi tempatan. Ini adalah double dividend dalam MedTech. Pada 2025, eksport peranti perubatan Malaysia bernilai RM34.54 bilion, manakala sebanyak RM4.0 bilion pelaburan diluluskan merangkumi 46 projek yang berpotensi mewujudkan 3,393 peluang pekerjaan. Selaras dengan aspirasi RMK13, Malaysia perlu bergerak daripada kekuatan sebagai hab pembuatan kepada ekonomi berasaskan penciptaan nilai dengan meningkatkan keupayaan dalam reka bentuk, R&D, teknologi, pengkomersialan dan pemilikan harta intelek. Kerajaan juga akan terus menarik pelaburan berkualiti yang mampu memperkukuh rantaian bekalan domestik, pemindahan teknologi, pekerjaan berkemahiran tinggi serta penyertaan syarikat Malaysia dalam aktiviti bernilai lebih tinggi bagi mencapai matlamat ""Made by Malaysia"". #KementerianEkonomi #MADANIBekerja #taatsetia #MadeByMalaysia #IMDEC2026",positive
2092488469863948592,jobs,"Persekutuan Pekilang-Pekilang Malaysia (FMM) menyifatkan cadangan Kongres Kesatuan Sekerja Malaysia (MTUC) supaya gaji minimum dinaikkan kepada RM3,100 sebagai keterlaluan dan tidak seimbang dengan keadaan ekonomi semasa. Presiden FMM, Datuk Jacob Lee Chor Kok berkata, kenaikan sebanyak RM1,400 itu tidak boleh dilihat secara berasingan daripada pertumbuhan produktiviti, kemampuan perniagaan, inflasi, peluang pekerjaan dan kesannya terhadap keseluruhan struktur gaji.",negative
2092420059612565608,jobs,"Majikan dalam sektor bermargin kecil mungkin mengurangkan pekerja, menaikkan harga atau mengecilkan operasi sekiranya gaji minimum dinaikkan kepada RM3,100 sebulan. Persekutuan Majikan-Majikan Malaysia (MEF) memberi amaran, lonjakan daripada kadar semasa RM1,700 itu bukan sekadar menambah gaji pokok kerana turut meningkatkan caruman wajib, bayaran kerja lebih masa dan faedah pekerjaan. Presidennya, Datuk Dr. Syed Hussain Syed Husman berkata, kemampuan syarikat, keadaan ekonomi dan perbezaan antara setiap sektor perlu dinilai sebelum satu kadar baharu diwajibkan kepada semua majikan. Beliau turut berpandangan, pendapatan pekerja sepatutnya berkembang mengikut peningkatan kemahiran, produktiviti dan tanggungjawab supaya kenaikan berkenaan dapat dikekalkan dalam jangka panjang. Pendirian itu dibuat selepas Kongres Kesatuan Sekerja Malaysia (MTUC) mencadangkan gaji kehidupan RM3,100 dijadikan rujukan dalam semakan gaji minimum berikutan peningkatan kos keperluan asas. Sumber: Utusan Malaysia",negative
2092261015719383176,jobs,"MBWP mengetengahkan dua gagasan berimpak tinggi, Batik Seri MADANI dan MFIX, bagi membuka lebih banyak peluang pekerjaan, mengkomersialkan karya tempatan serta memperkasa belia sebagai pemilik ekonomi kreatif negara. #AWANInews #AWANI745",positive
2091713306507796630,jobs,"Syukur Alhamdulillah, saya berpeluang menghadiri sesi perbincangan meja bulat bersama Maybank Singapore dan Singapore Manufacturing Federation (SMF) yang menghimpunkan wakil daripada 39 syarikat dan organisasi merentasi sektor kewangan, pembuatan dan kejuruteraan, kesihatan, ekonomi digital, infrastruktur serta utiliti. Dalam sesi ini, saya berkongsi rekod pencapaian ekonomi Johor bagi tahun 2025 yang menunjukkan prestasi amat memberangsangkan. Ekonomi negeri mencatat pertumbuhan 8.0 peratus, tertinggi di Malaysia, dengan KDNK mencecah RM170.9 bilion. Johor turut merekodkan RM110 bilion pelaburan yang diluluskan, manakala dalam kawasan JS-SEZ, sebanyak RM77 bilion melibatkan hampir 400 projek yang dianggarkan mampu mewujudkan kira-kira lebih 24,500 peluang pekerjaan baharu. Saya turut berkongsi usaha Kerajaan Negeri melalui Pelan Transformasi Ekonomi Johor (JETP) untuk memastikan pertumbuhan ekonomi membawa manfaat langsung kepada rakyat. Melalui Johor Talent Development Council (JTDC), pembangunan bakat diselaraskan dengan keperluan sebenar industri menerusi kerjasama bersama syarikat, universiti dan institusi TVET di Johor. Usaha menarik pelaburan dan membangunkan bakat ini tentunya memerlukan kerjasama erat dengan rakan industri dan institusi kewangan. Saya merakamkan penghargaan kepada Maybank yang telah memudah cara hampir RM20 bilion pembiayaan dan pelaburan berkaitan JS-SEZ, serta SMF yang aktif membawa syarikat meneroka peluang di Johor. Kerjasama ini membantu membawa lebih banyak pelaburan berkualiti, teknologi, kepakaran dan peluang perniagaan ke negeri ini. Semoga kerjasama Johor-Singapura terus diperkukuh agar pertumbuhan yang sedang berlaku dapat mempercepat pembangunan negeri secara menyeluruh, sekali gus memastikan kemajuan ekonomi Johor benar-benar dirasai oleh Bangsa Johor hari ini dan pada masa hadapan. Insya-Allah. Allah Peliharakan Sultan Allah Berkati Johor Kepada Allah Kita Berserah #BangsaJohor #MajuJohor #JSSEZ #JTDC #IMFCJ",positive
2091073410386604524,jobs,"MGPerak: Dewan Belia Perak Perlu Aktif Persiap Anak Muda Rebut Peluang Pekerjaan IPOH – Dewan Belia Perak perlu memainkan peranan lebih aktif dalam memastikan anak muda negeri ini bersedia merebut peluang pekerjaan dan perniagaan yang bakal terhasil daripada pertumbuhan ekonomi serta pelaburan baharu. Menteri Besar Perak, Datuk Seri Saarani Mohamad berkata, peranan itu penting bagi merapatkan jurang maklumat, kemahiran dan akses golongan muda kepada industri. -MGPerak #mgperak #malaysiagazetteperak #MBPerak #SaaraniMohamad Video : Syakir Yusof",neutral
2090622941054771256,jobs,#DariBilikBerita : Malaysia akan menyemak semula pemohon pelaburan baharu bagi memastikan aktiviti mereka menjana pekerjaan dan membawa manfaat ekonomi kepada negara. #digitalbernamatv #anwaribrahim #pelaburan,neutral
2090559668041265587,jobs,"PM Dijangka Buat Pengumuman Penting Pada 30 Ogos, 16 Sept PERDANA Menteri Datuk Seri Anwar Ibrahim dijangka membuat beberapa pengumuman penting berkaitan negara pada malam sambutan ambang merdeka dan Hari Malaysia pada 16 Sept ini. Bagaimanapun, beliau tidak mengulas lanjut mengenai perkara yang bakal diumumkan itu. “Saya akan dengar, minta beberapa pandangan lain dikemukakan dan (menjelang) 31 Ogos tahun ini, saya akan buat satu dua pengumuman penting bagi negara... kemudian saya ke Kuching, 16 Sept Hari Malaysia. “Jadi, 30 Ogos malam satu pengumuman, (selepas itu) 16 Sept, kemudian (akan ada pengumuman pada) awal Oktober (semasa) Belanjawan,” katanya pada sesi Temu Anwar sempena Majlis Perasmian Himpunan Anak Muda (HAMKA) Antarabangsa 2026 di Klang hari ini (semalam). Anwar berkata demikian ketika menjawab soalan seorang mahasiswa mengenai langkah kerajaan bagi menjamin kebajikan dan keselamatan kewangan belia yang terlibat dalam ekonomi gig. Perdana Menteri berkata kerajaan sedang memperkukuh perlindungan bagi pekerja ekonomi gig menerusi penubuhan Suruhanjaya Ekonomi Gig Malaysia (SEGiM) selain memperkenal rang undang-undang baharu berkaitan perniagaan kecil-kecilan. Beliau berkata walaupun terdapat pandangan bahawa bantuan sedia ada masih belum mencukupi, kerajaan tetap perlu memastikan kebajikan golongan berkenaan terbela. Dalam pada itu, Anwar berkata kerajaan akan mempermudah akses pembiayaan kepada graduan yang ingin memulakan perniagaan termasuk menerusi Tabung Ekonomi Kumpulan Usaha Niaga (TEKUN) Nasional. Beliau berkata syarat sedia ada yang memerlukan pemohon mempunyai rekod perniagaan sebelum memperoleh pembiayaan perlu dilihat semula memandangkan keadaan ekonomi dan corak pekerjaan telah berubah. “Jadi, saya hanya boleh sebut di sini saya akan dengar dan teliti... jika ada keupayaan, kita akan lakukan yang terbaik untuk belia,” katanya. - Bernama",positive
2090348986557432307,jobs,"Bagi rakyat, matlamatnya mudah: membuka lebih banyak peluang untuk belajar, mendapatkan pekerjaan yang sepadan dengan kemahiran, dan terus berkembang sepanjang kerjaya. Inilah bagaimana GEAR-uP Menaikkan Lantai, supaya apabila ekonomi Malaysia berkembang,",positive
2090345246983131575,jobs,"Malaysia akan semak semula pemohon pelaburan baharu, pastikan jana manfaat ekonomi - Anwar Ia bagi memastikan aktiviti syarikat menjana pekerjaan dan memberi manfaat kepada ekonomi serta perniagaan tempatan #SinarHarian #Malaysia #semaksemula #permohonan #pelaburanbaharu",neutral
2090342800399188418,jobs,"Syukur Alhamdulillah, hubungan erat dan kerjasama baik antara Johor dan Singapura terus membuka lebih banyak ruang untuk kita bergerak bersama, khususnya dalam menjayakan Johor-Singapore Special Economic Zone (JS-SEZ). Momentum yang dicapai setakat ini amat menggalakkan. Sejak Januari 2025, sebanyak 1,436 pertanyaan pelaburan telah diterima menerusi Invest Malaysia Facilitation Centre Johor (IMFC-J), termasuk 43 prospek pelaburan yang dirujuk oleh EDB dan Enterprise Singapore. Dalam rangka lawatan kerja ke Singapura, saya berkesempatan bersarapan dan mengadakan perbincangan bersama Tuan Chee Hong Tat, Menteri Pembangunan Negara Singapura. Pertemuan ini menjadi satu lagi ruang untuk memperkukuh hubungan Johor-Singapura serta menyelaras langkah seterusnya bagi memastikan JS-SEZ bergerak daripada perancangan kepada pelaksanaan yang tersusun dan berkesan. Antara yang diberikan perhatian ialah persediaan ke arah pelancaran Pelan Induk dan Pelan Tindakan Pelaburan JS-SEZ pada penghujung tahun ini, selain usaha menarik pelabur strategik berimpak tinggi, memperkukuh rantaian bekalan serta penglibatan PKS, dan memudahkan urusan perniagaan serta pergerakan barangan antara Johor dan Singapura. Bagi Johor, kemasukan pelaburan perlu membawa nilai tambah yang lebih besar kepada ekonomi negeri. Ia bukan sahaja perlu mewujudkan lebih banyak pekerjaan berpendapatan tinggi untuk anak-anak Johor, malah membuka lebih banyak peluang kepada syarikat, vendor, PKS dan usahawan tempatan untuk berkembang bersama serta memastikan limpahan ekonomi JS-SEZ dapat dinikmati oleh negeri dan seluruh Bangsa Johor. Secara keseluruhan pertemuan ini cukup positif dan pelbagai perkara dibincangkan secara terbuka. Terima kasih kepada Tuan Chee Hong Tat atas kesudian meluangkan masa serta komitmen untuk terus memperkukuh kerjasama ini. Semoga pertemuan ini menjadi satu lagi langkah penting dalam memperkukuh kerjasama Johor-Singapura, seterusnya melancarkan pelaksanaan JS-SEZ selain memastikan segala perancangan yang dipersetujui dapat dilaksanakan dengan baik dan sistematik. Insya-Allah. Allah Peliharakan Sultan Allah Berkati Johor Kepada Allah Kita Berserah #BangsaJohor #MajuJohor #JSSEZ #IMFCJ #JTDC",positive
2090322929641013737,jobs,"📌 Kerajaan terbuka untuk menambah baik SST, guna pakai beberapa komponen GST tetapi menolak cukai terhadap rakyat termiskin secara menyeluruh 📌 Kerajaan akan mempercepat penggubalan RUU e-dagang, perkemas peraturan dan melindungi peniaga serta pengguna 📌 Jualan Ehsan Rahmah dalam talian akan diadakan pada 9 Sept sempena sambutan Hari Malaysia 2026 📌 Kerajaan akan teliti pemohon pelaburan baharu untuk memastikan manfaat ekonomi dan pekerjaan 📌 Malaysia tolak pelaburan Pelabuhan Klang dalam gudang, aktiviti transit tanpa manfaat pekerjaan dan ekonomi -- PM Datuk Seri Anwar Ibrahim #digitalbernamatv #edagang #rakyat",positive
2090320124486341024,jobs,"📌 Kerajaan akan mempercepat penggubalan RUU e-dagang, perkemas peraturan dan melindungi peniaga serta pengguna 📌 Jualan Ehsan Rahmah dalam talian akan diadakan pada 9 Sept sempena sambutan Hari Malaysia 2026 📌 Kerajaan akan teliti pemohon pelaburan baharu untuk memastikan manfaat ekonomi dan pekerjaan 📌 Kerajaan terbuka untuk menambah baik SST, guna pakai beberapa komponen GST tetapi menolak cukai terhadap rakyat termiskin secara menyeluruh 📌 Malaysia tolak pelaburan Pelabuhan Klang dalam gudang, aktiviti transit tanpa manfaat pekerjaan dan ekonomi - PM @anwaribrahim #BernamaNews",positive
2090312655298851098,jobs,"📌Kerajaan akan mempercepat penggubalan RUU e-dagang, perkemas peraturan dan melindungi peniaga serta pengguna 📌Jualan Ehsan Rahmah dalam talian akan diadakan pada 9 Sept sempena sambutan Hari Malaysia 2026 📌 Kerajaan akan teliti pemohon pelaburan baharu untuk memastikan manfaat ekonomi dan pekerjaan 📌Kerajaan terbuka untuk menambah baik SST, guna pakai beberapa komponen GST tetapi menolak cukai terhadap rakyat termiskin secara menyeluruh 📌Malaysia tolak pelaburan Pelabuhan Klang dalam gudang, aktiviti transit tanpa manfaat pekerjaan dan ekonomi - PM Datuk Seri Anwar Ibrahim",positive
2090312493604450420,jobs,"📌Kerajaan akan teliti pemohon pelaburan baharu untuk memastikan manfaat ekonomi dan pekerjaan - PM @anwaribrahim 📌 Kerajaan terbuka untuk menambah baik SST, guna pakai beberapa komponen GST tetapi menolak cukai terhadap rakyat termiskin secara menyeluruh - PM @anwaribrahim 📌 Malaysia tolak pelaburan Pelabuhan Klang dalam gudang, aktiviti transit tanpa manfaat pekerjaan dan ekonomi - PM @anwaribrahim #BernamaBiz",positive
2089693297216532926,jobs,"Pertumbuhan ekonomi Malaysia sebanyak enam peratus pada suku kedua 2026 perlu diterjemahkan kepada peningkatan gaji, peluang pekerjaan berkualiti dan kesejahteraan rakyat. #AWANInews #AWANI745",positive
2089673663595651306,jobs,"Malaysia perlu melangkau lebih daripada sekadar menjadi pengguna kecerdasan buatan (AI) dengan membangunkan dan memanfaatkan teknologi itu secara bertanggungjawab bagi menghasilkan penyelesaian yang memberi impak global. Menteri Sains, Teknologi dan Inovasi Datuk Chang Lih Kang berkata usaha itu memerlukan tenaga kerja berkemahiran tinggi dan bersedia menghadapi masa depan, selaras dengan peranan AI yang terus mengubah landskap industri, ekonomi serta corak kehidupan dan pekerjaan.",neutral
2089672374828560609,jobs,"Kita tak akan teragak-agak untuk pastikan pelaksanaan kerjasama strategik antara Malaysia dan Arm Holdings terus berjalan dengan lancar. Kali ini saya duduk bersama Naib Canselor dan Timbalan-Timbalan Naib Canselor dari 12 universiti awam untuk kita sama-sama semak to-do-list yang ada di peringkat pembangunan bakat. Setiap universiti memberi komitmen untuk pastikan latihan Arm On-Demand giat dijalankan di peringkat universiti, sama ada secara fizikal mahupun atas talian. Bakat-bakat ini kita perlu jaga sebaiknya sehingga tamat latihan dan pastikan mereka memanfaatkan latihan yang diperoleh dalam kerjaya mereka kemudian sebagai circuit designer. Seperti yang saya nyatakan sejak awal di Kementerian Ekonomi, dasar yang baik hanya berhasil bila execution atau pelaksanaan dibuat bersungguh-sungguh. Kerajaan juga sedang sedaya upaya menjayakan kerjasama ini supaya lebih banyak peluang pekerjaan bernilai dan bergaji tinggi.",positive
2089569732580319551,jobs,"Petang semalam saya menyempurnakan perasmian SME Platinum Business Awards (PBA) 2026 Roadshow Shah Alam Grand Finale, yang menjadi destinasi terakhir jelajah PBA 2026 di seluruh negara. Perusahaan kecil dan sederhana (PKS) merupakan tulang belakang ekonomi negara. Lebih 1.08 juta PKS merangkumi 96.1% daripada keseluruhan pertubuhan perniagaan di Malaysia, menyumbang 39.5% kepada KDNK serta menyediakan pekerjaan kepada 8.1 juta rakyat Malaysia. Apabila PKS berkembang dan menjadi lebih berdaya saing, ekonomi negara turut menjadi lebih kukuh. Sebagai negeri peneraju ekonomi negara, Selangor mahu memastikan pertumbuhan pelaburan turut membuka ruang lebih luas kepada syarikat tempatan untuk berkembang. Melalui program seperti Invest Selangor Business Linkages & Advancement Programme (BLAST), kita menghubungkan PKS tempatan dengan syarikat multinasional, syarikat peringkat pertengahan serta pemain industri utama agar mereka dapat menyertai rantaian bekalan bernilai lebih tinggi. PKS Selangor tidak seharusnya kekal sebagai pemain tempatan semata-mata. Kita mahu mereka memiliki keupayaan, keyakinan dan daya saing untuk menembusi pasaran serantau serta global. Tema PBA tahun ini, “Governance • Digitalisation • Intelligence”, juga selari dengan keperluan perniagaan masa kini. Tadbir urus yang baik membina kepercayaan, pendigitalan meningkatkan produktiviti, manakala penggunaan data, teknologi dan kecerdasan buatan membolehkan keputusan perniagaan dibuat dengan lebih pantas dan tepat. Semua ini bukan lagi sekadar kelebihan, tetapi keperluan untuk kekal kompetitif. Kerajaan Negeri akan terus bekerjasama dengan persatuan perniagaan, institusi kewangan, pemain industri serta agensi Kerajaan bagi membina ekosistem yang melahirkan bukan sekadar lebih banyak perniagaan, tetapi perniagaan yang lebih kukuh, inovatif dan berdaya tahan serta mampu mencipta pekerjaan berkualiti. Tahniah kepada SME Association of Malaysia, SME Association of Selangor serta semua pihak yang menjayakan PBA 2026 Roadshow. Saya berharap lebih banyak syarikat dari Selangor tampil ke hadapan dan mendapat pengiktirafan di pentas nasional. #KitaSelangor",positive
2089254405367337460,jobs,"Pemuda PKR Selangor berkata, sebelum MB Kedah bercakap besar tentang cita-cita PN, PAS perlu menjawab satu persoalan mudah: apa sebenarnya yang mereka mahu tawarkan. “Kalau belanjawan alternatif pun malas nak buat, tak perlulah sembang mahu tawan Selangor,” sindir timbalan ketuanya, Mohamad Shahrul Adnan. Katanya Selangor menunjukkan prestasi yang baik selama ditadbir PH seperti kekal menjadi penyumbang terbesar kepada ekonomi Malaysia dan menjadi antara pusat utama pelaburan, perindustrian, perdagangan serta peluang pekerjaan. Berita penuh:",positive
2089132308834242876,jobs,"Syukur Alhamdulillah, saya berkesempatan mengadakan pertemuan bersama YB Datuk Seri Johari Abdul Ghani, Menteri Pelaburan, Perdagangan dan Industri (MITI), bagi membincangkan hala tuju pelaburan dan pembangunan industri Johor, khususnya dalam memastikan pertumbuhan ekonomi negeri terus membuka lebih banyak peluang dan manfaat untuk negeri. Johor mencatatkan pertumbuhan Keluaran Dalam Negeri Kasar (KDNK) sebanyak 8.0% pada tahun 2025, tertinggi dalam negara. Pencapaian ini memberi keyakinan untuk Johor terus melangkah ke hadapan, namun ukuran kejayaan kita bukan hanya pada jumlah pelaburan yang dibawa masuk tetapi sejauh mana pelaburan tersebut mampu mewujudkan pekerjaan berkualiti dan berpendapatan tinggi, membangunkan bakat tempatan serta memberikan manfaat secara langsung kepada Bangsa Johor. Perbincangan ini turut menekankan bahawa setiap pelaburan yang hadir mesti membawa limpahan lebih luas kepada ekonomi tempatan. Ini termasuk membuka lebih banyak peluang kepada perusahaan mikro, kecil dan sederhana (PMKS), membangunkan vendor dan syarikat tempatan serta mengukuhkan rantaian bekalan dalam negeri. Melalui kerjasama erat Kerajaan Negeri bersama Invest Johor dan Malaysian Investment Development Authority (MIDA), serta sokongan berterusan Kerajaan Persekutuan, kita menyasarkan lebih banyak pelaburan berkualiti dan projek bernilai tinggi di Johor, sekali gus mewujudkan lebih 200,000 peluang pekerjaan baharu untuk Bangsa Johor dan rakyat Malaysia menjelang 2030. Insya-Allah, Johor akan terus menjadi antara enjin utama pertumbuhan ekonomi negara, menarik pelaburan berkualiti, memperkukuh industri dan memastikan setiap manfaat pembangunan kembali kepada rakyat. Semoga setiap usaha, perancangan dan ikhtiar dipermudahkan, sekali gus membawa kemakmuran serta masa depan yang lebih baik buat seluruh Bangsa Johor. Allah Peliharakan Sultan Allah Berkati Johor Kepada Allah Kita Berserah #BangsaJohor #MajuJohor #JohorBersih #JohorSelamat #XtifJohor",positive
2088518847552999931,jobs,"Di Melaka hari ini untuk bersama rakan-rakan seperjuangan dalam Kongres Nasional KEADILAN 2026. Dalam ucapan dasar, saya menghimbau ikrar perjuangan menerusi Deklarasi Permatang Pauh 28 tahun lalu, tatkala kita memilih jalan sukar untuk menongkah arus dengan merangkul kekuatan seluruh rakyat merentasi kaum, agama dan wilayah bagi membentuk Malaysia yang lebih demokratik, adil dan manusiawi. Kita meneruskan cita-cita besar negarawan ulung Allahyarham Dato’ Onn Jaafar yang lebih awal membayangkan sebuah wadah politik melangkaui batas kaum demi masa depan negara. Perjalanan kita telah melalui jalan raya dan penjara, kekalahan dan kemenangan, serta pengkhianatan yang hampir memusnahkan harapan. Dahulu kita menuntut perubahan. Hari ini, setelah diberikan amanah menentukan arah negara, tanggungjawab kita adalah melaksanakannya. Alhamdulillah, kestabilan yang dibina bersama rakan-rakan telah memungkinkan beberapa perubahan penting dilaksanakan dalam keadaan ekonomi dunia yang amat mencabar. Namun Kongres ini juga medan untuk kita bermuhasabah dan mengakui bahawa masih ada keresahan rakyat yang belum ditangani sepenuhnya. Kita mesti mendengar dengan terbuka dan memperbaiki segala kelemahan dengan jujur. Pertumbuhan ekonomi hanya bermakna apabila rakyat merasai peningkatan dalam kehidupan mereka. Pelaburan mesti menghasilkan pekerjaan dan gaji yang bermaruah, manakala pengukuhan fiskal harus meningkatkan kemampuan Kerajaan memperbaiki sekolah, hospital, pengangkutan dan perumahan serta membantu keluarga yang memerlukan. Pada masa sama, kita masih bergelut dengan saki-baki kebobrokan dan pengkhianatan terhadap amanah rakyat dalam institusi seperti Tabung Haji dan FELDA. Saya tegaskan bahawa kita tidak akan melindungi atau membiarkan sesiapa terlepas, kerana perbuatan sakau segelintir manusia ini telah menyebabkan kita semua, sama ada Melayu, Cina, India, Bumiputera Sabah dan Sarawak serta yang lain, terpaksa menanggung akibatnya. Jika kita tidak bertindak, kita dituduh lemah dan mengkhianati Reformasi. Kalau bertindak pula, kita dituduh berdendam. Katakanlah apa sahaja. Saya tegaskan bahawa sesiapa yang menyeleweng dan mengkhianati amanah rakyat mesti berhadapan dengan hukum serta keadilan. Saya turut menyinggung usaha reformasi pendidikan yang mesti melahirkan anak Malaysia yang berilmu dan beradab, menguasai teknologi tanpa kehilangan kemanusiaan, berakar pada sejarah dan budayanya serta mampu berdiri sama tinggi dengan sesiapa sahaja di dunia. Atas keyakinan terhadap kematangan mahasiswa, saya mengumumkan bahawa Kerajaan MADANI akan meneruskan reformasi ini dengan memansuhkan Akta Universiti dan Kolej Universiti 1971 (AUKU). Insya-Allah, cadangan pemansuhan ini akan dibawa ke Jemaah Menteri pada Rabu ini. Kepada generasi pasca-Reformasi dan anak muda, warisan perjuangan ini tidak harus menjadi nostalgia yang membebankan. Saya tidak mahu kalian melalui segala liku dan ranjau yang ditempuh oleh generasi kami, namun ibrah daripada perjuangan itu mesti difahami. Hayati mengapa Reformasi bermula, kemudian tentukanlah maknanya untuk kalian. Saya mahu generasi ini lebih berani, lebih terdidik dan lebih bersedia mencabar pemikiran lama, termasuk pemikiran generasi kami sendiri. Saya bertekad untuk menyempurnakan agenda perubahan yang masih belum tertunai. Justeru, saya mengajak seluruh kekuatan KEADILAN, Pakatan Harapan, rakan-rakan parti dalam Kerajaan MADANI, badan dakwah dan NGO untuk bersama dalam perjuangan ini, sekali gus melakar sejarah baharu sebuah negara yang lebih adil, bermaruah serta menjamin masa depan setiap rakyat. Reformasi! #KitaKEADILAN #MemugarReformasiMembinaMADANI",positive
2088508812584173909,jobs,"Ekonomi Malaysia tumbuh 6.0% pada suku kedua tahun ini, lebih tinggi daripada anggaran awal 5.8% dan lebih kukuh berbanding 5.4% pada suku pertama. Alhamdulillah, ini satu pencapaian yang baik, terutamanya ketika negara berhadapan ujian Krisis Bekalan Global yang getir. Tapi angka 6% sahaja tidak cukup. Persoalan yang lebih penting: rakyat rasa tak? Gaji sektor swasta meningkat 4.2%. Tapi selepas mengambil kira kenaikan harga barang, peningkatan yang benar-benar dirasai pekerja hanya sekitar 2.2%. Jadi kalau rakyat masih bertanya, “Ekonomi naik, tapi kenapa hidup masih terasa sempit?”, kerajaan kena dengar dan fahami keluhan mereka. Begitu juga dengan PKS. Kalau ekonomi berkembang tetapi peniaga kecil masih bergelut dengan kos dan aliran tunai, kita tak boleh sekadar menunjuk kepada angka KDNK dan mengatakan semuanya baik. Sememangnya, kerja kita belum selesai. Berkat usaha kita semua, kita berjaya menaikkan siling ekonomi negara dan ini dapat dilihat melalui petunjuk ekonomi makro. Sekarang, fokus kita mesti beralih kepada mengangkat lantai ekonomi rakyat. Untuk itu, kita perlu lihat langkah yang boleh memberi kesan terus kepada poket rakyat. Kalau harga barang keperluan, minyak atau pengangkutan melonjak, bantuan sementara boleh disalurkan secara automatik kepada mereka yang layak, tanpa perlu memohon sekali lagi. Bagi pemandu e-hailing, kita boleh lihat model insurans mengikut penggunaan, dengan platform turut menanggung sebahagian kos. Kalau mereka hanya memandu beberapa jam sehari, tak masuk akal kalau kos perlindungannya sama seperti mereka yang memandu sepenuh masa. Untuk PKS pula, invois yang telah disahkan oleh kerajaan dan GLC patut dibayar dalam tempoh 14 hari. Kalau lewat, perlu ada pampasan. PKS tak patut terpaksa berhutang hanya kerana kerajaan atau GLC lambat membayar mereka. Bayaran balik PTPTN juga boleh disesuaikan dengan pendapatan sebenar. Kalau pendapatan masih rendah atau seseorang kehilangan pekerjaan, bayaran boleh dikurangkan atau ditangguhkan sehingga mereka kembali mampu membayar. Bantuan kepada mereka yang memerlukan tetap penting. Tapi kita juga mesti kurangkan beban bulanan rakyat dan beri mereka lebih ruang untuk menyimpan. Kalau ekonomi negara naik, pendapatan dan taraf hidup rakyat mesti ikut naik. Siling ekonomi sudah kita tinggikan. Sekarang lantainya pula mesti kita angkat. Itulah #EkonomiRakyat. #TZA",negative
2088194670665044441,jobs,"Kejayaan ekonomi tidak diukur melalui angka pertumbuhan semata-mata' - Akmal Nasrullah Ia perlu diterjemahkan kepada peningkatan pendapatan, peluang pekerjaan dan kuasa beli rakyat. #SinarHarian #BeritaTerkini #ekonomi #pertumbuhan #Malaysia",positive
2088176059737051509,jobs,"@NewsBFM Pertumbuhan KDNK 6% pada suku kedua 2026 merupakan petanda positif terhadap ketahanan ekonomi Malaysia. Namun, momentum ini perlu diteruskan dengan memastikan pertumbuhan yang kukuh benar-benar diterjemahkan kepada peningkatan pendapatan, peluang pekerjaan dan kesejahteraan rakya",positive
2087889337765761222,jobs,"Ketika mula mengambil tanggungjawab di Kementerian Ekonomi, saya berjanji untuk meneruskan inisiatif yang telah dirancang sebelum ini. Salah satunya KL20. Kita jual keupayaan Malaysia untuk menjadi hab start up di dunia. Kita tarik masuk syarikat pemula bernilai tinggi dari seluruh dunia. Sebenarnya tak ada jalan singkat kalau nak anak tempatan kita ada peluang bekerja dalam syarikat-syarikat bernilai tinggi ni. Kita percepatkan bidang kritikal ekosistem start up Malaysia - modal, bakat dan kualiti syarikat pemula. Penciptaan pekerjaan yang berkemahiran dan bernilai tinggi, manfaatnya kita pulangkan kepada anak tempatan. Duduk dan business as usual saja-saja bukan lagi pilihan kita. Apa pula strategi baru Kementerian Ekonomi untuk KL20 tahun 2026 ? Kena tunggu.",positive
2087864275213717521,jobs,"2.1 Juta Graduan Di Malaysia Kerja Di Bawah Kelayakan Akademik Data Jabatan Perangkaan Malaysia (DOSM) menunjukkan jumlah pekerja berpendidikan tertiari yang bekerja dalam pekerjaan di bawah tahap kemahiran mereka meningkat daripada 1.4 juta orang pada 2018 kepada 2.1 juta orang pada 2025. Dari segi peratusan pula, ianya meningkat daripada 33.2% kepada 35.6% dalam tempoh yang sama, dengan paras tertinggi 37.5% dicatatkan pada 2021.",negative
2087010326646776261,jobs,"Timbalan Ketua Pengarah Perkhidmatan Awam (Pembangunan) Jabatan Perkhidmatan Awam (JPA), Datuk Dr. Mohd Bakhari Ismail merasmikan Simposium Perjawatan Sektor Awam di Pusat Konvensyen Antarabangsa Putrajaya (PICC), hari ini. Bertemakan “Meneroka Masa Depan Pekerjaan Sektor Awam”, simposium memberi tumpuan kepada perubahan landskap pekerjaan yang dipacu kecerdasan buatan (AI), demografi, ekonomi hijau, ketidaktentuan geopolitik dan peningkatan ekspektasi rakyat terhadap penyampaian perkhidmatan awam. 📸 Aidiel Zabidi | BERNAMA Radio",neutral
2086745537429090584,jobs,"Ini dia 10 perkara penting dalam rangkuman kejayaan GEAR-uP 🇲🇾 Daripada pelaburan strategik, peluang pekerjaan, peningkatan pendapatan hinggalah kepada pengukuhan ekonomi negara . Apa yang sudah dicapai dan bagaimana GEAR-uP memberi impak kepada Malaysia? Jom kita lihat 10 perkara penting ini. #NiagaAWANI #AWANInews",positive
2086698957061906748,jobs,"Pagi ini di Bangi saya menyampaikan ucaptama sempena Human Ecology International Conference II (HEIC II) 2026. Sebagai alumni Universiti Putra Malaysia (UPM), saya berbesar hati dapat bersama warga akademik dan para penyelidik dalam persidangan tiga hari yang menghimpunkan kepakaran dalam bidang Ekologi Manusia dari dalam dan luar negara. Dalam ucaptama bertajuk “From People to Policy: Sustaining Human Well-being in an Interconnected World”, saya berkongsi bagaimana pendekatan Ekologi Manusia melihat pembangunan secara menyeluruh, bahawa kehidupan rakyat saling berkait antara pendidikan, kesihatan, pekerjaan, perumahan, pengangkutan, teknologi dan alam sekitar. Prinsip ini turut diterjemahkan dalam pentadbiran Selangor. Kekuatan ekonomi negeri bukanlah matlamat akhir, sebaliknya perlu diterjemahkan kepada kehidupan yang lebih baik, peluang yang lebih luas serta persekitaran yang membolehkan rakyat dan keluarga berkembang maju. Pendekatan ini juga menjadi asas kepada Rancangan Selangor Kedua (RS-2), yang menghubungkan pembangunan ekonomi dengan modal insan, kesejahteraan, daya tahan iklim dan tadbir urus yang berkesan. Persidangan kali ini turut menghimpunkan rakan akademik dari rantau ASEAN, termasuk University of the Philippines Los Baños (UPLB) dan IPB University (Institut Pertanian Bogor), Indonesia, yang turut mempunyai bidang khusus dalam Ekologi Manusia. Kerjasama ini penting untuk memperluas penyelidikan, pertukaran ilmu dan jaringan serantau, di samping menghubungkan penyelidikan dengan dasar serta keperluan sebenar masyarakat. Tahniah kepada semua pihak yang menjayakan HEIC II 2026. Semoga persidangan ini terus menghubungkan penyelidikan dengan dasar, universiti dengan masyarakat dan ilmu dengan penyelesaian sebenar demi kesejahteraan rakyat. #KitaSelangor #HEIC2026",neutral
2086578731641139415,jobs,"“Kita mahu ekonomi berkembang, pelaburan bertambah, peluang pekerjaan diwujudkan dan pendidikan anak-anak terus diperkasakan."" #AWANInews #AWANIpagi",positive
2085697576834081267,jobs,"Kenapa Gaji Pekerja Di Malaysia Rendah? ""Nombor satu (puncanya) ialah kewujudan pekerja asing berkemahiran rendah yang menekan upah di peringkat terbawah. Kedua, penciptaan pekerjaan berkualiti yang tidak mencukupi...."" - Dato' Fraziali Ismail, Penolong Gabenor BNM",negative
2085678541421580606,jobs,"Rancangan Selangor Kedua (RS-2) merupakan pelan pembangunan bagi tempoh 2026–2030 yang dibina berasaskan pengalaman, kejayaan dan pengajaran daripada pelaksanaan Rancangan Selangor Pertama (RS-1), dengan anggaran pelaksanaan keseluruhan berjumlah RM33.31 bilion. Menerusi RS-2, sebanyak 6 misi utama, 25 bidang tumpuan dan 98 inisiatif digariskan sebagai hala tuju pembangunan Selangor. Fokus Kerajaan Negeri adalah untuk memperkukuh ekonomi, mewujudkan lebih banyak peluang pekerjaan bergaji tinggi, merapatkan jurang pembangunan antara daerah, meningkatkan kecekapan pengangkutan awam serta terus memperkasa kesejahteraan rakyat. Sasaran kita jelas, menjadikan Selangor negeri pertama di Malaysia dengan ekonomi bernilai RM600 bilion menjelang 2030. Namun bagi saya, kejayaan sebenar bukan sekadar diukur melalui angka, tetapi sejauh mana kemajuan negeri dapat diterjemahkan kepada kehidupan yang lebih baik untuk rakyat. Itulah asas kepada setiap agenda yang digariskan dalam RS-2. Insya-Allah, saya akan memastikan RS-2 dilaksanakan dengan amanah dan berkesan agar manfaat pembangunan dapat dirasai oleh seluruh rakyat. Bersama-sama kita bina Selangor yang lebih maju, inklusif dan sejahtera. #KitaSelangor #RancanganSelangorKedua",positive
2092564010503655600,ringgit,"Ringgit Malaysia meningkat ke paras tertinggi dalam tempoh beberapa minggu susulan kejatuhan harga minyak yang didorong oleh kemungkinan pembukaan semula Selat Hormuz. Nilai ringgit mengukuh sebanyak 0.5% kepada 4.02 berbanding dolar AS, paras terkuatnya sejak awal bulan Jun. Dengan peningkatan hampir 0.8% setakat tahun ini, ringgit merupakan antara mata wang Asia yang paling berdaya tahan.",positive
2092500390990545089,ringgit,"Sentimen pasaran tertekan akibat ringgit yang semakin kukuh serta harga minyak soya yang lebih rendah di pasaran Chicago, manakala harga minyak mentah turut jatuh berikutan harapan baharu bahawa Selat Hormuz mungkin dibuka semula.",neutral
2091900620848648627,ringgit,Ringgit jatuh berikutan ancaman AS kenakan sekatan lebih buruk ke atas Iran #BHbisnes Mata wang tempatan menyusut kepada 4.0405/0440 berbanding dolar AS daripada 4.0365/0405 semasa ditutup Jumaat lalu.,negative
2091879433590505896,ringgit,"Pada 6 petang, ringgit menyusut kepada 4.0405/0440 berbanding dolar AS daripada 4.0365/0405 semasa ditutup Jumaat lepas. #AWANInews #AWANI745",negative
2091874390732599397,ringgit,"Ketidaktentuan mengenai ‘D-Day’ yang dijanjikan oleh Setiausaha Perbendaharaan AS, Scott Bessent terhadap Iran, risiko dasar itu menjelang simposium Jackson Hole antara faktor ringgit susut hari ini. #MalaysiaMADANI #RancakkanMADANI #DDayEconomy #USTreasury",negative
2091865920247660793,ringgit,Ringgit Ditutup Rendah Selepas AS Ancam Sekatan 'D-Day Ekonomi' Ke Atas Iran #BernamaBiz,negative
2091863615112352253,ringgit,"#NSTBusinessTimes The ringgit ended lower against the greenback on Monday as the threat of an ""economic D-Day"" on Iran, policy risks ahead of the Jackson Hole symposium and continued instability in the US Treasury market spurred caution.",negative
2088117311257313380,ringgit,"AirAsia Group Berhad mencatatkan kerugian bersih RM831 juta bagi suku kedua 2026, ketika peningkatan mendadak kos bahan api dan kerugian tukaran asing menekan prestasi kewangan kumpulan. Kerugian itu sebahagian besarnya berpunca daripada kenaikan 66% harga bahan api purata berbanding suku sebelumnya susulan ketegangan geopolitik di Timur Tengah, selain kerugian tukaran asing sebanyak RM331 juta akibat penyusutan mata wang serantau termasuk ringgit berbanding dolar AS.",negative
2086997738856775916,ringgit,Ringgit diniagakan pada paras RM4.09 sedolar #BHbisnes Dolar AS mengukuh berikutan harga minyak mentah yang kekal tinggi susulan pembukaan semula Selat Hormuz.,negative
2086681973633036779,ringgit,"Ringgit diunjur stabil akhir Ogos selepas kadar faedah AS kekal #BHbisnes Ketegangan geopolitik yang kembali memuncak, harga tenaga lebih tinggi meningkatkan permintaan terhadap dolar AS sebagai aset selamat bulan lalu.",negative
2085184604848390469,ringgit,"“Potensi pembukaan semula Selat Hormuz menyebabkan harga minyak mentah Brent kekal di bawah paras US$80 setong."" #AWANInews #AWANIpagi",positive
2081924859333079509,ringgit,"Ringgit dibuka tinggi berbanding mata wang utama, rendah berbanding dolar AS Dipengaruhi sentimen pasaran berikutan ketidaktentuan yang masih berlarutan berhubung rundingan antara AS dan Iran. #SinarHarian #BeritaTerkini #ringgit #dibukarendah #dolarAS",negative
2081908809325215760,ringgit,"#NSTBusinessTimes The ringgit opened higher against most major currencies on Tuesday but eased against the US dollar, weighed down by market sentiment amid lingering uncertainty over US-Iran negotiations.",negative
2079890553769267649,ringgit,Lonjakan harga minyak mentah terbukti mendorong ringgit yang mengukuh berbanding mata wang utama dunia #Ringgit #dolar #minyakmentah,positive
2079769947253686651,ringgit,"Ringgit hampir tak berubah berbanding dolar AS, lebih kukuh daripada mata wang utama #BHbisnes Ketidaktentuan mengenai rundingan perjanjian damai terus menjadi tumpuan apabila AS dan Iran saling melancarkan serangan untuk hari ke-10 berturut-turut.",neutral
2076879359583920552,ringgit,Ringgit dibuka tinggi berbanding dolar Amerika pada Selasa berikutan ketidaktentuan di Selat Hormuz yang meningkatkan harga minyak mentah global - Ketua Ahli Ekonomi Bank Muamalat Malaysia Bhd Dr Mohd Afzanizam Abdul Rashid,neutral
2076637296024240311,ringgit,Ringgit ditutup tinggi berbanding dolar AS Pelabur terus menilai ketidaktentuan berkaitan gencatan senjata AS-Iran serta aliran bebas kapal yang melalui Selat Hormuz. #sinarharian #beritaterkini,positive
2072185781423309087,ringgit,"🇲🇾 New and live now: → Today in Malaysia: solat, minyak, ringgit, cuaca &amp; udara, live → Cuti Umum 2026 + countdown ke cuti seterusnya → Explainers: B40/M40/T20, SST, EPF, gaji minimum, dijelaskan simple → Waktu solat untuk 10 bandar",neutral
2071428116480766200,ringgit,"Ringgit dibuka lebih tinggi berbanding dolar AS hari ini didorong sokongan berterusan daripada pergerakan harga minyak mentah yang kekal pada paras lebih rendah. Pada jam 8 pagi, mata wang tempatan berada pada paras 4.0855/0950 berbanding dolar AS, berbanding 4.0860/0910 ketika ditutup pada Jumaat lalu.",positive
2071407732176077125,ringgit,Ringgit dibuka tinggi disokong harga minyak rendah,positive
2071405489586639213,ringgit,"Pada 8 pagi, mata wang tempatan berada pada 4.0855/0950 berbanding dolar AS daripada 4.0860/0910 semasa ditutup pada Jumaat lepas. #AWANInews #AWANIpagi",positive
2071402706556846135,ringgit,"Ringgit dibuka tinggi berbanding dolar AS, disokong harga minyak rendah Pada sesi pembukaan, ringgit diniagakan tinggi berbanding sekumpulan mata wang utama. #SinarHarian #Threads #BeritaTerkini",positive
