id,topic,clean_text,label
2071761483009339479,inflation,"Semalam, ketika kami bermesyuarat di sebuah warung terpencil yang langsung tiada dalam Google Maps, salah seorang kawan bertanya, ""PRN Johor nanti kau turun mengundi tak?"" Aku jawab, ""Tak. And I'll explain why."" Mengikut syarat kelayakan mengundi di Malaysia, seseorang hanya perlu memenuhi beberapa syarat asas: - Warganegara Malaysia. - Berumur 18 tahun ke atas. - Berdaftar sebagai pemilih melalui pendaftaran automatik SPR berdasarkan rekod JPN. Manakala golongan yang tidak layak mengundi hanyalah: - Individu yang disahkan tidak sempurna akal. - Individu yang sedang menjalani hukuman penjara. - Individu yang dijatuhi hukuman mati atau dipenjarakan lebih 12 bulan dan masih menjalani hukuman tersebut pada tarikh kelayakan. Sekarang mari kita fikirkan. Dalam demokrasi moden: Satu undi lelaki = satu undi wanita. Satu undi orang yang benar-benar memahami ekonomi, sejarah, geopolitik dan pentadbiran = satu undi orang yang langsung tidak tahu membezakan inflasi dengan kenaikan harga. Adakah semua undi benar-benar patut dianggap setara? Majoriti manusia bukanlah terdiri daripada golongan yang berfikir secara mendalam. Majoriti hanya mengikut emosi, propaganda, sentimen semasa dan apa yang mereka lihat di media. Dalam sistem sebegini, seorang yang membuat keputusan berdasarkan ilmu dan hikmah boleh dengan mudah dikalahkan oleh ribuan orang yang membuat keputusan berdasarkan kejahilan. Orang bijak hampir mustahil untuk mengatasi jumlah orang yang bebal, kerana orang bebal sentiasa jauh lebih ramai. Itulah kelemahan asas demokrasi. Lebih menarik lagi, undang-undang sendiri mengiktiraf bahawa ada individu yang tidak layak mengundi kerana tidak sempurna akal. Tetapi pada masa yang sama, sistem ini memberikan hak mengundi kepada wanita. Sedangkan Nabi SAW sendiri menyifatkan wanita sebagai golongan yang naqisat 'aql wa din, kurang akal dan kurang agama. Kalau begitu, atas dasar apa mereka diberikan tanggungjawab yang sama dalam menentukan hala tuju sesebuah negara? Aku melihat perkara ini bukan sebagai satu bentuk penghormatan kepada wanita, tetapi sebagai satu bentuk ketidakadilan terhadap mereka. Kita meletakkan satu tanggungjawab politik yang besar ke atas golongan yang Rasulullah SAW sendiri telah jelaskan mempunyai kekurangan tertentu mengikut fitrah mereka. Hakikatnya, tidak semua hak adalah satu penghormatan. Ada tanggungjawab yang sepatutnya dipikul oleh mereka yang lebih layak memikulnya. Sama seperti kita tidak memberikan hak mengundi kepada kanak-kanak kerana mereka belum cukup matang untuk membuat keputusan yang besar. Sebagai seorang lelaki, kau tak rasa pelik bahawa undi kau mempunyai nilai yang sama dengan sesiapa sahaja tanpa mengambil kira tahap kebijaksanaan, pengalaman atau kemampuan berfikir? Bayangkan undi kau bernilai sama dengan lelaki yang takut bini sehingga semua keputusan hidupnya ditentukan oleh bini. Bayangkan undi kau bernilai sama dengan lelaki yang menganggap institusi riba hanyalah tempat orang berjual beli kelapa sawit. Bayangkan undi kau bernilai sama dengan mereka yang tidak mampu berfikir secara objektif langsung, berdarah 7-14 hari sebulan, tetapi tetap diberi kuasa menentukan masa depan seluruh negara. Tidakkah itu satu penghinaan terhadap nilai pertimbangan dan kebijaksanaan? Aku tidak menerima bahawa setiap manusia, tanpa mengambil kira ilmu, hikmah, kebijaksanaan atau kemampuan membuat pertimbangan, wajar diberikan kuasa politik yang sama. Lebih-lebih lagi apabila keseluruhan sistem politik moden, tidak kira parti mana yang menang, akhirnya tetap berkhidmat kepada tuan yang sama. Mereka mungkin bergaduh di pentas politik. Tetapi apabila menyentuh sistem kewangan fiat, bank pusat, penciptaan wang daripada hutang dan penyebaran riba secara sistemik, hampir semuanya bermain dalam permainan yang sama. Parti bertukar. Menteri bertukar. Tetapi mesin mencetak wang terus beroperasi. Riba terus berkembang. Kuasa terus dipusatkan. Jadi, kenapa turut serta?",
2088518228427628636,ringgit,"Kes Ini Kena Buat Audit Forensik Juga Tak Seperti Kes RCI Tabung Haji? Oleh Lim Sian See Kalau harga saham FGV jatuh 40% dan nilai pasaran susut kira-kira RM4 bilion ketika era BN boleh dijadikan bukti kononnya Najib “songlap” atau tidak kompeten, maka bagaimana pula kita mahu menilai apa yang berlaku kepada Petronas Chemicals? Petronas Chemicals: April 2022: Harga saham sekitar RM10.38 Nilai pasaran sekitar RM83 bilion 24 November 2025: Harga saham RM2.92 Nilai pasaran sekitar RM23 bilion Kejatuhan hampir 72%. Nilai pasaran lenyap sekitar RM60 bilion. Jadi saya mahu tanya mereka yang selama ini menggunakan kejatuhan harga FGV untuk menyerang Najib: Kalau FGV jatuh, salah Najib. PetChem jatuh jauh lebih teruk ketika era Madani, salah siapa pula? FGV disenaraikan pada 2012 pada harga RM4.55 sesaham. Dalam tempoh awal, harganya sempat meningkat sebelum terjejas apabila berlaku kejatuhan besar harga minyak dan komoditi dunia sekitar 2014 hingga 2016, yang turut menekan harga minyak sawit sampai ke RM2,000 satu tan ketika itu berbanding lebih RM4,600 satu tan hari ini. Menjelang PRU14, harga FGV sekitar RM1.80. Memang nilainya jatuh dengan ketara. Tetapi satu fakta penting jarang disebut: Sehingga PRU14, FGV masih mencatat keuntungan setiap tahun. Namun kejatuhan harga saham itu tetap dijadikan bahan untuk menggambarkan seolah-olah ada penyelewengan besar dan “songlap”. Sekarang bandingkan dengan Petronas Chemicals. PetChem disenaraikan pada 2010 ketika Najib menjadi Perdana Menteri pada harga sekitar RM5.04 sesaham. Selepas itu syarikat ini mencatat keuntungan besar tahun demi tahun dan harga sahamnya akhirnya meningkat melebihi RM10 sebelum era Madani. Tetapi keadaannya berubah. Sejak 2024, PetChem mencatat kerugian suku tahunan pertama dalam sejarahnya. Pada 2025, kerugian berterusan dan bagi sembilan bulan pertama sahaja jumlah kerugian sudah sekitar RM1.32 bilion. Harga saham pula pernah menjunam daripada lebih RM10 kepada RM2.92. Ini bukan sekadar turun 40%. Ini hampir 72%. Dan bukan RM4 bilion nilai pasaran hilang. Sekitar RM60 bilion. Punca yang diberikan pula ialah keadaan industri: permintaan global yang lemah, tekanan margin serta lebihan kapasiti petrokimia dunia. Itu memang penjelasan ekonomi yang munasabah. Tetapi bukankah perkara yang sama patut digunakan ketika menilai FGV? Harga komoditi jatuh, industri tertekan, harga saham jatuh. Kenapa apabila FGV jatuh, terus mahu dikaitkan dengan “songlap”, ""tidak kompeten"" atau salah Najib? Tetapi apabila PetChem jatuh jauh lebih teruk dan mula mencatat kerugian, tiba-tiba semua orang faham bahawa harga saham boleh jatuh kerana faktor pasaran? Petronas pula memiliki sekitar 65% PetChem manakala KWSP memegang sekitar 12%. Jadi kalau kita mahu konsisten dengan standard yang digunakan terhadap FGV, patutkah pula kita kata kejatuhan nilai puluhan bilion ringgit PetChem mesti disiasat sebagai satu “skandal”? Perlu audit forensik juga atau RCI? Perlu cari siapa yang “sakau” RM60 bilion nilai pasaran itu? Sudah tentu soalan itu kedengaran mengarut sebab kejatuhan harga saham tidak secara automatik bermaksud wang dicuri. Nilai pasaran jatuh bukan bukti rasuah. Kerugian pelaburan juga bukan bukti penyelewengan. Itulah sebenarnya masalah apabila naratif politik digunakan untuk menilai sesuatu pelaburan. FGV jatuh 40%: salah Najib. PetChem jatuh hampir 72%: faktor pasaran. Standard apa macam ini?",
2088098243892883502,ringgit,"Hari ni isi minyak free sbb claim voucher shell rm40 ringgit, dpt la minyak dlm 20litre☺️",
2082075819409834391,ringgit,"𝗞𝗘𝗡𝗬𝗔𝗧𝗔𝗔𝗡 𝗠𝗘𝗗𝗜𝗔 𝟮𝟴 𝗝𝘂𝗹𝗮𝗶 𝟮𝟬𝟮𝟲 𝗣𝗥𝗡 𝗝𝗢𝗛𝗢𝗥 𝟮𝟬𝟮𝟲: 𝗣𝗘𝗡𝗬𝗔𝗧𝗔 𝗣𝗘𝗥𝗕𝗘𝗟𝗔𝗡𝗝𝗔𝗔𝗡 𝗗𝗔𝗡 𝗦𝗨𝗠𝗕𝗘𝗥 𝗞𝗘𝗪𝗔𝗡𝗚𝗔𝗡 Salah satu budaya baru yang dibawa 𝗕𝗘𝗥𝗦𝗔𝗠𝗔 ialah ketelusan dalam pendanaan politik, sebagai usaha untuk memeras rasuah dengan menukar budaya. 𝗕𝗘𝗥𝗦𝗔𝗠𝗔 percaya bahawa slogan anti-rasuah dan janji-janji perubahan undang-undang untuk membanteras rasuah politik telah bertukar menjadi retorik semata-mata. Parti-parti bertukar ganti menjadi kerajaan persekutuan dan negeri-negeri tetapi amalan rasuah politik tetap berterusan. Kebelakangan ini, parti-parti politik tanpa segan silu menggunakan agensi-agensi, aset-aset kerajaan dan dana awam untuk berkempen. Perkara ini diterima oleh majoriti rakyat Malaysia kerana gabungan-gabungan parti besar seperti PH, BN dan PN kesemuanya melakukan kesalahan yang sama. Begitu juga dengan amalan memberi wang minyak, duit poket atau duit belanja kepada pengundi-pengundi. Ada pengundi yang tidak segan silu lagi memaparkan mereka menerima wang untuk mengundi. Salah satu punca utama ialah perjalanan parti-parti politik masih bergantung kepada khidmat berbayar. Jentera-jentera dibayar, orang ramai diberikan wang dan hadiah untuk hadir ke program-program kempen dan petugas kira undi dibayar. Di PRN Johor, ada petugas kira undi (PACA) yang dibayar sehingga RM700 seorang (termasuk belanja minyak dan penginapan). Ada yang dibayar mengikut jam (contoh RM70 setiap jam bertugas). Selagi gerak kerja kempen dan perjalanan aktiviti parti-parti politik perlu dibayar, selagi itulah amalan rasuah sukar dibendung. Hakikatnya, sesebuah gabungan politik membelanjakan puluhan juta ringgit, malah mencecah ratusan juta ringgit untuk sesebuah pilihan raya negeri. Wang rasuah ini didahulukan oleh kumpulan-kumpulan berkepentingan, sama ada ahli-ahli perniagaan atau dari perniagaan haram yang bertentangan dengan undang-undang. Balasannya kelak ialah kontrak-kontrak besar kerajaan yang nilainya dinaikkan berlipat kali ganda untuk mendapatkan kembali modal yang telah dilaburkan kepada gabungan parti politik besar semasa pilihan raya. Lebih teruk lagi, jika ia melibatkan aktiviti haram, tindakan tidak diambil terhadap aktiviti haram seperti perjudian atas talian, penyeludupan dan pelbagai lagi kegiatan haram, sebagai ganti kepada sumbangan dana semasa kempen pilihan raya. Jika ada satu kekecewaan utama saya sepanjang saya menjadi ahli politik ialah kegagalan saya merubah amalan ini di dalam parti-parti politik yang saya pernah terlibat. Juga kegagalan saya meyakinkan majoriti rakyat Malaysia untuk membenci amalan rasuah politik seperti ini, yang diberikan atas nama sumbangan atau duit minyak. Sebab itu, apabila saya dan Nik Nazmi berkesempatan memulakan kembali kerjaya politik kami dari bawah melalui 𝗕𝗘𝗥𝗦𝗔𝗠𝗔, saya berhasrat melatih aktivis-aktivis politik yang benar-benar benci kepada amalan rasuah seperti ini. Rasuah seperti ini menyebabkan maruah kita tergadai. Demi wang, kita sanggup menukar pendirian, memberi alasan dan menutup mata kepada kerosakan. Tetapi ia perlu bermula dengan menukar budaya bagaimana gerak kerja kempen sesebuah parti dijalankan. Ia bermula dengan kembali kepada asas politik, iaitu keikhlasan untuk menyumbang demi kebaikan masyarakat dengan melakukan sesuatu dengan sukarela. Alhamdulillah, perkara itu dapat dilaksanakan oleh 𝗕𝗘𝗥𝗦𝗔𝗠𝗔 dalam PRN Johor yang lepas. Keseluruhan kempen BERSAMA dilaksanakan secara sukarela tanpa perlu ada bayaran dan apa-apa perbelanjaan kempen yang lain dibiayai sepenuhnya dari tiga (3) sumber orang ramai: 1)Yuran keahlian BERSAMA sebanyak RM20 setiap ahli 2)Kutipan dana dari majlis makan malam mengumpul dana #WeFund untuk PRN Johor 3)Sumbangan peribadi dari penderma dan penyokong dalam jumlah yang kecil, sama ada melalui crowdfunding atau sumbangan peribadi Hari ini, 𝗕𝗘𝗥𝗦𝗔𝗠𝗔 merintis budaya baru dalam sejarah politik Malaysia dengan membentangkan sepenuhnya penyata perbelanjaan dan sumber kewangan bagi PRN Johor baru-baru ini, seperti yang diperincikan di dalam Lampiran A. Pautan Lampiran A: Amalan ini akan menjadi disiplin 𝗕𝗘𝗥𝗦𝗔𝗠𝗔 untuk semua pilihan raya yang disertai di masa akan datang. Saya berharap sumbangan kecil 𝗕𝗘𝗥𝗦𝗔𝗠𝗔 dalam membawa budaya politik bersih ini akan membuka hati lebih ramai pengundi untuk bersama kami di masa akan datang. 𝟮𝟴 𝗝𝘂𝗹𝗮𝗶 𝟮𝟬𝟮𝟲 Bagi pihak BERSAMA 𝗥𝗔𝗙𝗜𝗭𝗜 𝗥𝗔𝗠𝗟𝗜",
2082034123284304309,ringgit,"𝗞𝗘𝗡𝗬𝗔𝗧𝗔𝗔𝗡 𝗠𝗘𝗗𝗜𝗔 𝟮𝟴 𝗝𝘂𝗹𝗮𝗶 𝟮𝟬𝟮𝟲 𝗣𝗥𝗡 𝗝𝗢𝗛𝗢𝗥 𝟮𝟬𝟮𝟲: 𝗣𝗘𝗡𝗬𝗔𝗧𝗔 𝗣𝗘𝗥𝗕𝗘𝗟𝗔𝗡𝗝𝗔𝗔𝗡 𝗗𝗔𝗡 𝗦𝗨𝗠𝗕𝗘𝗥 𝗞𝗘𝗪𝗔𝗡𝗚𝗔𝗡 Salah satu budaya baru yang dibawa 𝗕𝗘𝗥𝗦𝗔𝗠𝗔 ialah ketelusan dalam pendanaan politik, sebagai usaha untuk memeras rasuah dengan menukar budaya. 𝗕𝗘𝗥𝗦𝗔𝗠𝗔 percaya bahawa slogan anti-rasuah dan janji-janji perubahan undang-undang untuk membanteras rasuah politik telah bertukar menjadi retorik semata-mata. Parti-parti bertukar ganti menjadi kerajaan persekutuan dan negeri-negeri tetapi amalan rasuah politik tetap berterusan. Kebelakangan ini, parti-parti politik tanpa segan silu menggunakan agensi-agensi, aset-aset kerajaan dan dana awam untuk berkempen. Perkara ini diterima oleh majoriti rakyat Malaysia kerana gabungan-gabungan parti besar seperti PH, BN dan PN kesemuanya melakukan kesalahan yang sama. Begitu juga dengan amalan memberi wang minyak, duit poket atau duit belanja kepada pengundi-pengundi. Ada pengundi yang tidak segan silu lagi memaparkan mereka menerima wang untuk mengundi. Salah satu punca utama ialah perjalanan parti-parti politik masih bergantung kepada khidmat berbayar. Jentera-jentera dibayar, orang ramai diberikan wang dan hadiah untuk hadir ke program-program kempen dan petugas kira undi dibayar. Di PRN Johor, ada petugas kira undi (PACA) yang dibayar sehingga RM700 seorang (termasuk belanja minyak dan penginapan). Ada yang dibayar mengikut jam (contoh RM70 setiap jam bertugas). Selagi gerak kerja kempen dan perjalanan aktiviti parti-parti politik perlu dibayar, selagi itulah amalan rasuah sukar dibendung. Hakikatnya, sesebuah gabungan politik membelanjakan puluhan juta ringgit, malah mencecah ratusan juta ringgit untuk sesebuah pilihan raya negeri. Wang rasuah ini didahulukan oleh kumpulan-kumpulan berkepentingan, sama ada ahli-ahli perniagaan atau dari perniagaan haram yang bertentangan dengan undang-undang. Balasannya kelak ialah kontrak-kontrak besar kerajaan yang nilainya dinaikkan berlipat kali ganda untuk mendapatkan kembali modal yang telah dilaburkan kepada gabungan parti politik besar semasa pilihan raya. Lebih teruk lagi, jika ia melibatkan aktiviti haram, tindakan tidak diambil terhadap aktiviti haram seperti perjudian atas talian, penyeludupan dan pelbagai lagi kegiatan haram, sebagai ganti kepada sumbangan dana semasa kempen pilihan raya. Jika ada satu kekecewaan utama saya sepanjang saya menjadi ahli politik ialah kegagalan saya merubah amalan ini di dalam parti-parti politik yang saya pernah terlibat. Juga kegagalan saya meyakinkan majoriti rakyat Malaysia untuk membenci amalan rasuah politik seperti ini, yang diberikan atas nama sumbangan atau duit minyak. Sebab itu, apabila saya dan Nik Nazmi berkesempatan memulakan kembali kerjaya politik kami dari bawah melalui 𝗕𝗘𝗥𝗦𝗔𝗠𝗔, saya berhasrat melatih aktivis-aktivis politik yang benar-benar benci kepada amalan rasuah seperti ini. Rasuah seperti ini menyebabkan maruah kita tergadai. Demi wang, kita sanggup menukar pendirian, memberi alasan dan menutup mata kepada kerosakan. Tetapi ia perlu bermula dengan menukar budaya bagaimana gerak kerja kempen sesebuah parti dijalankan. Ia bermula dengan kembali kepada asas politik, iaitu keikhlasan untuk menyumbang demi kebaikan masyarakat dengan melakukan sesuatu dengan sukarela. Alhamdulillah, perkara itu dapat dilaksanakan oleh 𝗕𝗘𝗥𝗦𝗔𝗠𝗔 dalam PRN Johor yang lepas. Keseluruhan kempen BERSAMA dilaksanakan secara sukarela tanpa perlu ada bayaran dan apa-apa perbelanjaan kempen yang lain dibiayai sepenuhnya dari tiga (3) sumber orang ramai: 1) Yuran keahlian BERSAMA sebanyak RM20 setiap ahli 2) Kutipan dana dari majlis makan malam mengumpul dana #WeFund untuk PRN Johor 3) Sumbangan peribadi dari penderma dan penyokong dalam jumlah yang kecil, sama ada melalui crowdfunding atau sumbangan peribadi Hari ini, 𝗕𝗘𝗥𝗦𝗔𝗠𝗔 merintis budaya baru dalam sejarah politik Malaysia dengan membentangkan sepenuhnya penyata perbelanjaan dan sumber kewangan bagi PRN Johor baru-baru ini, seperti yang diperincikan di dalam Lampiran A (boleh rujuk di bahagian gambar). Amalan ini akan menjadi disiplin 𝗕𝗘𝗥𝗦𝗔𝗠𝗔 untuk semua pilihan raya yang disertai di masa akan datang. Saya berharap sumbangan kecil 𝗕𝗘𝗥𝗦𝗔𝗠𝗔 dalam membawa budaya politik bersih ini akan membuka hati lebih ramai pengundi untuk bersama kami di masa akan datang. 𝟮𝟴 𝗝𝘂𝗹𝗮𝗶 𝟮𝟬𝟮𝟲 Bagi pihak 𝗕𝗘𝗥𝗦𝗔𝗠𝗔 𝗥𝗔𝗙𝗜𝗭𝗜 𝗥𝗔𝗠𝗟𝗜",
2054168250003624283,iran_sekatan,"“Pendekatan kerajaan adalah untuk memastikan akses saksama kepada semua infrastruktur, termasuk internet. Kami mengiktiraf akses internet sebagai hak sivil, dan ini juga merupakan pandangan presiden.” #AWANInews #AWANI745",
1958745407582085563,iran_boikot,"LAPORAN BERITA Kenyataan COO MyBurgerLab Undang Kecaman, Netizen Gesa Boikot KUALA LUMPUR – Syarikat makanan segera tempatan, MyBurgerLab kini berdepan dengan kecaman hebat susulan kenyataan kontroversi yang didakwa dibuat oleh Ketua Pegawai Operasinya (COO), Andrew Chong, di media sosial. Dalam hantaran di akaun X (Twitter) miliknya, Andrew Chong dilihat memberi komen berbunyi: ""Wow.. Slowly but surely if Malaysia is taken over by extremism, we will become Iran after the revolution ie. what you see today, and that should scare everyone."" Kenyataan itu dikeluarkan sebagai respon kepada undang-undang mewajibkan orang lelaki sembahyang Jumaat di Terengganu. Kenyataan itu mencetuskan kemarahan ramai pihak yang menuduh ia berbaur Islamofobia serta menyamakan pelaksanaan undang-undang syariah dengan ekstremisme. Beberapa pengguna media sosial menuntut tindakan boikot terhadap jenama MyBurgerLab, dengan mendakwa kejayaan perniagaan tersebut sebelum ini banyak disokong oleh pelanggan Muslim. Seorang pengguna X menulis: ""Andrew Chong COO @myburgerlab yang menghina Agama Islam dan hukuman syariah sebagai extremism ni... Marilah boikot sampai dia miskin dan sedar diuntung, sebelum ini dia sendiri disokong oleh ekonomi orang Islam."" Manakala seorang lagi pengguna, melalui hantaran di Instagram, menegaskan: ""Boycott MY BURGER LAB!! For me this is too much and you really don’t know your place dude!"" Gesaan boikot itu turut menjadi perbualan meluas di pelbagai platform media sosial, dengan sebahagian netizen menuntut penjelasan rasmi daripada pihak pengurusan MyBurgerLab berhubung kenyataan pegawai kanan mereka. Setakat ini, pihak MyBurgerLab masih belum mengeluarkan sebarang kenyataan balas rasmi mengenai isu tersebut. Yang ada hanya kenyataan permohonan maaf ala kadar Andrew Chong di akaun media sosial miliknya. Namun, tekanan daripada masyarakat dijangka akan terus meningkat selagi tiada penjelasan mahupun tindakan lanjut diambil. - MYNEWSHUB",
1958725954077159491,iran_boikot,"PANAS | ‘Malaysia akan menjadi Iran selepas revolusi dan ini sepatutnya menakutkan semua orang’ Kritik tindakan Terengganu tangani isu lelaki tidak solat Jumaat, kenyataan Andrew Chong Kah Tze, Ketua Pegawai Operasi @myBurgerLab dilihat Islamofobik, cetus laungan boikot.",
1639782155369979904,iran_boikot,"ITS TOO LATE bro , its too late. Hampir semua negara Arab boikot Malaysia , gara² bodoh sombong @chedetofficial @pakatanharapan_ slps pru14. Iran ? Iran langsung tak guna selain hanya bermibat sebar fahaman syiah shj. Rendah nilai ekonomi",
1595223046960214016,iran_boikot,Pemain Iran meletakkan diri mereka dalam bahaya apabila enggan menyanyikan lagu kebangsaan dalam aksi pembukaan Piala Dunia menentang England kelmarin.,
2062121069738447242,iran_beban,"Bitcoin adalah crypto paling sukar untuk dihalang, sebab Iran, China, Russia banyak miners Kalau miners US dipaksa block coins Iran, Iran kene tunggu lama sikit je Miners kat Malaysia susah dipaksa block transfers pasal banyak kongsi gelap yang mining",
2045517651771109407,iran_beban,"Aku pernah terbaca, antara sebab claim ke atas makanan adalah paling susah atas sebab kewujudan ""rosetta cookies"" macam ni. Ada terlalu banyak budaya yang ada kuih ni. Malaysia, Indonesia, India, Sri Lanka, Iran, malah Mexico.",
2036717810446164447,iran_meme,"'Umpama berunding dengan diri sendiri' - Iran sindir usaha gencatan senjata AS TEHERAN - Jurucakap tentera Iran memperlekehkan usaha Amerika Syarikat (AS) untuk mencapai perjanjian gencatan senjata, dengan mendakwa bahawa kuasa besar dunia itu kini hanya berunding dengan diri mereka sendiri. Dalam satu video prarakaman yang disiarkan di televisyen kerajaan pada Rabu, Leftenan Kolonel Ebrahim Zolfaghari menyifatkan kuasa strategik AS kini telah bertukar menjadi ""kegagalan strategik"". #SinarHarian #Iran #AS #perangiranisrael",
2033407331619446946,iran_meme,Netanyahu kunjungi kafe sindir dakwaan maut serangan Iran,
1782190971851321660,iran_meme,Iran sindir Israel : Serangan dron ibarat mainan kanak-kanak #AsiaBarat #BERITA #LUARNEGARA #NASIONAL #TERKINI,
1705108261945614488,iran_meme,"@MuazAzman13 Serious LTTE? Well LTTE dah terkubur sekarang, lawak ada branch dia kat Malaysia 😂. Hezbollah jgn cakap fully sponsored by Iran 🇮🇷.",
1595237157949829121,iran_meme,Salah satu sepanduk berbunyi ‘Ia (kejuaraan) tidak akan pulang kerana kerana Harry Maguire.’,
710361182473814017,iran_meme,meme #kelat Malaysia akan perkukuh hubungan ekonomi dengan Iran: SINGAPURA – Malaysia akan memperkukuh ... #kelat,
2042984640282042477,iran_takut,"Rakyat AS bimbang, takut kesan perang dengan Iran #BHDunia 60 peratus rakyat AS menentang serangan ketenteraan terhadap Iran.",
2031635526009368631,iran_takut,@Marchfoward Yg pasti 7 org US army dah terkorban dlm 10 hari perang dgn Iran. US govt takut rakyat US makin benci Trump &amp; parti mrk kalah teruk dlm US midterm elections tak lama lagi.,
2069093754896838914,iran_marah,"‘Donald Trump menari, yang kena marah saya...’ - Anwar Perdana Menteri, Datuk Seri Anwar Ibrahim berseloroh bahawa beliau yang dimarahi apabila Presiden Amerika Syarikat (AS), Donald Trump menari bersama-sama penari yang menyambut ketibaannya di permaidani merah di Kompleks Bunga Raya KL, ketika kunjungan pemimpin AS itu ke negara ini tahun lalu. Beliau sebelum itu menegaskan Malaysia kini memainkan peranan penting dalam hubungan diplomatik antarabangsa dengan pelbagai negara termasuk Iran, Arab Saudi, Turki dan Pakistan, selain berjaya mengekalkan hubungan baik dengan kuasa besar dunia seperti China dan Amerika Syarikat. Beliau berkata demikian ketika berucap pada Majlis Pengumuman Calon PH bagi PRN Johor di Bukit Gambir, Tangkak pada Isnin malam. #sinarharian #beritaterkini #AnwarIbrahim #DonaldTrump",
2068989395475009813,iran_marah,"5 #BeritaPalingPopularBH hari ini //'Saya kecewa tiada saksi hadir inkues kes Zara Qairina hari ini, walaupun tahu arahannya' - Koroner BERNAMA: Mahkamah Koroner di sini hari ini menetapkan 23 Okt depan sebagai tarikh akhir pendengaran inkues berhubung kematian Zara Qairina Mahathir, selepas mendapati prosiding tersebut sudah berlangsung selama 74 hari. //Dua pasangan suami isteri didakwa cederakan pembantu rumah JOHOR BAHRU: Dua pasangan suami isteri dihadapkan ke Mahkamah Majistret di sini, hari ini atas tuduhan mencederakan pembantu rumah pada 22 Disember lalu. //Paling 'Hollywood' sekali yang dekat Muar... saya tak suka dengan 'Hollywood' - Tunku Mahkota Ismail JOHOR BAHRU: Pemangku Sultan Johor, Tunku Mahkota Ismail, mengingatkan rakyat negeri ini supaya jangan mudah terpengaruh dengan ahli politik populis yang gemar menonjolkan diri dalam media sosial. //Iran tinggalkan nota di bilik persalinan Stadium SoFi INGLEWOOD: Iran meninggalkan satu mesej di bilik persalinan Stadium SoFi bagi mengucapkan terima kasih kepada Los Angeles atas layanan yang diberikan sepanjang Piala Dunia. //Cik B terkandas di tempat ketiga, poket Vida selamat SHAH ALAM: Impian untuk meraikan kemenangan dengan ganjaran lumayan dan percutian ke Barcelona tidak kesampaian apabila personaliti media sosial, Cik B, sekadar menamatkan saingan di tempat ketiga pada pentas akhir Talk To My Manager (TTMM) musim kedua, malam tadi.",
2053334007308488964,iran_marah,Rakyat AS tertekan harga petrol melambung akibat perang Iran #SHGlobal Mereka kini bergelut untuk membayar keperluan asas dan kecewa dengan kepimpinan negara. #SinarHarian #beritaterkini #hargaminyak #rakyatAS #perang,
2052687814911824325,iran_marah,"5 #BeritaPalingPopularBH hari ini Tengku Mahkota Pahang kecewa Kerajaan Pusat tak lulus eksport pasir sungai - Tengku Mahkota Pahang, Tengku Hassanal Ibrahim Alam Shah Al-Sultan Abdullah Ri'ayatuddin Al-Mustafa Billah Shah kecewa apabila Kerajaan Pusat tidak meluluskan usaha Pahang menambahkan hasil negeri seperti mengeksport pasir sungai. KKM pantau rapi perkembangan penularan Hantavirus - Kementerian Kesihatan (KKM) memantau rapi perkembangan penularan Hantavirus susulan laporan kes pada peringkat global. Hujan lebat cetus banjir kilat di beberapa tempat sekitar Lembah Klang - Beberapa kawasan di sekitar Lembah Klang dilanda banjir kilat selepas hujan lebat berterusan sejak tengah hari tadi, sekali gus menyebabkan kesesakan lalu lintas dan gangguan kepada pengguna jalan raya di Wilayah Persekutuan Kuala Lumpur dan Selangor. Selat Hormuz kembali tegang, AS-Iran berbalas tembakan, langgar gencatan senjata - Tentera Amerika Syarikat (AS) berkata ia melancarkan serangan balas ke atas tentera Iran selepas terhadap tiga kapal pemusnah AS di Selat Hormuz diserang. Detik Vida 'rawat' Viviana, Ani Maiyuni tak sangka viral - Penyanyi Ani Maiyuni menceritakan detik cemas ketika menyaksikan anaknya, Viviana 'dirawat' Datuk Seri Vida, seperti dalam video tular, beberapa hari lalu.",
2042987757392605357,iran_marah,"@bagindo_kopi Nah lo! Asbun si omon2 bikin marah Iran. Maksudnya apa cb ngemeng begt?? Kl Iran melarang kapal lewat selat hormuz, yg dirugikan jelas rakyat. Kl langka bbm omon2 ttp kaya..ttp bisa jj keliling dunia jualan surat utang.",
2041851629092405253,iran_marah,"Israel marah dengan berita ceasefire Iran, dan lepas geram. Perbuatan Israel ini banyak kali berulang dah sebelum ini. Kalau ada berita perang nak berhenti atau berdamai, dia akan lenjan habis-habis lepas geram dulu. Pun ada yang pro-Israel kat Malaysia ni. Syaitan.",
2040702718948548871,iran_marah,Usaha diplomasi Malaysia dalam isu Iran wajar diberi kredit – PM Anwar #BHnasional Perdana Menteri kecewa pembangkang seolah-olah tidak menghargai usahanya selama ini,
2105232313399599269,iran_pelabur,"Mengadakan perbualan telefon dengan Amir Negara Qatar, Sheikh Tamim bin Hamad Al Thani petang ini. Saya amat menghargai ingatan dan ucapan takziah Sheikh Tamim atas pemergian abang saya, Almarhum Idrus Ibrahim. Baginda juga memohon agar saya sampaikan salam takziah kepada Tun Dr Mahathir Mohamad dan keluarga atas pemergian Almarhumah Tun Dr Siti Hasmah Mohamad Ali. Kami turut membincangkan perkembangan terkini rundingan damai dan pergolakan di Asia Barat, khususnya penderitaan rakyat Palestin di Gaza serta usaha meredakan ketegangan yang melibatkan Iran. Kami senada bahawa perang mesti dihentikan, bantuan kemanusiaan disegerakan dan segala ikhtiar damai diperkukuh demi menghentikan penderitaan rakyat. Malaysia akan terus mendukung usaha diplomatik bersama Qatar dan rakan serantau bagi menjamin keamanan yang berkekalan. Saya menzahirkan harapan agar hubungan erat Malaysia–Qatar terus berkembang, khususnya dalam perdagangan dan pelaburan, serta merakamkan penghargaan atas undangan Sheikha Moza kepada Azizah untuk menghadiri Sidang Kemuncak Inovasi Dunia untuk Kesihatan (WISH). 🇲🇾🇶🇦 #MalaysiaMADANI #DiplomasiMADANI #YakinMADANI",
2102593182433153376,iran_pelabur,"Bursa Malaysia susut, pelabur ambil untung di tengah-tengah rundingan AS dan Iran #BHbisnes Indeks penanda aras FBM KLCI susut 5.98 mata atau 0.35 peratus kepada 1,677.52 pada 9.10 pagi tadi.",
2099542376989728876,iran_pelabur,"Menutup tirai lawatan ke India dengan mengadakan sidang media bersama media Malaysia. Alhamdulillah, lawatan ini melakar kejayaan penting buat Malaysia di pentas antarabangsa dengan suara dan pendirian yang tegas serta kekuatan ekonomi yang semakin mendapat perhatian dan keyakinan dunia. Di Sidang Kemuncak Pemimpin-Pemimpin BRICS ke-18, Malaysia tampil membawa suara negara-negara Selatan Global yang menuntut tatanan dunia lebih adil dan saksama. Kita juga terus tegas mempertahankan nasib rakyat Palestin serta menolak penjajahan, keganasan dan sikap membisu terhadap kezaliman. Pertemuan dua hala bersama Presiden Rusia Vladimir Putin, Presiden Iran Dr Masoud Pezeshkian, Perdana Menteri India Narendra Modi dan Perdana Menteri Ethiopia Dr Abiy Ahmed Ali mencerminkan kedudukan Malaysia yang semakin dihormati tatkala kita mampu berbicara dan bekerjasama dengan pelbagai kuasa berdasarkan prinsip, kepentingan negara dan kesejahteraan rakyat. Keyakinan terhadap Malaysia turut diterjemahkan melalui minat syarikat-syarikat utama India untuk menjalin kerjasama dalam sektor automotif, kejuruteraan, kecerdasan buatan dan pembuatan termaju. Matlamatnya jelas, iaitu membawa masuk pelaburan, mengembangkan bakat tempatan serta mencipta lebih banyak pekerjaan bernilai tinggi untuk rakyat. Di Kerala, hubungan sejarah dan peradaban yang terjalin sejak sekian lama digerakkan ke arah kerjasama ekonomi yang lebih kukuh. Pertemuan bersama pimpinan negeri serta pemain industri dari India, Malaysia dan Negara Teluk membuka peluang dalam ekonomi digital, kesihatan, pendidikan, pelancongan, logistik dan industri halal. Kunjungan ke Markazu Saquafathi Sunniyya pula memperlihatkan peranan Malaysia dalam wacana ilmu dan pemikiran Islam. Kami bicarakan keperluan membentuk pendekatan kecerdasan buatan berteraskan nilai agar teknologi dimanfaatkan tanpa mengorbankan akhlak, kebebasan akal dan kemanusiaan. Setinggi-tinggi penghargaan kepada Kerajaan India atas sambutan mesra dan layanan baik sepanjang keberadaan kami di New Delhi dan Kerala. Terima kasih juga kepada seluruh petugas Kedutaan Besar Malaysia di India, anggota delegasi, rakan media serta semua pihak yang bertungkus-lumus menjayakan dan melancarkan lawatan ini. Terima kasih India. Saya teruskan misi Diplomasi MADANI di Maldives! धन्यवाद, भारत। फिर मिलेंगे! 🇲🇾 🤝 🇮🇳 #MalaysiaMADANI #DiplomasiMADANI #YakinMADANI",
2099110571211972617,iran_pelabur,"PMX Tiada Dalam Gambar Sebab Malaysia Belum Ahli Penuh BRICS - KP J-KOM Oleh Mynewshub KUALA LUMPUR - Malaysia belum menjadi anggota penuh BRICS sebaliknya berstatus Negara Rakan BRICS sejak 1 Januari 2025, kata Ketua Pengarah Jabatan Komunikasi Komuniti (J-KOM), Mohd Hisyamuddin Ghazali. Beliau berkata demikian ketika mengulas mengenai gambar pemimpin negara anggota BRICS yang menjadi perhatian di media sosial susulan ketiadaan Perdana Menteri, Datuk Seri Anwar Ibrahim dalam gambar berkenaan. “Cari Guru dalam gambar memang tak jumpa lah! Tu gambar 11 Negara BRICS awal-awal lagi. Malaysia belum Ahli Penuh. Malaysia ialah BRICS Partner Country sejak 1 Januari 2025,” katanya menerusi hantaran di media sosial. Mohd Hisyamuddin berkata, kredit namun perlu diberikan kepada Anwar kerana Malaysia mula memohon untuk menyertai BRICS pada 2024. “Tapi credit pada PMX Anwar Ibrahim lah, tahun 2024 Malaysia mula mohon menyertai BRICS. Sebelum PMX, Malaysia pernah hadir BRICS Plus, tetapi tiada rekod permohonan rasmi menyertai BRICS,” katanya. Menurut beliau, BRICS mempunyai 11 anggota penuh terdiri daripada Brazil, Rusia, India, China, Afrika Selatan, Mesir, Ethiopia, Iran, Emiriah Arab Bersatu (UAE), Indonesia dan Arab Saudi. Beliau turut berpandangan dunia kini bergerak ke arah sistem multipolar dengan BRICS menjadi antara pengimbang kepada pengaruh ekonomi Amerika Syarikat (AS) dan Barat. Katanya, lawatan Anwar ke India serta pertemuan dengan Perdana Menteri India, Narendra Modi; Presiden Rusia, Vladimir Putin dan pemimpin dunia lain perlu dilihat dalam konteks membawa kepentingan perdagangan, pelaburan serta kepentingan strategik Malaysia. “Guru nampak perubahan dunia jauh ke depan. Murid troll masih sibuk cari Guru dalam sekeping gambar? Jauh langit dengan bumi antara murid dengan guru,” katanya. - MYNEWSHUB Sumber Info: Akaun Media Sosial Syam Ghaz",
2098825597460087027,iran_pelabur,"Malaysia-Iran perluas perdagangan, pelaburan",
2098658394802397588,iran_pelabur,"#NewDelhi Sesi pertemuan itu dijangka memberi tumpuan kepada hubungan dua hala, khususnya peluang memperluaskan kerjasama perdagangan, pelaburan dan ekonomi antara Malaysia-Iran.",
2098648623248802035,iran_pelabur,"Malaysia berhasrat memperkukuh hubungan ekonomi dengan Iran - Anwar #BHnasional Sesi pertemuan dijangka memberi tumpuan kepada hubungan dua hala, khususnya peluang memperluaskan kerjasama perdagangan, pelaburan dan ekonomi antara Malaysia-Iran",
2079443980958511451,iran_pelabur,"Entahlah, masakan pelaburan besar masuk dari Amerika Syarikat sebegini ke Forest City tidak diketahui langsung oleh Johor, dan jatuh salah atas kerajaan persekutuan semata-mata. Zionisme ada satu gagasan untuk menuntut tanah atau hak orang dengan alasan mereka telah dijanjikan hak tanah itu kira-kira 3,000 tahun lalu (sekitar 1000 SM). Ini menjadi alasan mereka ingin meluaskan wilayah ke Mesir, Arab Saudi, Iran malah Iraq. Semua ini akan membantu pembentukan kerajaan Bersatu Israel dan Yehuda (United Monarchy of Israel and Judah). Dalam angan-angan mereka, Raja David berjaya menyatukan suku-suku Israel, menawan Baitulmaqdis dan menjadikannya ibu kota kerajaan tersebut. Kita khuatir lama-kelamaan Zionis gila tetapi kononnya ‘tech’ ini akan menuntut Forest City, Johor sebagai sesuatu yang dijanjikan 3,000 tahun lalu. Forest City, kita terlepas mulut China, masuk mulut Zionis. Baca lebih lanjut di ⤵️",
2068974578228248874,iran_pelabur,"Dalam sidang media bersama, kami menzahirkan kesepakatan untuk terus memperkukuh kerjasama menerusi mekanisme ASEAN dalam usaha mencari penyelesaian yang mampan dan menyeluruh terhadap krisis pelarian Rohingya. Usaha ini termasuk memperhebat penglibatan dengan pihak berkuasa Myanmar serta semua pihak berkepentingan bagi menangani punca dan implikasi kemanusiaan yang berlarutan. Menyentuh isu-isu global, kami berkongsi pendirian yang tegas mengenai keperluan menamatkan penderitaan rakyat Palestin akibat kekejaman berterusan rejim Zionis Israel di Gaza selain menekankan pentingnya usaha diplomasi dan dialog bagi menjamin keamanan yang berkekalan di rantau Teluk serta meredakan ketegangan yang melibatkan Iran. Kami juga menyaksikan pertukaran Memorandum Persefahaman (MoU) Kerjasama Kebudayaan, selain dua pertukaran Nota (EoN) berkaitan penyelidikan antikeganasan serta promosi dan pemudahcaraan pelaburan sekaligus kerjasama ini mencerminkan komitmen bersama untuk memperluas hubungan dua hala yang lebih erat, dinamik dan saling menguntungkan demi manfaat rakyat kedua-dua negara. 🇲🇾🤝🇧🇩 #MalaysiaMADANI #MADANIbekerja #RancakkanMADANI #DiplomasiMADANI",
2068880972242956339,iran_pelabur,Ringgit susut kepada RM4.13 berbanding dolar AS #BHbisnes Mata wang tempatan dijangka diniagakan secara berhati-hati berikutan peniaga dan pelabur memantau perkembangan rundingan antara AS dan Iran.,
2068867771002462591,iran_pelabur,"Ringgit rendah berbanding dolar AS, mengukuh berbanding mata wang utama lain Ringgit dijangka diniagakan secara berhati-hati berikutan peniaga dan pelabur memantau perkembangan rundingan antara AS dan Iran. #SinarHarian #Ringgit #rendah #dolarAS",
2067402748774260887,iran_pelabur,"Mengadakan pertemuan dengan Presiden Vladimir Putin bagi membincangkan pelbagai aspek kerjasama dua hala, termasuk potensi memperkukuh hubungan dalam sektor tenaga yang merupakan antara bidang strategik bagi Malaysia dan Persekutuan Rusia. Saya terlebih dahulu sampaikan salam Tuanku Agong, di samping menzahirkan penghargaan atas layanan mesra dan penghormatan yang sentiasa diberikan kepada Malaysia. Saya menyentuh usaha memperluas kerjasama ekonomi termasuk menghargai ketetapan Persekutuan Rusia memberikan kerjasama jangka panjang dalam aspek bekalan tenaga dan minyak. Kami juga bertukar pandangan mengenai peluang memperkukuh kerjasama dalam bidang teknologi baharu, keselamatan siber, digital, kecerdasan buatan (AI), pertanian moden dan farmaseutikal. Perbincangan turut merangkumi usaha memudah cara pergerakan rakyat melalui pemansuhan visa, serta penerokaan mekanisme bagi memperluas perdagangan dan pelaburan dua hala menggunakan mata wang tempatan (Ringgit dan Ruble). Pada kesempatan sama, saya memuji pendirian Presiden Putin yang konsisten dan berprinsip dalam menyuarakan pandangan berhubung isu Gaza dan Iran. Kerajaan MADANI akan terus mengambil langkah strategik dan proaktif bagi memperkukuh keterjaminan tenaga negara, termasuk melalui kerjasama antarabangsa yang mampu menjamin kestabilan, kesinambungan dan daya tahan bekalan tenaga demi kepentingan rakyat. ====== Had a productive meeting with President Vladimir Putin to discuss a wide range of bilateral cooperation, including opportunities to further strengthen collaboration in the energy sector, a strategic area of mutual interest to Malaysia and the Russian Federation. 🇲🇾🇷🇺 #MalaysiaMADANI #MADANIbekerja #YakinMADANI #DiplomasiMADANI",
2059818491537146008,iran_pelabur,"Ringgit dibuka tinggi, namun susut sedikit berbanding dolar AS Ringgit dibuka kebanyakannya tinggi berbanding mata wang utama, namun susut sedikit berbanding dolar AS susulan sentimen berhati-hati pelabur terhadap ketidaktentuan rundingan AS-Iran serta perkembangan ekonomi global yang mempengaruhi pasaran mata wang #SinarHarian #ringgit #dolarAS #susut",
2054754835119902961,iran_pelabur,"Harga minyak meningkat sedikit apabila pelabur menantikan pertemuan antara Presiden AS, Donald Trump dan Presiden China, Xi Jinping, di samping terus memantau perkembangan konflik Iran. Niaga hadapan minyak mentah Brent naik 0.12% kepada AS$105.76 setong, manakala WTI AS meningkat 0.12% kepada AS$101.14 setong.",
2053827228115538104,iran_pelabur,"Ringgit susut berbanding dolar AS, kukuh daripada mata wang serantau #BHbisnes Pelabur terus memantau perkembangan rundingan AS-Iran, pertemuan pemimpin Washington dan Beijing.",
2048367738171863213,iran_pelabur,"#AWANI745 bersama @luqmanhriz 📌Konflik Asia Barat buka peluang kepada Malaysia, destinasi pelaburan selamat. 📌Sasar 200,000 penempatan pekerjaan di seluruh negara. 📌Iran tidak lagi fikir soal rundingan, enggan layan Trump.",
2043902097171546491,iran_pelabur,"Saham Asia dijangka meningkat susulan kenaikan di Wall Street apabila Presiden AS, Donald Trump memberi bayangan potensi rundingan damai dengan Iran walaupun sekatan Selat Hormuz sedang dilaksanakan. Harga minyak susut sedikit namun kekal hampir AS$100 setong. Pelabur kekal berhati-hati terhadap risiko konflik dengan inflasi dan dasar kadar faedah terus menjadi tumpuan pasaran.",
2041836959174402370,iran_pelabur,"Isyarat perang Iran tamat legakan pasaran, mengukuhkan ringgit #BHbisnes Pengumuman gencatan senjata kurangkan tekanan terhadap aliran keluar modal, tingkat minat pelabur.",
2039184400865235141,iran_pelabur,"Ringgit dibuka lebih tinggi berbanding dolar AS pada Rabu apabila sentimen global bertambah baik susulan jangkaan Amerika Syarikat (AS) mungkin berundur dari Iran dalam tempoh beberapa minggu. Pada 8 pagi, mata wang tempatan itu meningkat kepada 4.0200/0400 berbanding dolar AS daripada paras 4.0475/0520 ketika ditutup semalam. Pengarah Strategi Pelaburan dan Ekonomi IPPFA Sdn Bhd Mohd Sedek Jantan berkata Presiden AS Donald Trump memberi isyarat kemungkinan pengunduran dari Iran dalam tempoh dua hingga tiga minggu. Berita penuh:",
2039172253909410144,iran_pelabur,"Bagi pasaran, perkembangan ini sudah memadai untuk meredakan sebahagian permintaan terhadap dolar AS sebagai aset selamat, sekali gus membolehkan mata wang serantau seperti ringgit pulih apabila pelabur mula kembali mengambil risiko secara berhati-hati. #sinarharian #beritaterkini",
2037127341185348034,iran_pelabur,"[TERKINI] 📌Konflik Asia Barat: PM Datuk Seri Anwar umum langkah strategik negara perkukuh kesiapsiagaan hadapi krisis tenaga global. 📌Konflik Asia Barat: Kuota BUDI95 diselaras sementara kepada 200 liter sebulan daripada 300 liter bermula 1 April. 📌Konflik Asia Barat: Harga subsidi petrol BUDI95 dikekalkan RM1.99 seliter. 📌Penjawat awam boleh bekerja dari rumah secara berperingkat dan terpilih. 📌Konflik Asia Barat: Sektor swasta digesa laksana inisiatif BDR. 📌PM Datuk Seri Anwar zahir ucapan terima kasih kepada Presiden Iran kerana beri laluan lepaskan kapal minyak Malaysia dan pekerja untuk pulang ke tanah air. 📌PM Datuk Seri Anwar ucap terima kasih kepada rakyat yang cakna lapor penipuan, penyalahgunaan subsidi petrol BUDI95 kepada agensi penguatkuasaan. 📌Kerajaan akan terus menjaga disiplin, mengelak keborosan dan ketirisan supaya momentum pertumbuhan ekonomi Malaysia kekal. 📌PM Datuk Seri Anwar harap rakyat faham pengurangan kuota subsidi BUDI RON95 dibuat teliti dan berhemah 📌Malaysia kekal sebagai pusat tarikan pelaburan yang sangat aktif meskipun dunia berdepan kemelut dan peperangan. 📌Konflik Asia Barat: Sabah, Sarawak akan terus nikmati diesel subsidi pada RM2.15 seliter walaupun harga melambung naik. 📌Had siling subsidi bersasar petrol RON95 bagi e-hailing, pekerja gig dikekalkan sehingga 800 liter. -Perdana Menteri, Datuk Seri @anwaribrahim",
2036782627420824002,iran_pelabur,"Diesel : RM5.52/ liter RON 95 : RM3.87/ liter (tanpa subsidi) Jika perang Iran - Amerika/Israel semakin teruk, June ni kita mungkin akan dapat harga seperti quote tweet tu. RM 7/liter untuk RON95…",
2036778811799519307,iran_pelabur,"Ringgit jatuh kepada RM3.96 sedolar, pelabur tunggu isyarat perang Iran reda #BHbisnes Mata wang tempatan menunjukkan penyusutan secara beransur-ansur berbanding dolar AS.",
2036393231890653598,iran_pelabur,"Tengku Zafrul berkata konflik antara Amerika Syarikat (AS) dan Iran menyumbang kepada kenaikan harga tenaga, peningkatan kos logistik serta tekanan inflasi yang kembali memuncak. #AWANInews #AWANI745",
2036320568975433765,iran_pelabur,"Sewaktu perbualan telefon dengan rakan sejawat saya dari New Zealand, Christopher Luxon, kami bertukar pandangan mengenai perkembangan di Asia Barat serta kesannya terhadap keselamatan dan ekonomi global. Saya menegaskan pendirian Malaysia yang mengecam keras serangan ketenteraan terhadap Iran, serta menolak sebarang tindakan unilateral yang bercanggah dengan undang-undang antarabangsa. Malaysia kekal menggesa gencatan senjata segera, perlindungan orang awam, serta kembalinya semua pihak ke meja rundingan melalui saluran diplomasi. Kami turut menyentuh kesan konflik terhadap sektor tenaga New Zealand, termasuk peningkatan harga bahan api dan tekanan terhadap ekonomi domestik. Saya menyambut baik langkah proaktif kerajaan New Zealand dalam memperkukuh keselamatan tenaga serta mempercepat peralihan kepada tenaga boleh baharu. Dalam masa yang sama, kami menegaskan komitmen untuk terus memperkukuh hubungan dua hala di bawah kerangka Perkongsian Strategik, termasuk dalam bidang perdagangan, pelaburan dan kerjasama tenaga. Kami akan terus berhubung rapat dalam mendepani cabaran semasa demi kepentingan bersama. #MalaysiaMADANI #MADANIbekerja #RancakkanMADANI #YakinMADANI",
2033084197292978243,iran_pelabur,Ringgit diunjur dalam julat RM3.93 hingga RM3.98 sedolar minggu depan #BHbisnes Peniaga dan pelabur akan terus memberikan tumpuan terhadap perang di Iran.,
2032798269735317589,iran_pelabur,"Perang Iran boleh buat ramai rakyat Malaysia jatuh bankrap. Ini chain reaction yang dah pernah berlaku sebelum ni dan sekarang ia nak berlaku lagi. Selat Hormuz, Laluan 20% bekalan minyak dunia berada tepat di kawasan konflik. Bila ada ketegangan kat sana, pengguna...see more",
2032404016303690082,iran_pelabur,Negara di Asia lah yang paling terkesan dengan Perang US/Israel - Iran. Majoriti di sini Import lebih 50% minyak mentah dari Timur Tengah. Memang patut lah ya Philippines tengah nazak sekarang sampai kerajaan dia mula paksa majikan bagi kerja 4 hari seminggu.,
2031195971296596432,iran_pelabur,"Bursa Malaysia dibuka tinggi, jejak pemulihan Wall Street #BHbisnes Sentimen pasaran bertambah baik selepas isyarat konflik AS-Iran mungkin berakhir, namun pelabur masih berhati-hati susulan ketidaktentuan pasaran tenaga global.",
2028700387025322363,iran_pelabur,Bank Asia dan China meningkatkan pinjaman ke Timur Tengah tiga kali ganda berbanding tahun lalu. Namun konflik melibatkan Iran meningkatkan ketidakpastian dan risiko kewangan kepada sektor perbankan serantau. Bank kini mengambil pendekatan tunggu dan lihat dengan menangguhkan urus niaga serta menilai semula pendedahan risiko yang boleh menekan pelaburan dan kestabilan ekonomi global.,
2026185979879735723,iran_pelabur,"3. berkaitan tarif. Paras sokongan ringgit kini sekitar RM3.8722 dan dijangka bergerak mendatar dalam tempoh terdekat. Sentimen pasaran terus dipacu perkembangan dasar perdagangan AS dan rundingan AS-Iran yang dipantau rapi pelabur. Jika berjalan lancar, ia berpotensi menyokong",
1942261689032044547,iran_pelabur,"Hari terakhir di pentas Sidang Kemuncak BRICS 2025 menyaksikan Malaysia terus menegaskan bahawa kesihatan global, keadilan iklim dan pembiayaan mampan bukan isu yang terpisah, tetapi saling berhubung kait dan menuntut pendekatan bersepadu yang holistik, berskala besar dan berteraskan keadilan. Malaysia menyambut baik pelancaran ""BRICS Partnership for the Elimination of Socially Determined Diseases"", yang mencerminkan pengiktirafan bahawa usaha menangani penyakit tidak akan berjaya tanpa menangani ketidaksaksamaan sosial dan kemiskinan struktural di peringkat akar umbi. Saya turut menegaskan bahawa akses saksama kepada vaksin, sistem kesihatan awam yang berdaya tahan serta kawal selia rantaian bekalan ubat global adalah isu keselamatan antarabangsa, bukan sekadar agenda kesihatan. Kegagalan dalam perkara ini boleh mencetuskan ketidaktentuan serantau dan mengancam pembangunan mampan sejagat. Dalam hal perubahan iklim, Malaysia kekal komited kepada peralihan karbon rendah yang kredibel dan adil, berpaksikan Pelan Hala Tuju Peralihan Tenaga Negara (NETP) serta sasaran pelepasan sifar bersih menjelang 2050. Namun saya tekankan bahawa dasar tanpa sumber tidak akan membuahkan hasil. Pembiayaan iklim hari ini masih jauh daripada mencukupi, terutamanya bagi negara membangun yang terdedah kepada risiko iklim berganda. Malaysia menyokong penuh Kerangka Mengenai Pembiayaan Iklim oleh BRICS, namun saya tekankan keperluan untuk menterjemah deklarasi kepada tindakan konkrit termasuk pengwujudan instrumen pembiayaan yang lebih berkesan, akses saksama kepada dana konsesi dan penyelarasan yang lebih erat antara institusi kewangan serantau serta global. Sebagai Pengerusi ASEAN, Malaysia sedang memacu agenda memperkukuh kesepaduan serantau dalam tindakan iklim, memperluas akses kepada pembiayaan hijau, menyeragamkan piawaian dan menjadikan Asia Tenggara sebagai hab pelaburan mampan yang berdaya saing. Saya akhiri sesi intervensi dengan menyeru agar COP30 di Belém, Brazil menjadi detik peralihan sebenar daripada retorik kepada pelaksanaan. Keadilan iklim bukan hanya tentang niat, tetapi tentang bagaimana kita mengagih modal, mengurus risiko dan memikul tanggungjawab secara kolektif. Masa untuk berhujah telah berakhir. Kini adalah masa untuk bertindak dengan bersama dengan berani serta dalam skala yang mampu menyelamatkan masa depan bersama. Di sela-sela sidang ini juga saya berkesempatan bertemu Presiden Indonesia, Presiden Chile, Premier China, Timbalan Perdana Menteri Kazakhstan, Menteri Luar Rusia, Menteri Luar UAE dan Menteri Luar Republik Islam Iran sekali gus mengukuhkan lagi hubungan dua hala antara Malaysia dan kesemua negara tersebut. 🇲🇾🇧🇷 #MalaysiaMADANI #RancakkanMADANI #MADANIbekerja #BRICS2025",
1937763799936958585,iran_pelabur,"Dalam mesyuarat dua hala bersama rakan saya Presiden Sadyr Japarov @sadyrzhaparovkg dan delegasi, kami telah secara bersama menyentuh pelbagai bidang kerjasama strategik yang mencakup hal-hal perdagangan, pelaburan, pendidikan, tenaga boleh baharu, industri halal, pelancongan dan keselamatan serta kestabilan serantau. Kami juga menyambut baik potensi kerjasama dalam bidang teknologi digital, perbankan Islam, serta mobiliti pendidikan melalui biasiswa dan program pertukaran pelajar. Kami menelusuri sejarah hubungan sejak lawatan Presiden Askar Akayez ke Malaysia tiga puluh tahun yang lalu, dan kini memperkukuh hubungan di pelbagai lapangan dan mekanisme. Saya turut tekankan komitmen Malaysia dalam memperkukuh peranan negara Asia Tengah dalam kerjasama serantau termasuk ASEAN, serta berkongsi pendirian berprinsip terhadap isu-isu antarabangsa seperti Palestin, Afghanistan, Ukraine dan Iran. Semoga kunjungan ini membuka ruang baharu ke arah Perkongsian Komprehensif pada masa hadapan. Malaysia dan Republik Kyrgyz bukan sahaja rakan serantau dan dagang, tetapi juga merupakan sahabat dalam menjulang nilai keamanan, kemajuan dan kemanusiaan sejagat. 🇲🇾🇰🇬 #MalaysiaMADANI #MADANIbekerja",
1937472673237680440,iran_pelabur,Bursa Malaysia ditutup bercampur-campur didorong aktiviti ambil untung saham mewah terpilih #BHbisnes Sentimen pelabur lebih baik berikutan pengumuman Presiden Donald Trump mengenai gencatan senjata sementara antara Israel dan Iran.,
2104802108134264918,iran_dagang,"Eksport minyak mentah dari negara pengeluar utama Timur Tengah meningkat semula kepada 16.328 juta tong sehari (bpd) pada September, paras tertinggi sejak perang AS-Israel dengan Iran bermula pada akhir Februari. Bagaimanapun, jumlah eksport masih sekitar 3.2 juta bpd lebih rendah berbanding 19.513 juta bpd pada Februari dan Arab Saudi dijangka mengeksport kira-kira 5.4 juta bpd pada September, meningkat daripada 2.446 juta bpd pada Ogos, menurut data Kpler.",
2100954929242554491,iran_dagang,"𝐏𝐄𝐍𝐓𝐀𝐒 𝐁𝐑𝐈𝐂𝐒 𝐃𝐀𝐍 𝐌𝐀𝐑𝐔𝐀𝐇 𝐒𝐓𝐑𝐀𝐓𝐄𝐆𝐈𝐊 𝐌𝐀𝐋𝐀𝐘𝐒𝐈𝐀 Langkah diplomasi berprinsip di bawah kemudi YAB Perdana Menteri, Dato' Seri Anwar Ibrahim (PMX) sewaktu Sidang Kemuncak Pemimpin BRICS Ke-18, New Delhi, India memperkukuhkan lagi kedudukan Malaysia sebagai negara yang merdeka, berani, lantang dan berdaulat. Kehadiran Malaysia sebagai 'partner country' (negara rakan) sejak 2025 - atas jemputan kehormat - membuktikan suara negara digalas dengan penuh penghormatan pada persada antarabangsa tanpa perlu menggadaikan dasar berkecuali kita. Menerusi pentas ini, Malaysia menggesa keadilan perdagangan global, pemerkasaan teknologi tinggi (AI & semikonduktor), serta pembukaan pasaran modal Islam demi mengangkat ekonomi rakyat. Pendirian tegas turut dizahirkan menerusi penekanan autonomi strategik - iaitu hak sesebuah negara untuk menentukan haluan sendiri menerusi hubungan berbilang hala (multipolar) tanpa tunduk kepada cengkaman mana-mana kuasa besar. Sejajar dengan prinsip Fiqh Ta’ayush dan nilai ihsan sejagat, Malaysia kekal lantang menuntut keadilan buat Asia Barat, mengecam pencerobohan, serta mendesak perlindungan hak kemanusiaan khususnya buat Palestin. Pendekatan ini membuktikan keupayaan negara mengimbangi diplomasi ekonomi dan prinsip moral pada pentas dunia. Penglibatan Malaysia dalam BRICS bukan bertujuan untuk menentang mana-mana blok, sebaliknya mahu memperjuangkan sistem dan peraturan antarabangsa yang lebih adil. Pertemuan strategik bersama para pimpinan utama dunia - termasuk Presiden Vladimir Putin (Rusia), Perdana Menteri Narendra Modi (India), Presiden Masoud Pezeshkian (Iran), dan Perdana Menteri Abiy Ahmed (Ethiopia) - menzahirkan iltizam teguh Malaysia dalam membina jaringan keselamatan dan kemakmuran global. PMX turut menemui Presiden Mesir, Abdel Fattah El-Sisi; Presiden Indonesia, Prabowo Subianto; Presiden Kazakhstan; Timbalan Perdana Menteri Uzbekistan; Setiausaha Agung Pertubuhan Bangsa-Bangsa Bersatu (PBB) serta Ketua Pengarah Pertubuhan Perdagangan Dunia (WTO). Kehadiran PMX di pentas BRICS bukan sekadar penyertaan diplomasi biasa, malah satu pengiktirafan tinggi antarabangsa terhadap ketokohan beliau sebagai pemimpin bertaraf dunia, dan Malaysia sebagai sebuah negara yang kembali disegani warga global. Ayuh kita semua bersatu hati melangkah memartabatkan syiar, ekonomi, dan maruah tanah air yang lebih gemilang, insya Allah! 🤲🇲🇾 #SebarkanSalam #MadaniMembantu @anwaribrahim",
2100153486776410213,iran_dagang,"Malaysia komited memperkukuh hubungan dengan Iran menerusi peluang baharu perdagangan, kebudayaan dan pendidikan. #AWANInews #AWANI745",
2098720783048511524,iran_dagang,"MALAYSIA-IRAN | Perdana Menteri, Datuk Seri Anwar Ibrahim memulakan siri pertemuan dua hala sempena Sidang Kemuncak Pemimpin BRICS Ke-18, di New Delhi, hari ini bersama Presiden Iran, Masoud Pezeshkian, dengan fokus perbincangan tertumpu kepada ketegangan yang kian memuncak di Asia Barat serta kesannya terhadap kestabilan rantau, perdagangan global dan keselamatan tenaga. #BuletinTV3 #BeritaTerkini #BRICS #Malaysia #Iran #KonflikAsiaBarat Berita penuh di",
2098267825391472892,iran_dagang,"Harga minyak melonjak lebih 6% pada Khamis dengan Brent mencecah AS$107.63 setong dan WTI AS$102.48, didorong kebimbangan gangguan bekalan susulan peningkatan serangan terhadap perkapalan di sekitar Selat Hormuz dan Laut Merah. Ketegangan konflik Iran turut meningkatkan risiko terhadap laluan eksport, pengeluaran minyak dan infrastruktur tenaga serantau.",
2092063142880989513,iran_dagang,Iran ancam henti eksport minyak dari Teluk,
2091144761671639428,iran_dagang,"CHINA-TAIWAN: MALAYSIA PERLU KEKAL DENGAN DIPLOMASI, BUKAN KETENTERAAN Malaysia sejak dahulu telah membina dasar luar yang berteraskan keamanan, berkecuali dan diplomasi. Malaysia turut memainkan peranan dalam mengasas ASEAN, Non-Aligned Movement (NAM) dan kerjasama Selatan-Selatan (South-South Cooperation) yang meletakkan keamanan sebagai asas hubungan antarabangsa. Malaysia memang mengiktiraf Dasar Satu China (One China) sejak era Tun Abdul Razak. Namun mengiktiraf dasar tersebut tidak bermakna kita perlu menyokong penyatuan melalui kekerasan. Sebarang penyelesaian antara China dan Taiwan seharusnya dicapai melalui rundingan dan jalan damai. Sebab itu bagi saya kenyataan terbaru Perdana Menteri Dato' Seri Anwar Ibrahim yang dilihat membuka ruang kepada penggunaan kekerasan dalam isu Taiwan wajar dibantah. Malaysia tidak sepatutnya dilihat meninggalkan tradisi berkecuali hanya kerana mahu menunjukkan kesetiaan terhadap Beijing. Lebih penting, China dan Taiwan kedua-duanya mempunyai hubungan ekonomi yang besar dengan Malaysia. China merupakan rakan dagangan nombor satu dengan jumlah perdagangan Rm541.9billion manakala Taiwan pula rakan keempat dengan jumlah dagangan Rm233.02billion Kita tidak mendapat manfaat daripada ketegangan yang meningkat, sebaliknya memerlukan keamanan, kestabilan dan hubungan perdagangan yang baik dengan kedua-duanya. Pendirian Malaysia seharusnya jelas walau kita menghormati Dasar Satu China, tetapi kita juga percaya pertikaian mesti diselesaikan melalui rundingan, bukan ketenteraan. Belum ada pimpinan negara sebelum ini yang bersetuju kekerasan digunakan sebagai kaedah menyelesaikan masalah. Dalam dunia yang semakin tegang, biarlah konflik AS-Iran dan Ukrain-Rusia menjadi pengajaran bahawa peperangan akan merugikan semua pihak dari segi ekonomi. Razeef Rakimin 22 Ogos 2026 Sepanggar, Sabah",
2090826696614457806,iran_dagang,"Saya sempat berhubung menerusi panggilan telefon dengan Perdana Menteri Pakistan, Shehbaz Sharif, yang bertanyakan perkembangan kesihatan saya. Saya menghargai doa serta kiriman bunga dan buah-buahan daripada beliau dan memaklumkan bahawa saya kini dalam proses pemulihan. Kami bertukar pandangan terkait perkembangan semasa di rantau ini dan senada bahawa segala ketegangan mesti ditangani secara cermat menerusi dialog serta diplomasi demi memelihara keamanan dan kestabilan serantau. Kami juga membincangkan perkembangan hubungan Iran–Amerika Syarikat dan menegaskan pentingnya libat urus berterusan bagi meredakan ketegangan. Selat Hormuz pula mesti kekal terbuka dan selamat bagi menjamin kelancaran perdagangan antarabangsa. Terkait hubungan dua hala, kami sepakat memperhebat kerjasama perdagangan dan ekonomi yang masih mempunyai potensi besar untuk diteroka, termasuk memperluas eksport daging Pakistan ke Malaysia. Segala komitmen yang dicapai harus diterjemahkan segera kepada hasil nyata yang memberi manfaat kepada kedua-dua negara. Malaysia akan terus mendukung Pakistan sebagai negara sahabat dan rakan penting, insya-Allah. 🇲🇾🇵🇰 #MalaysiaMADANI #DiplomasiMADANI #YakinMADANI",
2081733845800600023,iran_dagang,"Ketika Iran dan Oman mempertimbangkan cadangan mengenakan bayaran kepada kapal yang melalui Selat Hormuz, perhatian dunia kini tertumpu kepada Selat Melaka yang semakin dilihat sebagai aset strategik dan 'senjata' geopolitik baharu Malaysia dalam landskap perdagangan maritim global. Walaupun Selat Melaka tidak mengenakan bayaran transit kepada kapal, kepentingannya dalam rantaian bekalan dunia menjadikan laluan itu antara aset paling bernilai di Asia Tenggara. Artikel: Anda boleh baca berita penuh di portal Sinar Harian di atau swipe up di IG story serta jangan lupa follow IG @sinarharian untuk berita terkini dalam dan luar negara. #SinarHarian #SinarTerkini #SelatMelaka #Malaysia #MaritimGlobal",
2096558315677585506,iran_opec,"#FMTBusiness The Opec+ meeting comes as the Iran war continues to disrupt oil exports through the Strait of Hormuz, limiting Opec+'s influence over prices and market share. Full Article:",
2050357556913336481,iran_opec,"conflict in the middle east (closure of the Strait of Hormuz) and UAE's decision to quit OPEC Dubai &amp; UAE's economy is in trouble (esp Trade, Fuel and Tourism) @ SEAsia Singapore’s economy going through "" very difficult period"" Iran allowed Malaysia-linked ships pass through 👍",
2040454582179098845,iran_rakyat_reaksi,"Harga Minyak: PM Anwar Petik Ayat Al-Quran Seru Rakyat Bersyukur Oleh Mynewshub KUALA LUMPUR - Perdana Menteri, Datuk Seri Anwar Ibrahim memetik ayat al-Quran Surah Ibrahim ayat 7 bagi mengajak rakyat Malaysia bersyukur terhadap usaha kerajaan menangani situasi harga minyak global ketika ini. Beliau dalam satu hantaran di media sosial berkata, semua pihak perlu menghadapi saat yang mencabar ketika ini dengan kebijaksanaan, disiplin dan tanggungjawab bersama. ""Serta terus memelihara rasa syukur dalam setiap keadaan. Insya-Allah, kita mampu mengharungi cabaran ini bersama-sama. ""Maksudnya: Dan (ingatlah) ketika Tuhan kamu memberitahu: ""Sesungguhnya jika kamu bersyukur, nescaya Aku akan menambah nikmat-Ku kepada kamu; dan jika kamu kufur, sesungguhnya azab-Ku amat pedih"","" katanya. Terdahulu, Anwar berkata, krisis tenaga yang melanda dunia ketika ini kian meruncing akibat konflik yang dicetuskan oleh serangan Israel terhadap Iran dengan dukungan Amerika Syarikat. Beliau yang juga Menteri Kewangan berkata, keadaan itu telah mengganggu bekalan minyak global dan melonjakkan kos secara mendadak termasuk di negara ini. Ujar Perdana Menteri, kerajaan namun memberi keutamaan untuk terus melindungi rakyat dengan mengekalkan harga petrol RON95 pada RM1.99 seliter. Kata beliau, kerajaan turut menyalurkan subsidi diesel kepada nelayan, petani, peniaga dan mereka yang layak. ""Perbelanjaan subsidi kini meningkat kepada hampir RM6 bilion sebulan,"" katanya. Justeru, kata Anwar, rakyat tidak harus berpecah atau saling menyalahkan, sebaliknya bangkit sebagai satu masyarakat yang matang dan bertanggungjawab. - MYNEWSHUB Sumber Info/Foto: Akaun Media Sosial Anwar Ibrahim",
2040413177457115223,iran_rakyat_reaksi,"Usai kunjungan di Kuala Kangsar, saya terus ke Masjid Ar-Rashid di Tambun untuk bertemu masyarakat setempat, termasuk wakil Orang Asli dari Kampung Makmur. Saya telah meluluskan peruntukan RM400,000 bagi menaik taraf infrastruktur Masjid Ar-Rashid, sebagai sebahagian komitmen Kerajaan MADANI untuk terus memperkasa institusi ini. Dalam kunjungan ini, saya jelaskan bahawa krisis tenaga yang melanda dunia ketika ini kian meruncing akibat konflik yang dicetuskan oleh serangan Israel terhadap Iran dengan dukungan Amerika Syarikat. Keadaan ini telah mengganggu bekalan minyak global dan melonjakkan kos secara mendadak, termasuk di negara kita. Di sebalik tekanan ekonomi ketika ini, Kerajaan memberi keutamaan untuk terus melindungi rakyat dengan mengekalkan harga petrol RON95 pada RM1.99 seliter, antara yang terendah di dunia, serta menyalurkan subsidi diesel kepada nelayan, petani, peniaga dan mereka yang layak. Perbelanjaan subsidi kini meningkat kepada hampir RM6 bilion sebulan. Dalam menghadapi ujian ini, kita tidak harus berpecah atau saling menyalahkan, sebaliknya bangkit sebagai satu masyarakat yang matang dan bertanggungjawab. Kerajaan sedia mendengar denyut nadi rakyat melalui libat urus berterusan bersama pelbagai lapisan masyarakat. Dalam saat mencabar ini, kita perlu menghadapinya dengan kebijaksanaan, disiplin dan tanggungjawab bersama, serta terus memelihara rasa syukur dalam setiap keadaan. Insya-Allah, kita mampu mengharungi cabaran ini bersama-sama. وَإِذۡ تَأَذَّنَ رَبُّكُمۡ لَىِٕن شَكَرۡتُمۡ لَأَزِیدَنَّكُمۡۖ وَلَىِٕن كَفَرۡتُمۡ إِنَّ عَذَابِی لَشَدِیدࣱ Maksudnya: Dan (ingatlah) ketika Tuhan kamu memberitahu: ""Sesungguhnya jika kamu bersyukur, nescaya Aku akan menambah nikmat-Ku kepada kamu; dan jika kamu kufur, sesungguhnya azab-Ku amat pedih.” #MalaysiaMADANI #MADANIbekerja #YakinMADANI",
2037149818641146077,iran_rakyat_reaksi,"𝗥𝗔𝗦𝗠𝗜! 𝗕𝗘𝗥𝗜𝗧𝗔 𝗠𝗘𝗟𝗘𝗚𝗔𝗞𝗔𝗡 𝗡𝗘𝗚𝗔𝗥𝗔 Perdana Menteri, Anwar Ibrahim mengesahkan bahawa Kerajaan Republik Islam Iran telah membuka laluan khas di Selat Hormuz untuk kapal tangki minyak Malaysia. Langkah diplomasi ini membuka semula laluan kritikal ketika krisis global memuncak, satu perkembangan besar. Alhamdulillah. Ini bukan sekadar berita, ini talian hayat negara. InsyaAllah, dengan kebenaran laluan ini, kapal-kapal Malaysia kini dalam perjalanan membawa bekalan minyak pulang ke tanah air.",
2032691189422395558,iran_rakyat_reaksi,"Petra Jaya | 14 Mac 2026 |Sabtu Kerjasama seluruh lapisan masyarakat amat diperlukan untuk memahami dan memberi kerjasama sepenuhnya terhadap langkah penjimatan yang diambil kerajaan, susulan ketegangan yang terus memuncak di Asia Barat dengan kesannya mula dirasai ke atas ekonomi negara. Ini termasuklah langkah kerajaan mengehadkan lawatan semua anggota pentadbiran kerajaan ke luar negara dan mengarahkan semua kementerian, agensi serta syarikat berkaitan kerajaan (GLC) untuk tidak menganjurkan majlis rumah terbuka sempena Aidilfitri tahun ini, sebagai langkah berjimat cermat susulan ketidaktentuan ekonomi global akibat konflik di Asia Barat. Komitmen padu kerajaan dengan mengambil pendekatan lebih sederhana dan berhemat dalam perbelanjaan adalah demi kesejahteraan rakyat dan negara. Melihat perkembangan di peringkat global sekarang, ada tiga perang sebenarnya — Rusia dengan Ukraine ; Afghanistan dengan Pakistan ; juga Iran dengan Israel dan Amerika Syarikat. Perkembangan ini boleh menyebabkan bukan sahaja pergolakan tapi akhirnya menjejaskan bukan sahaja politik tetapi ekonomi dunia. Ini kerana Selat Hormuz adalah laluan utama dagangan dunia iaitu minyak dan gas, manakala Malaysia pula memerlukan baja dan pelbagai bekalan. Dari segi minyak, cabarannya ialah minyak pesawat. Bekalan minyak pesawat masih banyak tersadai di lautan dan ini menyebabkan harga tiket penerbangan naik secara purata 90 peratus. Apa yang dilakukan Singapore Airlines, ialah bagi sesiapa yang sudah membeli tiket awal mereka batalkan dan membayar balik kos pembelian tiket kepada penumpang. Apabila membeli tiket baharu harganya berkali ganda. Bagi umat Islam cabarannya ialah mereka yang akan menunaikan fardu haji, melibatkan harga tiket penerbangan. Oleh itu kita perlu bersiap sedia dari sekarang. Kita perlu simpan duit sebab subsidi minyak petrol sahaja setiap bulan jika perang berlanjutan ialan RM2 bilion, bermakna setahun RM24 bilion. Manakala subsidi diesel RM1.3 bilion sebulan. Namun Alhamdulillah kedudukan kita masa ini lebih baik daripada negara-negara lain termasuk jiran kita. Harga minyak kita masih kita dapat kekalkan, sedang Singapura sekarang sudah mencecah RM10. Harga minyak di Thailand dan Indonesia pun tinggi. Jadi cabaran pada kita, apabila harga minyak murah, ada yang nak ambil peluang menyeludup dan jual minyak ke Indonesia. Jadi kes macam ini yang kita kena berjaga dan memberi kerjasama sepenuhnya. Kerajaan tengah memantau untuk memastikan Malaysia tak akan terkesan dan jika terkesan macam mana kita nak pastikan rakyat dan ekonomi tidak terjejas. Justeru pada Program Sumbangsih – Santunan Kasih Seindah Syawal, Pergerakan Wanita Parti Pesaka Bumiputera Bersatu (PBB) Cawangan N7 Samariang hari ini saya mengajak rakyat supaya memahami keadaan semasa, berjaga-jaga dan berhemah dalam perbelanjaan termasuk dalam penggunaan elektrik. Sebab di Semenanjung elektrik sekarang bergantung dengan gas, minyak dan arang batu. Di Sarawak Alhamdulillah tidak terjejas sangat sebab ada banyak hidro. Sementara itu melalui Program Sumbangsih – Santunan Kasih Seindah Syawal, saya bersama YB Datuk Sharifah Hasidah Sayeed Aman Ghazali, Timbalan Menteri di Jabatan Premier Sarawak (Undang-undang, MA63 dan Hubungan Negeri-Persekutuan) dan ADUN N7 Samariang, menyampaikan bantuan duit raya serta bakul kuih-muih raya kepada 150 penerima di kawasan N.7 Samariang sebagai sokongan segera bagi membantu meringankan beban perbelanjaan menjelang Syawal. Semoga setiap sumbangan membawa kegembiraan dan keberkatan buat semua. Marilah kita menjadikan Ramadan ini sebagai peluang untuk lebih banyak bersedekah dan berkongsi rezeki, supaya keberkatan bulan yang mulia ini dapat dirasai oleh semua. #TPMFY #PETRA #P194PetraJaya #SarawakMajuMakmur #MalaysiaMADANI",
1490931937812574210,iran_rakyat_reaksi,"Admin | Alhamdulillah, Iran menyatakan kesediaan untuk menambah jumlah import minyak sawit Malaysia ke negara mereka. Berita baik ini susulan pertemuan saya bersama Menteri Luar Diplomasi Ekonomi Iran, HE Mehdi Safari dalam lawatan kerja rasmi saya ke Iran hari ini.",
1423515784811212802,iran_rakyat_reaksi,"Satu perrkembangan yg baik utk sawit Malaysia, alhamdulillah.... ▶️Iran sedia import 1 juta tan minyak sawit Malaysia",
2031746982591754439,iran_harga_naik,"Perang Iran isyarat harga naik Nasihat supaya rakyat berjimat cermat yang disuarakan Perdana Menteri, Datuk Seri Anwar Ibrahim dilihat sebagai satu isyarat awal supaya semua pihak bersedia menghadapi kemungkinan ketidaktentuan ekonomi global yang semakin meningkat. Walaupun kenyataan itu kelihatan seperti nasihat biasa menjelang musim perayaan, penganalisis ekonomi melihatnya sebagai petanda awal bahawa kerajaan sedang bersiap sedia menghadapi kemungkinan gelombang ekonomi global yang lebih mencabar. Artikel: Anda boleh baca berita penuh di portal Sinar Harian di atau swipe up di IG story serta jangan lupa follow IG @sinarharian untuk berita terkini dalam dan luar negara. #SinarHarian #SinarTerang #KonflikAsiaBarat #Iran #ekonomi",
2031520335246602355,iran_harga_naik,Perang Iran isyarat harga naik Peringatan itu wajar diambil serius dan dilaksanakan di semua peringkat masyarakat termasuk anggota kerajaan - Penganalisis ekonomi #SinarHarian #perang #Iran,
1196682003631890432,iran_harga_naik,"rakyat Iran marah harga petrol dinaikkan 50% untuk 60 liter pertama. Dan untuk selebihnya, harga naik 300%. Lepas ni nak baca lah berita ni.",
2037470794780172479,iran_ekonomi_lemah,"Ramai tak tahu, malaysia sebenarnya pernah selamatkan negara Iran masa mereka hampir muflis. Kita kembali ke tahun 1988. Waktu ni, Iran baru lepas perang 8 tahun dengan Iraq. Negara mereka hancur, ekonomi lumpuh dan yang paling teruk, mereka kehabisan duit (rizab USD).",
2029085691875897646,iran_ekonomi_lemah,"Industri penerbangan dan pelancongan terjejas teruk susulan konflik AS-Israel terhadap Iran dengan lebih 20,000 penerbangan dibatalkan. Hab utama seperti Dubai dan Doha ditutup, puluhan ribu penumpang terkandas dan operasi kargo turut terganggu. Saham syarikat penerbangan global jatuh termasuk di AS, Eropah dan Asia manakala kerajaan giat laksana penerbangan kecemasan untuk bawa pulang rakyat.",
1935576174375436631,iran_ekonomi_lemah,"🚨 TERKINI: BURSA SAHAM ISRAEL DI RAMAT GAN KENA SERANGAN IRAN Oleh Mynewshub Ramat Gan, 19 Jun 2025 — Iran melancarkan satu lagi gelombang serangan balas ke atas wilayah Israel pagi ini sebagai sebahagian daripada Operasi True Promise, dan antara lokasi utama yang disahkan terkena ialah bangunan Bursa Saham Israel di Ramat Gan. 📍 Kerosakan Teruk Dilaporkan Bangunan Bursa Saham mengalami kerosakan akibat hentaman langsung peluru berpandu. Beberapa struktur di kawasan sekitarnya turut musnah, termasuk bangunan kediaman dan kenderaan awam. Api marak di lokasi dan pasukan penyelamat dikerah ke tapak kejadian. 🛑 Serangan Ini Adalah Tindak Balas Iran Serangan ini berlaku beberapa hari selepas serangan udara Israel ke atas kemudahan strategik di Iran. Iran sebelum ini memberi amaran bahawa tindak balas mereka akan menyasarkan pusat-pusat penting, termasuk lokasi ekonomi dan ketenteraan. 📸 Rakaman dari lokasi menunjukkan kepulan asap tebal dan jeritan orang ramai ketika siren kecemasan berbunyi. Penduduk atau tikus-tikus Yahudi dilaporkan bersembunyi dalam tempat perlindungan sementara pasukan penyelamat cuba mengawal kebakaran. 📊 Setakat ini, angka korban belum disahkan sepenuhnya namun laporan awal menyebut beberapa kecederaan parah dan kerosakan besar. 🔁 Konflik Semakin Memuncak Dengan serangan ke atas pusat kewangan Israel, mesej Iran jelas — bahawa tindak balas mereka tidak akan terhad kepada sasaran tentera semata-mata. Beberapa lokasi lain di Tel Aviv dan selatan Israel juga dilapor menerima serangan dalam gelombang sama. - MYNEWSHUB #Mynewshub #RamatGan #IranIsrael #BursaSaham #OperasiTruePromise #KonflikAsiaBarat #BeritaSemasa #SeranganIran",
1924295875834368393,iran_ekonomi_lemah,"Negara Arab patut gunakan kuasa ekonomi tekan Trump SEBAHAGIAN umat Islam mula berasakan saudara seagama di Ghazzah kini berada dalam keadaan paling lemah, sama seperti negara Arab dan Islam berjiran. Akibatnya, timbul anggapan mengangkat 'bendera putih' daripada penduduk Ghazzah mahupun negara Arab wajar menghentikan perjuangan kemerdekaan Masjid al-Aqsa dan Baitulmaqdis. Dengan kata lain, wujud usaha membudayakan sikap pasif dan menerima dominasi rejim Zionis serta sekutunya sama ada daripada aspek politik, ekonomi dan budaya. Sekiranya kita melihat sirah dan sejarah Islam, hampir semua peperangan disertai Nabi Muhammad SAW bersama sahabat dalam keadaan bilangan tentera sedikit dan tahap kekuatan persenjataan lebih lemah. Dengan izin Allah SWT, kebanyakan kemenangan di pihak Rasulullah SAW. Selepas kewafatan Baginda, khalifah pertama, Sayidina Abu Bakar RA berhadapan hampir seluruh wilayah Arab yang menyertai golongan murtad, kumpulan nabi palsu dan penolak kewajipan membayar zakat. Namun, dengan semangat jihad dan keimanan tinggi, pasukan Abu Bakar mencapai kemenangan walaupun terpaksa melalui pertempuran sengit. Pada zaman Umawiyyah pula, pembukaan Andalusia oleh Thariq Ibnu Ziyad dan 12,000 tentera Islam berhadapan pasukan musuh diketuai Roderic berjumlah 100,000 orang. Ia berakhir dengan kemenangan besar umat Islam yang menyebabkan pembukaan lebih banyak kota dan wilayah dalam Andalusia hingga kerajaan Islam bertapak sekitar 800 tahun. Pada zaman moden, kita menyaksikan pejuang Algeria mengalahkan Perancis, askar Vietnam menewaskan Amerika Syarikat (AS) dan Afghanistan turut menyebabkan AS berundur selepas 20 tahun penjajahan. Hakikatnya, perkiraan utama bukan kepada bilangan tentera dan kekuatan persenjataan, tetapi kekuatan iman dan kesanggupan berjuang. Ini sebenarnya terbukti apabila pejuang di Ghazzah bertempur dalam keadaan serba kekurangan dari aspek bilangan tentera mahupun kelengkapan senjata selama 19 bulan. Mereka tiada kekuatan serangan udara atau sistem pertahanannya, tentera bantuan luar, askar upahan dan tidak mempunyai perbelanjaan ketenteraan bernilai berbilion dolar AS seperti dimiliki Zionis. Dalam serba kekurangan itu, kekuatan pejuang Ghazzah diakui sendiri musuh. Bekas Jurucakap Pasukan Pendudukan Israel (IOF), Daniel Hagari pernah menyebut: ""Idea melenyapkan H@m@s sebenarnya hanyalah ilusi, satu taktik untuk mengalih perhatian dan memperdaya masyarakat umum."" Bekas Setiausaha Amerika Syarikat ketika era Joe Biden, Anthony Blinken menegaskan H@m@s tidak boleh ditewaskan melalui pendekatan ketenteraan semata-mata dan apa berlaku di utara Ghazzah menjadi bukti nyata kerana H@m@s merekrut anggota baharu sebanyak mana yang gugur atau hilang. Kenyataan terbaru bekas pegawai IOF, Yisrael Ziv pula menyebut 'H@m@s membangunkan taktik pertempurannya' sambil menegaskan penghantaran tentera ke Ghazzah meningkatkan risiko kecederaan. Ketika itu, pejuang di Ghazzah giat melaksanakan operasi ketenteraan terhadap musuh dari utara di al-Syujaiah hingga selatan, al-Jenainah, Rafah. Helikopter tanpa henti mengambil tentera rejim Zionis tercedera dari Ghazzah untuk dibawa keluar. Kalaulah ada gabungan ketenteraan negara Islam, ratusan ribu askar boleh dikumpulkan dan pesawat udara serta kereta kebal boleh digunakan, pasti rejim Zionis boleh dikalahkan. Jika mahu mengelak konfrontasi ketenteraan, sekurang-kurangnya berilah ugutan kepada musuh dan sekutunya. Namun, apa berlaku di rantau Arab hari ini sebaliknya, Presiden AS, Donald Trump yang negaranya bertanggungjawab menaja berbilion dolar Amerika dari segi persenjataan yang membolehkan rejim Zionis meneruskan genosid ke atas Ghazzah, disambut dengan pesawat udara pengiring dan rundingan pelaburan bernilai AS$600 bilion (RM2.6 trilion). AS dibebani hutang berbilion dolar Rundingan pelaburan itu sepatutnya boleh digunakan sebagai leverage' atau syarat kepada gencatan senjata, keamanan dan nasib anak di Ghazzah yang kini diancam kebuluran. AS sebenarnya dibebani hutang berbilion dolar dan dikalahkan China dari aspek ekonomi, justeru mereka memerlukan sekutu kuat ekonomi. Apatah lagi, AS gagal menghentikan serangan dari Yaman yang jauh lebih miskin, malah terpaksa berdepan banyak siri serangan Yaman ke atas aset ketenteraan mereka di Laut Merah. Malah, Arab Saudi dan negara Arab jauh lebih maju dan mencapai kekayaan luar biasa, manakala tidak kurang hebatnya dari sudut ketenteraan. Ditambah kelebihan geografi dan minat umat Islam terhadap perjuangan jihad yang sentiasa membara. Sebaliknya, mereka menggunakan alasan kononnya ada Houthi di belakang, Iran di kiri dan Turkiye di depan, sedangkan semua itu alasan demi kepentingan geopolitik dan kuasa. Hakikatnya, sumber ancaman paling besar ialah rejim Zionis yang melancarkan serangan terhadap negara Arab dan Islam melepasi sempadan serta undang-undang antarabangsa. Kita tidak tahu hubungan negara Arab dengan rejim Zionis pada masa depan. Boleh jadi mereka akan bersetuju menyertai Perjanjian Abraham di bawah Trump dalam keadaan Ghazzah masih dikepung dan dibantai. Semoga hal ini tidak menjadi kenyataan yang menambah luka kepada umat Islam dan dunia. Tuntutan supaya negara Arab bertindak lebih tegas terhadap Trump bukanlah ekstrem atau melampau, tetapi tuntutan syarak demi anak di Ghazzah dan kesucian Masjid al-Aqsa. Megat Aiman Hakim bin Megat Shariffudin Pegawai Penyelidik Aqsa Syarif",
1919518256634986581,iran_ekonomi_lemah,"Israel Serang Yaman Secara Besar-Besaran, Pelabuhan Hodeidah Dikatakan Musnah Sepenuhnya PADA 5 Mei 2025, Israel melancarkan serangan udara besar-besaran ke atas pelabuhan Hodeidah dan kawasan sekitarnya di Yaman. Serangan ini merupakan tindak balas terhadap serangan peluru berpandu balistik oleh kumpulan Houthi yang mengenai kawasan berhampiran Lapangan Terbang Ben Gurion di Tel Aviv sehari sebelumnya, menyebabkan lapan orang cedera dan gangguan besar kepada penerbangan antarabangsa. Butiran Serangan Sasaran Utama: Pelabuhan Hodeidah, kilang simen di timur bandar, serta kawasan kejiranan Al Salakhanah dan Al Hawak. Jumlah Serangan: Lebih daripada 10 serangan udara dilaporkan mengenai pelabuhan dan kawasan sekitarnya. Kekuatan Serangan: Sebanyak 20 pesawat pejuang Israel terlibat dalam operasi ini, menjatuhkan sekitar 50 bom ke atas sasaran yang dikenal pasti sebagai infrastruktur ekonomi dan ketenteraan Houthi. Kerjasama: Serangan ini dilaporkan dikoordinasikan dengan Amerika Syarikat, walaupun tiada penglibatan langsung dari tentera AS dalam operasi ini. Kesan dan Kerosakan Kematian dan Kecederaan: Sekurang-kurangnya dua orang terbunuh dan 42 cedera akibat serangan ini, menurut media yang dikaitkan dengan Houthi. Kerosakan Infrastruktur: Serangan menyebabkan kerosakan teruk pada pelabuhan Hodeidah, termasuk kemusnahan kemudahan penyimpanan bahan api dan peralatan pelabuhan. Reaksi dan Implikasi Houthi: Kumpulan Houthi mengutuk serangan ini dan berjanji akan membalas dendam, menyatakan bahawa tindakan Israel hanya akan meningkatkan tekad mereka untuk terus menyokong Gaza. Israel: Perdana Menteri Benjamin Netanyahu menegaskan bahawa serangan ini adalah mesej kepada Iran dan sekutunya bahawa Israel tidak akan berdiam diri terhadap sebarang ancaman. Arab Saudi: Kerajaan Arab Saudi menyatakan kebimbangan mendalam terhadap peningkatan ketegangan di rantau ini dan menggesa semua pihak untuk menahan diri. Serangan ini menandakan peningkatan ketara dalam konflik antara Israel dan Houthi di Yaman, dengan implikasi yang berpotensi meluas kepada kestabilan serantau dan keselamatan laluan perdagangan di Laut Merah. Untuk maklumat lanjut, anda boleh merujuk kepada laporan video berikut. -MYNEWSHUB",
1756291082143617048,iran_ekonomi_lemah,Rakan perdagangan utama Iran semua pun macam Iran. Kena sekatan ekonomi dan matawang lemah. Jadi tak ada kesan besar. Ekonomi tetap berkembang tapi fragile. Rusuhan bila2 masa boleh jadi. Rakan dagangan kedua terbesar Malaysia adalah US. Bila ringgit lemah ada impak besar.,
1692715541352628545,iran_ekonomi_lemah,"TIMBULNYA SIKAP EKSTREM DI KALANGAN RAKYAT KITA Pada awal 1980-an, suasana ’kebangkitan Islam’ rentetan Revolusi Iran masih terasa. Suasana ini telah menimbulkan semacam sikap berlebihan (ghuluw) di kalangan masyarakat muslim di seluruh dunia. Rentetan itu, majalah dakwah al-Islam telah menyiarkan terjemahan satu tulisan Sheikh Ahmad Hasan al-Baquri yg pernah disiarkan dlm majalah al-Ahram di Mesir. Al-Baquri pernah pada satu masa disebut sbg pengganti Sheikh Hassan al-Banna, tokoh pengasas gerakan Ikhwanul Muslimin. Namun, beliau kemudian dipecat oleh syura Ikhwan kerana menerima pelantikan sbg Menteri Agama (1952) di bwh rejim Majlis Pemerintahan Revolusi pimpinan Gamal Abd Naser. Al-Baquri kemudian menjadi Rektor al-Azhar (1966-1969). Sebelum merumus tulisan al-Baquri, eloklah disentuh sedikit tentang dinamik dlm perkembangan Ikhwan. Bahawa Sheikh Hassan al-Banna menolak sistem kepartian yg dianggapnya merosakkan. Beliau membezakan siyasah (politik) dgn hizbiyyah (parti politik). Tidak ada alternatif selain kita tahu antara lain perjuangan Ikhwan adalah utk mengembalikan khilafah. Rentetan kematiannya (dibunuh), kepimpinan Ikhwan diambil alih oleh Hassan Hudaibi, seorang mantan majistret kanan, dan bukan Salih Ashmawi, timbalan Hassan al-Banna sebelumnya. Hassan Hudaibi naik ketika zaman pergolakan. Pembunuhan Hassan al-Banna adalah satu drpd petunjuknya. Ketegangan hubungan dgn pemerintah yg merasa terancam dgn pengaruh Ikhwan (sebagai sebuah gerakan bukan parti politik) menimbulkan beberapa pilihan pendekatan. Cubaan membunuh Gamal Naser (dikenali sbg peristiwa Manshiyya) menambah ketajaman dakwa-dakwi yg ada. Tidak terhenti setakat itu, Hassan Hudaibi sendiri dianggap lemah oleh pengikut Ikhwan yg lebih gemarkan ketegasan Syed Qutb. Tiga perkara besar menjadi pertikaian ialah i) hubungan dgn pemerintah; ii) soal kafir-mengkafir dan iii) strategi membentuk negara Islam. Ketika Hassan Hudaibi mengambil pendekatan lebih lembut, Syed Qutb terus berkeras. Syed Qutb dipenjarakan oleh rejim Nasser. Beliau telah menulis beberapa buku termasuk tafsir Fi Zilal al-Quran (Di Bawah Naungan Al-Quran) dan Ma’alim Fit Tariq (Petunjuk Sepanjang Jalan) yg popular sebagai teks usrah di Malaysia kemudian. Beliau dibebaskan pada tahun 1964, diangkat menggantikan Hassan Hudaibi sebelum keduanya ditangkap dlm satu lagi operasi besar-besaran pemerintah terhadap Ikhwan. Kali ini Syed Qutb dihukum mati manakala Hassan Hudaibi berjaya menukar hukuman kpd penjara seumur hidup. Beliau kemudian menulis Du’at la Qudat (Pendakwah Bukan Penghukum), satu lagi teks usrah popular di Malaysia khususnya pada lewat 1970-an dan 1980-an. Ia sedikit sebanyak menjelaskan bgmn pendekatan berbeza telah mencetuskan ketegangan dlm Ikhwan itu sendiri. Berbalik kpd pandangan al-Baquri ttg apakah sebab timbulnya sikap ekstrem di Mesir dulu, beliau menegaskan dua punca iaitu i) kesedaran beragama yg mendalam, ttp hanya menjadi naluri dan tidak mewarnai amal perbuatan mereka dan ii) penindasan penguasa penjajah pada masa silam, khususnya terhadap agama Islam. Ia membangkitkan sikap kumpulan yg berbangga menentang penyiksaan atas nama agama, penindasan atas nama politik dan penipuan atas nama ekonomi. Sikap ekstrem ini boleh dirobah kpd sikap sederhana dgn menolak fanatisme dan perkauman sempit yg merosakkan keutuhan perpaduan. Bahaya ekstremisme agama baginya hanya boleh ditangani dgn kembali kpd ajaran sebenar Islam yg menganjurkan perdamaian dan saling berusaha memahami dlm suasana kebebasan dan keadilan. Beliau percaya al-Azhar serta pelbagai institusi agama yg ada mempunyai peranan dlm memastikan keselamatan, ketenangan dan perdamaian. Ekstremisme mesti ditolak dan tidak dibenarkan oleh setiap agama. Justeru itu ia mesti ditentang setiap kali ia ternampak atau terdengar. Al-Baquri mengakhiri tulisannya dgn memperingatkan sesungguhnya Allah s.w.t. telah berfirman tidak sama yg baik dan buruk. Tolaklah keburukan dgn apa yg lebih baik.",
2061638002808602891,iran_bimbang,Pakistan bimbang serangan Israel di Lubnan gugat persefahaman Iran-AS #malaysiagazette,
2035270704468209913,iran_bimbang,"5 #BeritaPalingPopularBH hari ini Kepimpinan DAP amat bimbang pertelingkahan terbuka Kon Yeow-Guan Eng - Loke - Setiausaha Agung DAP, Anthony Loke, akan mengatur pertemuan antara Ketua Menteri Pulau Pinang, Chow Kon Yeow, dengan bekas Ketua Menteri, Lim Guan Eng, bagi menyelesaikan pertikaian berterusan mengenai kadar cukai tanah baharu di negeri ini. Bekas guru PASTI masuk pusat pemulihan dadah, mahu mohon maaf, peluk ibu dan ayah - ""Sempena Aidilfitri ini, saya hanya mahu memohon ampun kepada kedua-dua ibu bapa atas kedegilan tidak mendengar kata sehingga menyebabkan saya kini berada di Pusat Pemulihan Penagihan Narkotik (PUSPEN)."" Remaja lelaki antara yang pertama dihukum mati kerana protes anti kerajaan Iran - Iran menghukum mati tiga lelaki yang dituduh membunuh anggota polis ketika protes anti-kerajaan pada Januari lalu, menurut laporan media rasmi, menjadikannya hukuman gantung pertama berkaitan demonstrasi berkenaan. Azeem raih perak 100m di Atlanta - Pelari pecut negara, Muhammad Azeem Mohd Fahmi meraih tempat kedua acara 100 meter (m) pada kejohanan Yellow Jacket Invitational di Atlanta, Amerika Syarikat (AS), Jumaat waktu tempatan. Bintang program realiti UK ditemukan mati dalam terusan di Phuket - Polis Thailand menyiasat kematian seorang lelaki British yang mayatnya ditemukan dalam terusan berhampiran hotel di Phuket, baru-baru ini, lapor The Nation.",
2033530168975753378,iran_bimbang,"Projek panas ni, ramai yang nak dapatkan kredit 😁 Tapi jangan bimbang, kredit tak penting, sebab hari ini saya sendiri bersama team projek mereka, dari TNB dan PETRONAS bersama-sama untuk bincang halatuju projek. Bila ada konflik US-Israel dengan Iran dan isu bekalan tenaga berbangkit, memang waktu yang paling tepat untuk promosikan tenaga boleh baharu dan ada urgency untuk laksanakan NETR secepat mungkin. Sememangnya projek tenaga boleh baharu seperti ini strategi jangka panjang untuk pastikan Malaysia tak bergantung kepada satu-satu sumber tenaga semata-mata. Tambahan lagi usaha untuk kita mulakan ini bukan biasa biasa, ini perintis kepada hab hidrogen di Semenanjung Malaysia. Jadi lagi lajulah usaha kita untuk laksanakan NETR, kita tingkatkan pergantungan dengan tenaga boleh baharu dan jika ada lagi konflik seperti sekarang pada masa akan datang, kita dapat pertingkatkan lagi jaminan bekalan tenaga kita.",
2028049142296227948,iran_bimbang,#BeritaFMT Perdana menteri berkata serangan Iran di seluruh Timur Tengah sebagai tindak balas terhadap serangan AS dan Israel berisiko mengheret Asia Barat ke 'ambang malapetaka'. Artikel Penuh:,
2016425486759690477,iran_bimbang,"⚠️ Risiko Konflik AS-Iran Membimbangkan! YAB PM bimbang ketegangan AS-Iran meningkat &amp; gesa semua pihak berundur, utamakan diplomasi dan saluran komunikasi bagi elak konflik terbuka. ⚠️🤝🕊️ #RancakkanMADANI #MADANIBekerja #TaatSetia #JabatanPenerangan",
2009786694892208491,iran_bimbang,"Protes Iran makin tak terkawal, bimbang campur tangan asing",
1998925308825841861,iran_bimbang,"AS Pamer Perangai Lanun, Rampas Kapal Tanker Minyak Di Pesisir Venezuela CARACAS, 11 Dis – Ketegangan antara Amerika Syarikat (AS) dan Venezuela meningkat mendadak selepas sebuah kapal tanker minyak yang disenarai hitam, The Skipper, dirampas pasukan keselamatan AS dalam operasi dramatik di perairan Caribbean berhampiran Venezuela. Video yang baru didedahkan menunjukkan anggota keselamatan AS turun dari helikopter sebelum menaiki kapal berkenaan dan mengambil alih kawalan sepenuhnya. Operasi itu melibatkan pasukan elit Coast Guard, FBI, Homeland Security Investigations (HSI) dan sokongan tentera laut. Rampasan itu disahkan oleh Presiden AS, Donald Trump sendiri yang mengeluarkan kenyataan yang mencetuskan kontroversi: “Well… we keep it, I guess,” merujuk kepada minyak yang dibawa kapal tersebut. Kerajaan Presiden Nicolás Maduro mengecam tindakan Amerika sebagai “perampasan terang-terangan” dan menuduh AS mencuri sumber minyak milik rakyat Venezuela. Menurut kenyataan rasmi, Caracas menyifatkan tindakan itu sebagai satu bentuk lanjutan sekatan ekonomi dan cubaan menjatuhkan kerajaan Venezuela melalui tekanan ketenteraan dan ekonomi. Menurut laporan antarabangsa: The Skipper sudah disenaraihitamkan beberapa tahun lalu atas dakwaan mengangkut minyak yang dikenakan sekatan dari Venezuela dan Iran. Kapal itu juga dikaitkan dengan rangkaian jual beli minyak haram yang didakwa menyokong kumpulan yang diklasifikasikan sebagai pengganas. Tindakan rampasan ini dilihat sebagai salah satu operasi terbesar AS dalam mengekang perdagangan minyak yang melanggar sekatan. Pengumuman rampasan kapal dan kenyataan Trump serta-merta memberi kesan kepada pasaran minyak global. Harga minyak mentah dilaporkan meningkat selepas pedagang bimbang tindakan ini boleh mencetuskan: Gangguan bekalan minyak dari Venezuela, salah satu negara dengan rizab minyak terbesar dunia Ketidaktentuan geopolitik yang berlarutan Penganalisis antarabangsa menjangkakan Caracas mungkin membawa isu ini ke Mahkamah Keadilan Antarabangsa (ICJ) atau Pertubuhan Bangsa-Bangsa Bersatu (PBB), sambil Washington pula dijangka meneruskan sekatan lebih keras terhadap Venezuela. Video operasi rampasan yang disiarkan oleh Peguam Negara AS, Pam Bondi, kini tular di media sosial dan menjadi bukti visual paling jelas mengenai tindakan agresif AS di rantau tersebut. - MYNEWSHUB",
1980808826816176218,iran_bimbang,"Hari ini 15 tahun yang lalu, Wikileaks mendedahkan 391,832 dokumen rahsia Tentera AS berkenaan perang di Iraq. Pada Jumaat, 5 petang, 22 Oktober 2010, WikiLeaks, digerakkan Julian Assange (gambar), memberi akses awal kepada dokumen terbabit kepada beberapa organisasi media antaranya Al Jazeera, The New York Times, akhbar Perancis Le Monde, The Guardian & majalah Jerman Der Spiegel. Pendedahan itu menunjukkan angka korban di Iraq dari 1 Januari 2004 - 31 Disember 2009 adalah 109,032 nyawa & 66,081 daripadanya adalah orang awam. Ia menambah lagi 15,000 korban orang awam yang tak dilaporkan kerajaan AS. Ada kematian orang awam yang diklasifikasikan sebagai ‘korban musuh’, seperti serangan udara Baghdad pada 2007 yang membunuh 2 orang jurnalis Reuters serta beberapa orang lagi yang dianggap bersenjata & dikira sebagai pemberontak. Beberapa dokumen menceritakan bagaimana hampir 700 orang awam dibunuh tentera AS kerana mendekati 'checkpoint' di sempadan, termasuk wanita hamil. Sekitar 6 insiden melibatkan lelaki Iran cuba membawa ahli keluarga mereka yang hamil ke hospital. Selain itu turut dilaporkan aktiviti penyeksaan, rogol & pembunuhan orang awam yang berterusan, walau selepas insiden penderaan tahanan penjara Abu Ghraib didedahkan pada 2004. Semuanya tak disiasat oleh pihak berkuasa AS. Dokumen itu turut mendedahkan penglibatan Iran, melalui angkatan bersenjata Quds mereka sendiri serta menerusi latihan & bekalan senjata yang diberikan kepada pemberontak Syiah Iraq, di utara Iraq di mana ketegangan Kurd-Arab bertumpu. Sebagai respon, Pentagon menegaskan bahawa dokumen yang didedahkan Wikileaks itu tak menceritakan keseluruhannya, malah khuatir pendedahan maklumat rahsia berkenaan boleh ‘menyebabkan tentera AS menjadi lebih terdedah kepada serangan di masa mendatang’. Wikileaks tak pernah menamakan sumber yang menyerahkan dokumen rahsia terbabit, namun penganalisis risikan Tentera AS bernama Bradley Manning ditahan kerana didakwa bertanggungjawab atas kebocoran itu. Sumber: CNN, BBC, NPR, Edexlive #PeristiwaHariIni",
1940415173354745910,iran_bimbang,"""Konflik Iran-Israul: Dari Kaca Mata Seorang Remaja"" Oleh: Khair Qaliff Kamarudin, 14 tahun Sekolah: Akademi Bakat ABS, Sungai Merab Konflik antara Iran dan Israul yang baru sahaja berakhir semalam selepas dua belas hari pertempuran sengit yang menggoncangkan dunia. Kedua-dua negara saling membalas serangan menggunakan peluru berpandu, menyebabkan ratusan korban jiwa, kemusnahan infrastruktur dan mencetuskan ketegangan global yang digembar gemburkan bakal menjerumus kepada perang yang lebih besar. Kini, meskipun gencatan senjata telah diumumkan pada 24 Jun, ramai yang tertanya-tanya, bagaimana semuanya bermula? dan apa makna semua ini terhadap masa depan dunia? Ketegangan antara Iran dan Israul bukan perkara baharu. Sejak Revolusi Islam Iran pada tahun 1979, hubungan kedua-duanya tidak pernah mesra. Iran secara terbuka menolak kewujudan negara haram Israul, manakala Israul pula melihat Iran sebagai ancaman terbesar, terutamanya kerana program nuklear Iran yang semakin berkembang. Perseteruan ini bukan sekadar soal agama atau sempadan, tetapi juga berkait rapat dengan kuasa dan pengaruh. Pada 13 Jun 2025, ketegangan yang sekian lama membara akhirnya meletus. Israul melancarkan satu operasi udara besar-besaran yang dikenali sebagai Operasi Rising Lion. Sasaran mereka termasuklah fasiliti nuklear Iran di Natanz, Esfahan dan Fordow, saintis nuklear Iran, selain pangkalan tentera serta kediaman pegawai tinggi Kor Pengawal Revolusi Iran (IRGC). Serangan itu menyebabkan lebih 200 orang terbunuh, termasuk jeneral IRGC, saintis kanan, orang awam termasuk wanita dan kanak-kanak. Israul mendakwa tindakan ini perlu dilakukan bagi menyekat potensi ancaman nuklear Iran, kerana pada 12 jun 2025 Agensi Tenaga Atom Antarabangsa (IAEA) secara rasmi menyatakan Iran pertama kali melanggar perjanjian keselamatan nuklear dalam tempoh 20 tahun. Iran tidak berdiam diri. Di Masjid Jamkaran, sebuah tempat suci Syiah di Iran, bendera merah dikibarkan sebagai satu simbol dalam tradisi Syiah yang membawa maksud dendam akan dibalas. Pada malam yang sama, Iran melancarkan serangan balas dalam bentuk lebih 100 peluru berpandu dan lebih 100 dron ke arah Israul. Beberapa kawasan utama seperti Tel Aviv dan Be’er Sheva menjadi sasaran. Sistem pertahanan udara Iron Dome milik Israul berjaya memintas kebanyakan peluru berpandu tersebut, namun ada juga yang berjaya melepasi dan menyebabkan 24 orang awam terbunuh serta mengakibatkan kerosakan hospital, universiti dan perumahan awam. Serangan balas terus berlaku hampir setiap hari. Pada 22 Jun, Amerika Syarikat, yang merupakan sekutu rapat Israul, secara rasmi menyertai konflik apabila mereka melancarkan serangan ke atas fasiliti nuklear Iran di Natanz, Esfahan dan Fordow menggunakan bom pemusnah kubu (Bunker Buster) dan misil Tomahawk. Pada 23 Jun, parlimen Iran telah meluluskan cadangan penutupan Selat Hormuz dan menyambung semula serangan ke atas bandar Tel Aviv, Ashkelom, Ashdod dan Bisan. Kemuncak konflik ini ialah apabila Iran mengumumkan akan menyerang pangkalan tentera Amerika Syarikat di Al-Udeid, Qatar melalui Operasi Basharat al-Fath. Serangan ini menandakan bahawa konflik telah melebar melibatkan kuasa besar dunia, bukan lagi sekadar pertikaian serantau. Gencatan senjata diumumkan pada 24 Jun oleh Perdana Menteri Amerika Syarikat Donald Trump, susulan dari serangan tersebut. Walaupun menteri luar Iran, Abbas Araghchi menafikan dakwaan itu pada mulanya, kedua-dua pihak akhirnya bersetuju untuk menghentikan serangan. Namun ia bukan penamat kepada konflik ini. Beberapa peluru berpandu tetap dilepaskan selepas gencatan senjata diumumkan, dimana Iran menuduh Israul melanggar perjanjian, manakala Israul pula mendakwa Iran yang mula-mula bertindak. Donald Trump, tampil memberi amaran keras kepada kedua-dua negara agar menghentikan sebarang tindakan yang boleh menggagalkan perjanjian damai. Majlis Keselamatan Negara Iran akhirnya mengumumkan yang mereka telah menang menentang Israul. Donald Trump turut mengarahkan Israul untuk mengundurkan semua tentera nya serta merta dari Iran. Sepanjang 12 hari konflik berlangsung , lebih 600 orang terbunuh di Iran manakala 39 nyawa terkorban di Israul. Lebih 6,000 orang cedera manakala puluhan ribu terpaksa meninggalkan rumah mereka. Banyak hospital, sekolah dan kemudahan awam musnah di Iran. Di Israul pula, penduduk diarah berlindung di bawah tanah setiap kali siren kecemasan dibunyikan dan ada yang kehilangan tempat tinggal akibat kerosakan yang berlaku. Kesan konflik ini dirasai secara global walaupun tidak menyeluruh. Ribuan warga asing yang tinggal di Iran melarikan diri ke utara negara itu, dengan sebahagian besar menuju ke Azerbaijan. Rakyat Malaysia yang berada di sana telah berjaya dibawa pulang ke tanah air dengan selamat. Pada masa yang sama, Iran mengancam untuk menutup Selat Hormuz, iaitu laluan penting bagi penghantaran hampir 20% bekalan minyak dunia. Ancaman itu sahaja sudah cukup untuk menyebabkan harga minyak global melonjak naik sebanyak 23% dalam masa hanya dua hari. Bila minyak naik, semua pun naik, dari harga barang hingga ke kos pengangkutan, maka beban itu akhirnya ditanggung oleh rakyat di seluruh dunia. Selain itu, ramai yang bimbang dan membuat spekulasi kemungkinan perang ini menjadi lebih besar. Amerika Syarikat secara terbuka menyokong Israul dan Iran pula mempunyai hubungan strategik dengan Rusia, China dan Korea Utara. Sekiranya mana-mana negara ini masuk campur secara langsung, kesan konflik kecil ini boleh berubah menjadi api besar. Namun buat masa ini, ketiga-tiga negara itu kekal berkecuali. Dunia mungkin melihat konflik ini sebagai telah berakhir, tetapi hakikatnya, ia hanya terhenti buat sementara waktu. Tuan Ayman Rashdan Wong pernah menulis, “Kita sekarang bukan di ambang perang dunia, tapi dalam Perang Dingin Baharu.” Maknanya, permainan belum tamat. Kuasa-kuasa besar dunia akan terus mengatur langkah mencari mangsa perang proksi. ... Kami sedang mencari bakat baru penulis muda dalam kalangan pelajar berumur 14 hingga 17 tahun. Mana mana artikel yang terpilih akan diberi imbuhan token saguhati. Sekiranya ada yang berminat, boleh hantarkan kepada e-mel penulismuda@thepatriots.asia berserta maklumat diri.",
1936657673115881493,iran_bimbang,PBB ‘sangat bimbang’ dengan serangan AS ke atas Iran #FMTNews #FMTBerita,
1934901134172529085,iran_bimbang,"Penduduk Israel bimbang, peluru berpandu Iran hancurkan bunker perlindungan #malaysiagazette",
1850222710514982973,iran_bimbang,"Serangan Israel ke atas Iran: Kecaman antarabangsa memuncak, kemarahan meluas #BHdunia Kerajaan peringkat serantau dan antarabangsa kutuk serangan itu, bimbang ketegangan semakin meningkat di Asia Barat",
1848565323630526732,iran_bimbang,"Hari ini 14 tahun yang lalu, Wikileaks mendedahkan 391,832 dokumen rahsia Tentera AS berkenaan perang di Iraq. Pada Jumaat, 5 petang, 22 Oktober 2010, WikiLeaks, digerakkan Julian Assange (gambar), memberi akses awal kepada dokumen terbabit kepada beberapa organisasi media antaranya Al Jazeera, The New York Times, akhbar Perancis Le Monde, The Guardian & majalah Jerman Der Spiegel. Pendedahan itu menunjukkan angka korban di Iraq dari 1 Januari 2004 - 31 Disember 2009 adalah 109,032 nyawa & 66,081 daripadanya adalah orang awam. Ia menambah lagi 15,000 korban orang awam yang tak dilaporkan kerajaan AS. Ada kematian orang awam yang diklasifikasikan sebagai ‘korban musuh’, seperti serangan udara Baghdad pada 2007 yang membunuh 2 orang jurnalis Reuters serta beberapa orang lagi yang dianggap bersenjata & dikira sebagai pemberontak. Beberapa dokumen menceritakan bagaimana hampir 700 orang awam dibunuh tentera AS kerana mendekati 'checkpoint' di sempadan, termasuk wanita hamil. Sekitar 6 insiden melibatkan lelaki Iran cuba membawa ahli keluarga mereka yang hamil ke hospital. Selain itu turut dilaporkan aktiviti penyeksaan, rogol & pembunuhan orang awam yang berterusan, walau selepas insiden penderaan tahanan penjara Abu Ghraib didedahkan pada 2004. Semuanya tak disiasat oleh pihak berkuasa AS. Dokumen itu turut mendedahkan penglibatan Iran, melalui angkatan bersenjata Quds mereka sendiri serta menerusi latihan & bekalan senjata yang diberikan kepada pemberontak Syiah Iraq, di utara Iraq di mana ketegangan Kurd-Arab bertumpu. Sebagai respon, Pentagon menegaskan bahawa dokumen yang didedahkan Wikileaks itu tak menceritakan keseluruhannya, malah khuatir pendedahan maklumat rahsia berkenaan boleh ‘menyebabkan tentera AS menjadi lebih terdedah kepada serangan di masa mendatang’. Wikileaks tak pernah menamakan sumber yang menyerahkan dokumen rahsia terbabit, namun penganalisis risikan Tentera AS bernama Bradley Manning ditahan kerana didakwa bertanggungjawab atas kebocoran itu. Sumber: CNN, BBC, NPR, Edexlive #PeristiwaHariIni",
1821796326369325100,iran_bimbang,"Bimbang serangan balas Iran, US hantar pesawat perang #NASIONAL",
1778748623590982038,iran_bimbang,"Bimbang serangan Iran, Amerika hadkan perjalanan kakitangan di Israel #malaysiagazette",
1715919132611502457,iran_bimbang,"Hari ini 13 tahun yang lalu, Wikileaks mendedahkan 391,832 dokumen rahsia Tentera AS berkenaan perang di Iraq. WikiLeaks, digerakkan Julian Assange (gambar), memberi akses awal kepada dokumen tersebut kepada beberapa organisasi media, antaranya Al Jazeera, The New York Times, akhbar Perancis Le Monde, The Guardian & majalah Jerman Der Spiegel. Pendedahan itu menunjukkan bahawa angka korban di Iraq dari 1 Januari 2004-31 Disember 2009 adalah 109,032 nyawa & 66,081 daripadanya adalah orang awam. Ia menambah lagi 15,000 korban orang awam yang tidak dilaporkan kerajaan A.S. Ada kematian orang awam yang diklasifikasikan sebagai ‘korban musuh’, seperti serangan udara Baghdad pada 2007 yang membunuh 2 orang jurnalis Reuters serta beberapa orang lagi yang dianggap bersenjata & dikira sebagai pemberontak. Beberapa dokumen menceritakan bagaimana hampir 700 orang awam dibunuh tentera AS kerana mendekati 'checkpoint' di sempadan, termasuk wanita hamil. Sekitar 6 insiden melibatkan lelaki Iran cuba membawa ahli keluarga mereka yang hamil ke hospital. Selain itu turut dilaporkan aktiviti penyeksaan, rogol & pembunuhan orang awam yang berterusan walaupun selepas insiden penderaan tahanan penjara Abu Ghraib didedahkan pada 2004. Semuanya tidak disiasat oleh pihak berkuasa AS. Dokumen itu turut mendedahkan penglibatan Iran, baik melalui angkatan bersenjata Quds mereka sendiri serta menerusi latihan & bekalan senjata yang diberikan kepada pemberontok Syiah Iraq, di utara Iraq ketegangan Kurd-Arab bertumpu. Sebagai respon, Pentagon menegaskan bahawa dokumen yang didedahkan Wikileaks itu tidak menceritakan keseluruhannya, malah khuatir pendedahan maklumat rahsia berkenaan boleh ‘menyebabkan tentera AS menjadi lebih terdedah kepada serangan di masa mendatang’. Wikileaks tak pernah menamakan sumber yang menyerahkan dokumen-dokumen rahsia terbabit, namun penganalisis risikan Tentera AS bernama Bradley Manning ditahan kerana didakwa bertanggungjawab atas kebocoran itu. Sumber: CNN, BBC, NPR, Edexlive #PeristiwaHariIni",
1407851315494064129,iran_bimbang,Bimbang mempengaruhi dasar AS dan mendorong propaganda Iran ke seluruh dunia.,
1213457030242914309,iran_bimbang,Malaysia melahirkan rasa bimbang dengan perkembangan terbaharu susulan serangan udara oleh Amerika Syarikat terhadap Iran yang berlaku berhampiran Lapangan Terbang Antarabangsa Baghdad.,
1213312139282116608,iran_bimbang,"Malaysia melahirkan rasa amat bimbang dgn perkembangan terbaru susulan serangan udara Amerika Syarikat terhadap Iran yg berlaku berhampiran Lapangan Terbang Antarabangsa Baghdad, pada Jumaat. - Kementerian Luar",
1213283362992873472,iran_bimbang,"Serangan dron ke atas satu konvoi yang sedang bergerak berhampiran lapangan terbang itu membunuh pegawai tertinggi keselamatan dan komander perisikan Iran, Qassem Soleimani. #sinarharian",
1213268946503122945,iran_bimbang,Malaysia melahirkan rasa amat bimbang dengan perkembangan terbaharu susulan serangan udara oleh Amerika Syarikat terhadap Iran yg berlaku berhampiran Lapangan Terbang Antarabangsa Baghdad pada Jumaat. Satu kenyataan rasmi Kementerian Luar Negeri dikeluarkan berhubung perkara itu,
1171976571860635651,iran_bimbang,Sahar Khodayari atau 'Blue Girl' membakar dirinya kerana bimbang dipenjara 6 bulan setelah menghadiri perlawanan bola sepak dengan menyamar sebagai lelaki. #FMTNews,
1058990006465835009,iran_bimbang,Rakyat Iran khuatir nasib buruk akibat sekatan terbaru AS,
993328766729383937,iran_bimbang,"Bimbang perjanjian Iran ditarik balik, harga minyak dunia melonjak - #malaysiagazette",
828800464439218176,iran_bimbang,"Bimbang sekatan ke atas Iran, harga minyak dunia kembali melonjak via @MalaysiaGazette #Malaysiagazette",
828442254952001537,iran_bimbang,"Bimbang sekatan ke atas Iran, harga minyak dunia kembali melonjak",
684262991164882944,iran_bimbang,"Malaysia bimbang dgn perkembangan di Timur Tengah, kutuk serangan ke Kedutaan Besar &amp; Konsulat Arab Saudi di Iran",
2064485649554825266,iran_gaji_hidup,"Wanita kongsi pengalaman berurusan dengan Rohingya... This pic was taken by me, 9 years ago. Masa tu I involved dgn NGO, supporting Rohingya’s right to live comfortably here in Msia. I bet these kids dah besar, maybe ada yg dah kahwin pun. Anak2 ni polos, tak ada buat masalah apa. Tapi inilah kali pertama & terakhir saya membantu etnik ini. So.. what went wrong? THE AUDACITY of their leader. • Menuntut Rohingya diberi hak sama rata, seperti rakyat Msia. • Menyamakan etnik mereka sebagai Muhajirin dan Msia sebagai Ansar (play religion cards) • Menuduh kerajaan Msia menyonglap duit UNHCR yg dikatakan hak mereka. • Tuntut bantuan makanan secara tetap. Korang ingat saya duduk diam? Di meja meeting tu juga saya mengamuk! Keluar Harimau Malaya ku. Nothing awakens one's patriotism quite like seeing their own country disrespected. Dengan suara lantang di bilik meeting, ketua mereka minta itu minta ini dengan tak tahu malunya. Malah dikatanya rakyat Msia tak ada yg hidup susah melarat. Bertambah menyalalah marah saya! Almost tiap2 bulan saya masuk kampung, ziarah asnaf kita yg betul2 susah, sedap mulut dikatanya tak ada. Saya desak, “Awak bagi saya, 5 orang Rohingya, ikut saya hantar beras rumah asnaf! Baru you tahu orang Msia pun ada yg miskin!” Rasa nak je ambik balik beras minyak yg dibawa tadi. Melampau ye bagi betis nak peha, bagi peha nak negara. Sampai ke hari ini saya masih rasa marah tu. Tak ada rasa malu langsung menumpang di rumah orang, kemudian meminta jadi tuan rumah pula. Tak ada satu pun aktivis yg boleh ubah pendirian saya. Dalam kepala saya ni, masih teringat betapa lantangnya ketua mereka mengutuk kerajaan Msia. Seperti berak atas tangan orang yg memberi. Takkan saya nak kesian lagi?",
2051271536678776841,iran_gaji_hidup,"Isu subsidi bersasar dan sistem keselamatan sosial diulas di Podcast YBM Episod 46. Ramai salah faham tentang subsidi bersasar. Mereka ingat maksudnya kerajaan mahu berjimat, potong subsidi, dan ambil balik daripada rakyat. Bukan begitu. Duit subsidi itu tetap duit rakyat. Sepatutnya ia kembali kepada rakyat. Cuma persoalannya, cara mana yang lebih adil? Kalau kita terus membelanjakan RM20 bilion untuk subsidi pukal, orang yang guna minyak paling banyak akan dapat manfaat paling besar. Orang yang lebih susah, yang guna minyak lebih sedikit, dapat jauh lebih kecil. Tetapi kalau jumlah yang sama dipulangkan dalam bentuk pindahan tunai bulanan, keluarga B40 dan M40 boleh terima RM200, RM400, RM500 atau RM700 sebulan, bergantung kepada keadaan isi rumah. Itu bukan wang hadiah. Itu bukan duit raya. Itu bukan bantuan setahun sekali yang orang tunggu seperti durian runtuh. Yang kita perlukan ialah sistem keselamatan sosial. Bantuan bulanan yang masuk secara tetap, seperti gaji. Orang miskin tidak perlu merayu. Tidak perlu isi borang berkali-kali. Tidak perlu tunggu ihsan pegawai atau peruntukan. Kalau data PADU digunakan dengan betul, kerajaan boleh tahu siapa yang perlu dibantu, berapa jumlah yang munasabah, dan bagaimana bantuan itu boleh disesuaikan apabila harga minyak atau kos hidup berubah. Inilah peluang sebenar reformasi subsidi. Bukan sekadar ubah harga minyak tetapi membina satu sistem yang lebih adil sebelum Malaysia menjadi negara tua, kos hidup makin tinggi, dan generasi akan datang terpaksa membayar semua keputusan politik yang kita takut buat hari ini. Tonton kupasan penuh isu subsidi bersasar dan sistem keselamatan sosial di Podcast YBM Episod 46:",
2044651511712817567,iran_gaji_hidup,"Dengan izin, post panjang sedikit hari ini 😅 Atas permintaan dan nasihat beberapa kawan, saya ingin kongsikan ucapan TEDx saya mengenai ekonomi Malaysia, tetapi kali ini dalam Bahasa Melayu! Ucapan ini antara top 10 ucapan TEDx di seluruh dunia pada bulan lepas (mengikut bilangan paparan) - maksudnya rakyat Malaysia memang menyambut baik idea² yang diutarakan! Oleh itu, saya pun rasa memang sesuailah jika saya terjemahkan kpd BM supaya lebih ramai rakyat Malaysia dapat menelitinya. Seperti biasa, komen² saudari-saudari amat dialu²kan 🙏 _______ 5 perkara semua rakyat Malaysia patut tahu tentang ekonomi mereka… tapi tak tahu! [Pautan ke video penuh: Orang selalu panggil saya “walking economy”. Tahu tak kenapa? Rambut saya sedang menguncup. Perut saya pula mangsa inflasi. Maka saya pun sedih sampai kemeseletan 😊 Mengenai ekonomi, saya rasa anda semua tahu dua ekonomi terbesar di dunia adalah China dan Amerika Syarikat. Selepas melaraskan harga — seperti bagaimana potongan rambut di Shanghai lebih murah daripada di San Francisco — China menyumbang kira-kira 19–20% kepada GDP dunia, dan Amerika sekitar 15%. Tapi pernah tak anda terfikir, berapa besar Malaysia? Jawapannya: 0.7%. Kurang daripada satu peratus! Itu pun lebih kecil daripada margin of errordalam ramalan ekonomi Bank Dunia! 😊 Tapi hakikatnya: Malaysia kecil dari segi saiz, tetapi besar dari segi jiwa dan cerita. Dan hari ini, saya nak kongsikan cerita itu dalam bentuk “5 perkara semua rakyat Malaysia patut tahu tentang ekonomi mereka… tapi tak tahu!” #1. Yang pertama: Walaupun Malaysia hanya sebahagian kecil daripada ekonomi global, negara ini telah berjaya mengangkat lebih 14 juta rakyat keluar daripada kancah kemiskinan. [Pautan ke Fakta #1: Itu bukan sekadar statistik; itu 14 juta hidup yang berubah… itu satu keajaiban di peringkat nasional. 10 tahun selepas merdeka, lebih kurang 50% — separuh daripada rakyat Malaysia — hidup dalam kemiskinan. Hari ini, hanya sekitar 5%. Apabila Malaysia dan Singapura berpisah, Malaysia mewarisi populasi yang lebih besar, lebih miskin dan lebih berpaksikan pertanian. Namun Malaysia tetap berjaya mengeluarkan jutaan rakyat daripada kemiskinan — dan ia dilakukan tanpa mewujudkan kawasan setinggan kekal. Setiap rakyat Malaysia patutlah bangga. Dan sejujurnya: Nasi lemak Malaysia juga lebih sedap daripada Singapura😊 Berita yang lebih baik lagi: sebahagian besar daripada kejayaan ini tertumpu dalam kalangan rakyat Bumiputera, yang dahulunya paling ketinggalan. Dua puluh tahun dahulu, Bumiputera 2–3 kali ganda lebih berisiko kekal miskin berbanding Kumpulan etnik lain. Hari ini, jurang itu telah dihapuskan. Kini, kemiskinan sebenarnya bukan lagi berpaksikan kaum atau etnik — tetapi kelas sosial. Cabaran hari ini? Menutup jurang dalam etnik, bukan antara etnik. #2. Perkara yang kedua: [Pautan ke Fakta #2: Anda mungkin tahu Malaysia masih belum menjadi negara berpendapatan tinggi. Tapi tahu tak berapa lama Malaysia tersangkut dalam middle‑income trap (perangkap negara berpendapatan sederhana)? Hampir empat dekad! Lamanya! Korea Selatan, Taiwan, Singapura — semua sudah melepasi perangkap itu, tapi Malaysia belum. Berkenaan itu, walaupun Malaysia tidak mempunyai pendapatan per kapita yang tinggi, tahu tak apa yang Malaysia ada? Pendapat per kapita yang tinggi! Berita yang baik: Malaysia boleh mencapai status berpendapatan tinggi dalam 5–7 tahun akan datang. Dan saya harap Michelle Yeoh boleh datang potong reben dan merasmikan mana-mana majlis meraikan kejayaan ini nanti😊 Berita yang buruk: Apabila itu berlaku, 6 daripada 10 rakyat Malaysia masih akan berada di bawah paras pendapatan tinggi. Ini menunjukkan betapa luasnya jurang antara golongan berada dan golongan rentan: Rakyat di KL lebih kaya daripada rakyat Portugal — sebuah negara berpendapatan tinggi. Tetapi rakyat di Kelantan hampir 7 kali lebih miskin daripada rakyat KL — dan setaraf Sri Lanka. Ini peta Malaysia yang kita kenal dan cinta: Dan ini pula peta Malaysia diubah mengikut tahap kekayaan setiap negeri: 📷 Jurang itu meletup, secara literal. Pengajarannya: anda tidak boleh menjadi negara berpendapatan tinggi atas bahu segelintir sahaja! Jika tidak, anda bakal dengar soalan: “Macam mana negara aku kaya tapi aku miskin?"" ________ Setakat ini, saya telah berkongsi dua fakta: (1) Malaysia berjaya menaikkan lantai dan mengurangkan kemiskinan dengan ketara (2) Malaysia masih belum berjaya menaikkan siling pendapatan. Persoalannya, mengapa? ________ #3. Jadi mari kita tanyakan diri kita — apakah yang menggerakkan ekonomi Malaysia? [Pautan ke Fakta #3: Kita semua tahu apa yang menggerakkan rakyat Malaysia: tentunya Teh Tarik dan Roti Canai! 😊 Tetapi ekonomi? Dahulu, komoditi — termasuk getah, bijih timah, minyak, dan gas — menjadi penggerak ekonomi. Namun, sumbangannya semakin mengecil. Yang menggerakkan ekonomi Malaysia hari ini ialah semikonduktor. Malaysia antara 10 pengeksport semikonduktor terbesar dunia. Sebenarnya, semikonduktor bagi Malaysia umpama Angsa Bertelur Emas dalam cerita dongeng Aesop. Namun… angsa ini sudah semakin letih, dan semakin tua: Patutnya bermain badminton tapi sudah puas hati dengan bermain pickleball 😊 …pada hujung minggu 😊😊 Kenapa? Sebab angsa itu tidak berinovasi. Dunia kini berlumba dalam AI dan cip maju, tetapi Malaysia berisiko kekal di hujung rantaian nilai sahaja— hanya mengeluarkan cip melalui mass production tetap kurang terlibat dalam reka cipta, iaitu bidang yang paling membawa keuntungan. Fakta: Hanya 18% paten semikonduktor Malaysia dimiliki rakyat Malaysia. China? 40%. Taiwan? 60%! Ini bukan kerana orang Malaysia tak inovatif. Anda semua tahu benda ini [kad Touch ’n Go], Dan anda juga tahu situasinya: Anda kat tol, buka tingkap kereta, pusing tangan macam pakar yoga, cuba sehabis daya nak pastikan kad TnG bersentuh dengan sensor ajaib tu… tapi entah macam mana, tak boleh sampai juga 😊 Kemudian munculnya seorang genius Malaysia dan menyelesaikan masalah ini: voila… saksikanlah tongkat ajaib TnG! 😊 Saya harap ada genius yang boleh membaiki RFID pula — sebab di Malaysia, ada yang cakap RFID bermaksud: “Reverse Forward Insyallah Detect” 😊 Jadi masalahnya bukan rakyat tak inovatif, tetapi ekosistem inovasi yang lemah: Tahap pembiayaan jangka panjang yang rendah, toleransi terhadap kegagalan yang rendah, dan perbelanjaan R&D yang rendah Malaysia membelanjakan kurang daripada 1% KDNK untuk R&D. Singapura? Dua kali ganda; Korea Selatan? Empat kali ganda! “Middle‑income trap” (Perangkap negara berpendapatan sederhana) Malaysia sebenarnya ialah “Innovation trap” (Perangkap inovasi) ——- Ok, 3 sudah selesai dijelaskan, tinggal 2 lagi. Yang #4: Kadar pengangguran Malaysia rendah — cuma 3%. Tetapi di sebalik angka itu: 4 daripada 10 rakyat Malaysia bekerja di bawah tahap kemahiran mereka. Mereka dianggap “underemployed”. [Pautan ke Fakta #4: Saya selalu teringat Izwan, pemandu Grab saya dulu… dia pernah menjadi kontraktor bergaji tinggi di Petronas. Saya teringat guru matematik anak saya… yang mengurus beberapa kerja sambilan. Saya teringat jutaan rakyat Malaysia yang bekerja di bawah tahap kemahiran, berusaha untuk menampung kehidupan. Malah, hampir separuh daripada semua pekerja di Malaysia mendapat gaji kurang daripada RM3,000 – ataupun kira-kira $700 USD – sebulan. Jumlah itu pun tidak cukup untuk membayar cukai Angka “brain-drain” jelas menggambarkan hal ini. Pada 1990, hanya 350,000 rakyat Malaysia duduk di Singapura. Hari ini? Lebih 1.5 juta, belum termasuk yang ulang-alik secara harian. Itu hampir satu suku daripada populasi Singapura! Ramai juga yang kini sudah menjadi warganegara Singapura. Jelas sekali, rakyat Malaysia tidak kekurangan semangat; yang kurang hanyalah peluang. Ini membawa saya kepada sesuatu perkara… biar saya tanya: apakah sumber boleh diperbaharui paling berharga di Malaysia? Ia bukannya balak, solar atau hidro. Ia adalah generasi muda. Anak muda Malaysia sangat mempunya daya inovasi dan jati dari yang tinggat tinggi. Tetapi mereka jugalah yang paling susah nak mencari pekerjaan, dengan kadar pengangguran tiga kali lebih tinggi dalam golongan belia berbanding yang lain. Mengapa? Pertama, mereka sudah ketinggalan sejak usia muda: 40% kanak-kanak Malaysia pada umur 10 tahun masih belum mampu membaca atau memahami teks yang sesuai dengan usia mereka. Pelajar menghabiskan 12.5 tahun di sekolah, tetapi pembelajaran sebenar mereka bersamaan sembilan tahun di negara lain. Itu bermakna kira-kira tiga setengah tahun persekolahan terbuang begitu sahaja. Tidak hairanlah apabila mereka memasuki alam pekerjaan, mereka sudah pun ketinggalan. Jadi, memang penting untuk membetulkan keadaan ini. Namun, tanpa mewujudkan pekerjaan yang lebih baik, hanya bermakna kita melatih bakat untuk lebih banyak yang dieksport. Jadi, inilah soalan bernilai US$420 bilion — dan sekarang anda sudah tahu KDNK Malaysia, nampaknya makin bijak! — mengapa pekerjaan berkualiti tinggi masih kurang? Salah satu sebabnya ialah peranan kerajaan yang terlalu dominan dalam ekonomi sehingga mengekang dan mengehadkan sektor swasta, manakala satu lagi ialah kerenah birokrasi yang menyekat inisiatif. Contohnya: satu kementerian mengawal selia penjagaan kanak-kanak, manakala kementerian lain mengawal prasekolah. Jadi, jika anda sebuah perniagaan swasta yang ingin menawarkan perkhidmatan penjagaan dan prasekolah secara bersama — seperti yang diminta oleh para ibu bapa zaman sekarang— anda perlu mendapatkan dua lesen berasingan daripada dua kementerian berbeza. Bukan itu sahaja, anda juga perlu mempunyai premis yang berasingan, lengkap dengan pintu masuk masing-masing. Hasilnya? Anda sudah boleh beragak: ramai penyedia swasta memilih untuk beroperasi secara tidak sah. Justeru, kita perlu mengembalikan semula ‘mojo’ sektor swasta. Dan kita juga perlu menangani kemiskinan pembelajaran dari akar umbi. Mana-mana jumlah bantuan tunai, AI atau latihan di peringkat kemudian pun tidak akan mampu menampung kelemahan asas ini. Ini kerana anda tidak boleh membina negara berpendapatan tinggi berasaskan kemahiran rendah dan sektor swasta yang lemah! #5. Dompet kerajaan semakin ringan [Pautan ke Fakta #5: Tahukah anda: · 80% cukai pendapatan individu Malaysia dibayar oleh hanya 7% pekerja. · Hasil cukai Malaysia sebagai peratusan KDNK kurang daripada 13% … jauh lebih rendah berbanding 12 tahun lalu, dan jauh ketinggalan daripada negara yang bercita-cita menjadi negara berpendapatan tinggi. Dompet yang ringan ini memberi Kesan negative kepada pembinaan infrastruktur penting seperti hospital, Sekolah, dan jalan. Faedah hutang sahaja pun sudah makin membebankan. Ya, walaupun mengurangkan subsidi dan membanteras rasuah akan membantu — itu tidak mencukupi. Malaysia mesti memperluas asas hasil negaranya. Anda tidak boleh membina negara berpendapatan tinggi dengan sumber yang rendah! ____ [Pautan ke Penutup: Itulah lima fakta saya. Persoalannya: apa yang boleh anda lakukan? Sebenarnya banyak, dan anda boleh mulakan dengan memperluaskan pengetahuan. Dan saya benar-benar berharap perkongsian saya hari ini membantu. Berkenaan dengan maklumat, apabila saya tiba di Malaysia empat tahun lalu, saya agak terkejut bahawa sebuah demokrasi seperti ini belum mempunyai Akta Kebebasan Maklumat. Sekarang, satu akta sedang diusahakan dan berpotensi mengubah budaya semasa Malaysia daripada ‘rahsia kecuali diterbitkan’ kepada ‘terbuka kecuali dirahsiakan.’ Satu perubahan yang besar! Namun, semua Kerajaan di mana-mana pun memang terkenal dengan pelbagai silat untuk mengelak daripada menerbitkan maklumat: dengan melengah-lengahkan permohonan, mengenakan bayaran untuk maklumat, atau menggunakan alasan keselamatan negara. Anda tahu, ramai orang ingat Kerajaan berkuasa sebab mengeluarkan wang. Salah. Khazanah Kerajaan yang sebenar adalah kepercayaan. Dan tiada apa yang lebih cepat menurunkan mata wang kepercayaan selain menyembunyikan maklumat atau menyebarkan maklumat salah. Jadi, sebagai rakyat Malaysia yang prihatin, anda boleh memastikan Malaysia meluluskan — dan melaksanakan — Akta Kebebasan Maklumat terbaik di dunia ___ Saya pernah tinggal di Rusia selama lima tahun sebelum berpindah ke Kuala Lumpur. Pada 2017, di Moscow, sepanjang bulan Disember, kami menerima ada enam minit cahaya matahari. Enam minit… untuk 31 hari. Itu kurang daripada 12 saat cahaya matahari sehari. Ini kurang daripada masa yang anda layan TikTok pada waktu pagi! Tetapi setiap pagi apabila saya membuka langsir di Kuala Lumpur, saya hampir pasti disambut dengan cahaya matahari yang indah dan keemasan. Malaysia mungkin ekonomi yang kecil di persada dunia. Tetapi jiwa, semangat, harapan dan cita-cita Malaysia adalah setinggi langit. Malaysia memanglah luar biasa. Terima kasih 🙏",
2039979816267730963,iran_gaji_hidup,"Baca replies kat bawah pun dah tau kebanyakan orang tak faham apa yang diorang cakap. BYD buang 100 ribu atau 10% pekerja sebab jualan dan untung dekat China jatuh. Overcapacity berpunca daripada pelaburan yang terlebih-lebih dan persaingan dengan syarikat pembuat kereta yang lain menyebabkan price wars dan ada unit kereta yang mereka jual at loss untuk clearkan stok dalam masa saya consumer confidence dekat China tengah jatuh buat pengguna kurang berbelanja. Sebab tu BYD nak cari pasaran luar untuk export lebihan kapasiti sebab pasaran domestik yang besar pun dah tak mampu serap pengeluaran kereta dekat sana. BYD boleh jual murah selain daripada so-called efficiency, mereka juga dapat subsidi yang besar daripada Kerajaan China dan mula tahun ni subsidi tu akan dikurangkan dan ditamatkan sebab Kerajaan China nak consolidate sektor automotif dan eliminate lebihan ni semua. Sama macam orang cakap pasal Mixue dan Luckin Coffee buang harga, itu juga isu overcapacity di mana pasaran domestik pun dah tak cukup untuk diorang expand, jadi cari pasaran luar negara supaya boleh serap barangan dan perkhidmatan yang diorang jual. Malaysia ni ada trade deficit dengan China RM164 bilion tahun lepas (2025), import dari sana sahaja RM353 bilion vs kita eksport hanya RM189 bilion. Kita sebagai pengguna kalau boleh memang nak semua murah. Satu dah terbiasa dengan dasar Kerajaan sejak dulu bagi subsidi pukal untuk minyak dengan dasar kawalan harga (harga siling), kedua dasar-dasar tersebut jadikan gaji pekerja kita tersekat dan tak boleh berkembang sebab perniagaan semua dah biasa dengan kos rendah disubsidi Kerajaan RM750 bilion sejak 70an. Elektrik pun sebahagian besar yang dijana melalui gas (piped gas) disubsidi oleh Petronas secara langsung melalui Regulated Piped Gas Price (RPGP) yang sejak 1990an Petronas kehilangan hasil (foregone revenue) lebih RM250 bilion sebab jual gas murah kepada sektor penjanaan kuasa elektrik. Bila barang murah merengek-rengek nak harga pasaran tanpa campurtangan Kerajaan, bila barang mahal melalak-lalak nak Kerajaan kawal, bagi subsidi dan sebagainya.",
2099705476095336510,iran_krisis_global,"Krisis global tekan harga, mengapa Malaysia masih mampu bertahan? #malaysiagazette #EkonomiMalaysia #KrisisGlobal #Inflasi",
2093499925141000421,iran_krisis_global,Belanjawan 2027 akan pastikan ekonomi negara terus mampan #BHnasional Ditunggu-tunggu oleh rakyat kerana nak melihat bagaimana kerajaan membendung kesan krisis global,
2093095720626815140,iran_krisis_global,Kerajaan dan Parlimen mempunyai tanggungjawab perlembagaan yang berbeza tetapi berkongsi matlamat yang sama. #AWANInews #AWANIpagi,
2085671791880802590,iran_krisis_global,Malaysia kekal berdaya tahan hadapi krisis global – Gabenor BNM,
2082033772623692269,iran_krisis_global,Malaysia sedia kerangka keselamatan ekonomi depani krisis global,
2080966386940322066,iran_krisis_global,"#labuan Ketegangan geopolitik yang berterusan, termasuk konflik di Asia Barat, serta impak daripada fenomena El Nino menekankan kepentingan untuk memperkukuh keterjaminan makanan sebagai keutamaan strategik negara.",
2080933282078933187,iran_krisis_global,Malaysia perlu perkukuh keterjaminan makanan depani krisis global: Mohamad Sabu #BernamaNews,
2078092314510319968,iran_krisis_global,#BeritaFMT Ketua Pemuda Kamil Munim dakwa BN ambil kesempatan ketika krisis global mencatur politik demi kepentingan kelompok dan individu tertentu. Artikel Penuh:,
2075448417497809359,iran_krisis_global,Kadar pengangguran Malaysia kekal rendah 3 peratus di sebalik krisis global #BHbisnes Pasaran buruh negara menunjukkan peningkatan sederhana seiring dengan pertumbuhan ekonomi yang stabil: DOSM,
2074287353640996991,iran_krisis_global,#BeritaFMT Barjoyai Bardai berkata subsidi dan kawalan harga oleh kerajaan serap tekanan rakyat susulan krisis global di Asia Barat. Artikel Penuh:,
2072162104229200279,iran_krisis_global,Manfaatkan krisis global untuk perkukuh ekonomi negara,
2071506418633437476,iran_krisis_global,"Bekalan makanan asas cukup sebulan, bahan api hingga Ogos - Akmal Nasrullah Kerajaan memberi jaminan bahawa bekalan bahan api negara mencukupi hingga Ogos ini, selain usaha sedang dipergiat bagi memastikan bekalan itu terus terjamin dalam menghadapi ketidaktentuan krisis global. Menteri Ekonomi, Akmal Nasrullah Mohd Nasir berkata, jaminan itu hasil penyelarasan yang dilaksanakan bersama pemain industri bagi memastikan keperluan pengguna serta sektor ekonomi utama tidak terjejas. Artikel: Copyright disclaimer: Segala penyuntingan video adalah hak cipta terpelihara milik Sinar Harian. #SinarHarian #BeritaSemasa #Parlimen #sidangdewanrakyat #bekalanmakananasas #bahanapi #krisisglobal",
2070511926753599517,iran_krisis_global,"Negara kini tidak lagi terlalu bergantung kepada satu sumber sahaja. Semakin banyak pilihan bekalan yang dimiliki, semakin tinggi daya tahan negara apabila berlaku krisis global Berita selanjutnya di ruangan komen #themalaysiapress #bangsamalaysia #informasiberfaktamembukaminda",
2070038271976206565,iran_krisis_global,"Sebagai pengguna yang bertanggungjawab, kita perlu merancang dan mengurus sumber dengan lebih berhemah. Amalan berjimat cermat dapat membantu kita menghadapi ketidaktentuan ekonomi serta cabaran krisis global, sekali gus mengurangkan impaknya terhadap rakyat dan negara.",
2039208814847905861,iran_last2,Rakyat AS tertekan tanggung kesan perang Iran,
2032760984801280176,iran_mengamuk,"@datukhensem Kalau xde subsidi minyak, rakyat mengamuk. Sekolah dan hospital kurang, rakyat x mengamuk. Itulah realitinya.",
1973044135906197971,iran_mengamuk,"@tjerealjoker Ini tak bodoh lagi. Member saya kerja kat petronas, orang dok mengamuk katanya kerajaan bagi 300L setiap bulan minyak free. Penat member nak explain. Tahap IQ manusia, SEDIHH..",
1925119011345367177,iran_mengamuk,"5 #BeritaPalingPopularBH hari ini //Jenazah Yang di-Pertua Negeri Sabah ke-9 selamat dikebumikan di Kampung Inanam Laut KOTA KINABALU: Jenazah Yang di-Pertua Negeri Sabah Kesembilan, Tun Ahmadshah Abdullah selamat dikebumikan di Tanah Perkuburan Islam Kampung Inanam Laut, di sini pada 2.30 petang tadi. //PETRONAS akan teruskan fungsi, tanggungjawab sebagaimana Akta Pembangunan Petroleum 1974 PUTRAJAYA: Kerajaan Persekutuan dan kerajaan negeri Sarawak bersetuju supaya Petroliam Nasional Berhad (PETRONAS) meneruskan fungsi, aktiviti dan tanggungjawabnya sebagaimana tertakluk di bawah Akta Pembangunan Petroleum 1974 (PDA). //Tiga gajah naik minyak, pijak Vios selepas kenderaan belakang bunyikan hon - Polis GERIK: Kejadian sekumpulan gajah mengamuk sehingga merosakkan kenderaan dekat Sungai Lebey berhampiran Tugu Peringatan Jalan Raya Timur Barat (JRTB) Gerik-Jeli, dekat sini, malam tadi dipercayai disebabkan terdapat bunyi hon dari kenderaan lain. //Nova hidupkan kembali karier Aidil KUALA LUMPUR: Selepas digugurkan daripada Persatuan Badminton Malaysia (BAM) tahun lalu, karier Aidil Sholeh Ali Sadikin dilihat seakan-akan hampir berakhir. //Enggan kekasih rimas, Maya tak suka simpan prasangka melulu KUALA LUMPUR: Menjalin hubungan cinta jarak jauh bukan fasa mudah buat aktres jelita, Maya Karin, 46.",
1924997786321424673,iran_mengamuk,"Gajah Jantan Mengamuk Di Jalan Raya Gerik-Jeli #MGFlash Seekor gajah jantan yang sedang turun minyak dilaporkan mengamuk dan merosakkan sebuah kenderaan dekat Sungai Lebey berhampiran Tugu Peringatan Jalan Raya Timur Barat Gerik-Jeli, malam tadi. #malaysiagazette #gajahjantanmengamuk #gerik",
1919354460163227677,iran_mengamuk,"No.3 member bengang Malaysia rebrand minyak Iran and barang China pastu ekspot kat negara lain guna nama Malaysia, zaman Malaysia kaut untung atas angin dah nak abis😂😭",
1847593347667612157,iran_mengamuk,"Wanita Mengamuk Guna Kayu Ditahan #MGFlash Tindakan seorang wanita membuat kecoh kerana enggan mengalihkan kenderaannnya di sebuah stesen minyak di Hillpark Saujana Utama, Sungai Buloh, Selangor akhirnya memakan diri.",
1805209015250817436,iran_mengamuk,@nazribiztalk Pemilik stesyen minyak mesti bengang juga dgn dasar kerajaan ni.. Yelah kira untung dorang berkurangan jugakla kan sejak xde org luar seludup diesel ni..,
1790956897732046940,iran_mengamuk,"RASIONALISASI SUBSIDI 1. Kempen penyasaran subsidi yang dijalankan Kerajaan semakin kuat setiap hari. Di semua media, arus perdana atau media social pelbagai bentuk “soft campaign” dijalankan daripada program RTM, podcast, video tiktok, tryhard cybertroopers dekat Facebook dan X (Twitter) semua mainkan peranan masing-masing untuk maklumkan bahawa penyasaran subsidi akan berlaku tak lama lagi. 2. Menteri Ekonomi sendiri banyak kali memberi bayangan bahawa subsidi bersasar mungkin akan dilaksanakan pada suku kedua tahun ini maknanya dalam masa terdekat subsidi bersasar akan mula dilaksanakan. 3. Malah PMX sendiri dalam ucapan Bajet ada beberapa kali menyentuh soal penyasaran subsidi dan juga menyebut dengan jelas bahawa subsidi diesel akan disasarkan semula secara berfasa. SUBSIDI 101 4. Subsidi dalam negara kita ada dalam pelbagai jenis dan bentuk. Selain subsidi petrol RON95 dan Diesel, ada subsidi gas memasak (LPG), subsidi minyak masak paket 1kg, subsidi bil elektrik, subsidi yuran pendidikan, subsidi kesihatan, subsidi tiket penerbangan dan juga termasuk bantuan tunai kepada rakyat. 5. Sejak tahun 1976, Kerajaan telah membelanjakan RM547.9 bilion untuk subsidi dan bantuan sosial yang merangkumi segala bentuk jenis subsidi dan bantuan kepada rakyat. Federal Government OPEX by Object: 6. Tetapi subsidi paling besar yang ditanggung Kerajaan setiap tahun daripada dulu adalah subsidi bahan api iaitu petrol dan diesel. 7. Pada tahun 2022 sahaja Kerajaan belanja hampir RM40 bilion untuk subsidi petrol dan diesel. 8. Subsidi ni disebabkan perbezaan harga yang kita bayar dekat stesen minyak dengan harga pasaran sebenar petrol dan diesel. 9. Sebagai contoh harga RON95 dekat stesen minyak sekarang RM2.05 manakala harga pasaran sebenar RON95 adalah RM3.35 bermakna setiap liter minyak yang kita isi, Kerajaan menanggung RM1.30 atau 40% daripada harga sebenar RON95. 10. Harga pasaran petrol dan diesel berubah setiap hari mengikut pergerakan harga minyak dunia dalam pasaran antarabangsa, maka, kalau harga minyak mentah dunia naik, harga sebenar RON95 juga lebih tinggi dan sebaliknya kalau harga minyak mentah dunia turun. SUBSIDI PUKAL 11. Sekarang ni sesiapa pun rakyat Malaysia boleh isi RON95 tanpa mengira status pendapatan dan kenderaan apa dia bawa, ini dipanggil subsidi pukal – semua orang yang bawa kereta boleh dapat. 12. Subsidi pukal macam ni walaupun dinikmati oleh semua orang tapi sebenarnya menguntungkan golongan yang berpendapatan tinggi dan kaya. 13. Bank Negara Malaysia di dalam Laporan Tahunan 2014 pada tahun 2015 pernah menerbitkan satu kertas dasar berkenaan subsidi bahan api yang menunjukkan bahawa kumpulan berpendapatan tinggi (T20) menikmati 42% daripada subsidi bahan api manakala kumpulan berpendatan 20% terendah (B20) hanya menikmati 4% daripada subsidi bahan api yang Kerajaan sediakan. 14. Bayangkan daripada RM100 subsidi Kerajaan bagi, RM42 untuk orang kaya bawa kereta mahal & mewah, berkuasa tinggi, import manakala golongan miskin yang belum tentu ada kereta, mungkin ada motor sahaja hanya menikmati RM4 daripada RM1 subsidi yang Kerajaan sediakan. 15. Dalam konteks perbelanjaan Kerajaan, daripada RM40 bilion subsidi petrol dan diesel yang Kerajaan belanjakan, RM16.8 bilion orang kaya dapat, orang miskin hanya rasa RM1.6 bilion. SEBAB SUBSIDI PUKAL MESTI DIHENTIKAN 16. Selain daripada subsidi pukal yang regresif yang memberi lebih manfaat kepada golongan kaya berbanding yang lebih memerlukan ada beberapa sebab lain kenapa subsidi petrol dan diesel secara pukal ini merugikan rakyat. 17. Pertama isu penyelewengan subsidi melalui penyeludupan oleh pihak tidak bertanggungjawab. 18. PMX dalam ucapan Belanjawan 2023 pernah memaklumkan bahawa Kerajaan kerugian RM10 bilion akibat ketirisan daripada subsidi diesel yang diseludup ke luar negara. 19. Perkara ini berlaku disebabkan harga petrol dan diesel di negara kita yang lebih murah daripada negara-negara luar terutamanya negara jiran seperti Thailand. 20. Perbezaan harga ini juga menyebabkan warga Singapore datang ke negara kita mengisi minyak bersubsidi sambil menghenjut kereta mereka setiap hari dan menyebabkan duit rakyat dinikmati bukan warganegara. 21. Selain daripada itu bila Kerajaan membelanjakan sebahagian besar untuk subsidi pukal dengan jumlah puluhan billion Ringgit setiap tahun, Kerajaan terpaksa menghadkan atau mengurangkan perbelanjaan lain. 22. Selalu kita dengar pelbagai masalah dan rungutan berkaitan hospital Kerajaan yang tak cukup kakitangan, keadaan sekolah-sekolah Kerajaan yang daif, aset-aset pertahanan dan keselamatan yang tidak mencukupi seiring keperluan negara – antara puncanya adalah kerana perbelanjaan subsidi pukal yang menyebabkan pengagihan sumber yang terherot dan tidak mengikut keperluan sebenar sesebuah sektor. 23. Jika subsidi pukal dihapuskan, maka Kerajaan boleh mengagihkan semula sumber yang dijimatkan kepada sektor seperti kesihatan; boleh tambah doktor, jururawat, baikpulih dan naik taraf fasiliti kesihatan, sektor pendidikan; sekolah-sekolah daif boleh dibaikpulih, sekolah baru boleh dibina, aset-aset pertahanan dan keselamatan boleh dibeli dan sebagainya. SUBSIDI BERSASAR 24. Apabila subsidi pukal dihapuskan, bukanlah bermaksud semua orang dah tak dapat subsidi tetapi subsidi akan disasarkan semula untuk mereka yang memerlukan sahaja. 25. Menteri Ekonomi pernah beri bayangan bahawa apabila subsidi pukal dihapuskan dengan menaikkan harga RON95 dan Diesel, golongan yang memerlukan akan menerima tunai daripada Kerajaan. 26. Berapa jumlah tunai dan kekerapan pemberian tunai tersebut dan kriteria siapa yang layak dapat Kerajaan masih belum perincikan tapi itulah rancangan subsidi bersasar yang dimaksudkan melalui dapatan PADU yang kita daftar awal tahun ni. 27. Antara sebab kenapa BR1M (sekarang STR) diperkenalkan pada tahun 2012 adalah untuk menggantikan subsidi pukal dengan subsidi bersasar dalam bentuk tunai kepada kumpulan yang memerlukan. KESAN PENGHAPUSAN SUBSIDI PUKAL 28. Takkan nak cerita yang wangi-wangi je? Mesti ada kesan negatif bila harga RON95 dan Diesel dinaikkan. 29. Pertama bila harga RON95 dan Diesel naik, selain daripada kesan langsung yang akan dirasai poket kita setiap kali kita isi minyak akan ada kesan berantai kepada harga barangan. 30. Mungkin ada peniaga yang akan ambil kesempatan menaikkan harga tapi jika 100% peniaga jujur berniaga tak ambil untung berlebihan pun tetap akan ada kenaikan kos untuk berniaga dan akhirnya akan menaikkan harga barang yang lain. 31. Kadar inflasi akan meningkat bergantung kepada kadar kenaikan harga RON95 dan diesel yang akan diumumkan mengikut kuantum dan kekerapan. 32. Kesannya kita semua akan rasa tidak kira sama ada kita antara yang dapat tunai yang Kerajaan nak bagi atau tidak itu realitinya tapi dasar ini tidak lagi boleh ditangguh. KESIMPULAN 33. Selepas penghapusan subsidi pukal berjaya dilakukan pada tahun 2015 sehingga 2018 dan dikembalikan semula oleh Kerajaan selepas PRU-14, kita kehilangan 6 tahun untuk kembali ke arah pengagihan sumber negara yang lebih adil, berkesan dan cekap. 34. Sejak penubuhan Petronas sejumlah RM1.4 trilion telah disumbangkan kepada Kerajaan melalui dividen, cukai pendapatan petroleum, royalti dan lain-lain hasil petroleum dan dalam masa yang sama Kerajaan membelanjakan lebih RM500 bilion untuk subsidi. 35. Tahun 2022 sahaja Petronas bagi kepada Kerajaan RM93.1 billion, dan RM81 bilion dibelanjakan untuk pelbagai jenis subsidi pukal. Bayangkan kalau 50% daripada RM93.1 bilion itu kita boleh buat apa untuk perbelanjaan kesihatan, pendidikan, pertahanan dan lain-lain. 36. Aku tulis ni seobjektif yang termampu. Ini bukan lagi soal politik, tapi soal ekonomi negara dan rakyat. Dan disclaimer aku tak dibayar untuk tulis ni oleh sesiapa. Hanya rasa tanggungjawab kepada negara dan ye la ada sikit aku menyampah dengan cytros dan macai politaik yang nak mengajar rakyat sedangkan baru beberapa tahun lepas bila Kerajaan nak naikkan harga minyak merekalah yang paling membabikan Kerajaan. Khalas.",
1771010954945527941,iran_mengamuk,@IniAlalalannn Sebab tu ramai bengang. Sblm jadi kerajaan mcm siel je. Esok jadi PM minyak turunnnnn!!!! Haram.,
1750194116632494446,iran_mengamuk,"@mynewshub Bersaiz kuda tapi mcm kambing, tu yang diorang ni terkejut tu. Ni binatang extinct, dekat quote dah ada yg nak tangkap nak buat minyak. Hmm malaysia ni xder benda bole keep lelama, menyampah aku",
1671617850052861952,iran_mengamuk,"Singaporean (kalau betul dia Singaporean) yg mengamuk sebab isi minyak subsidi ni, kalau betul dia salah, should be banned dari masuk Malaysia je. Habis cerita. @imigresenmy - kasi blacklist dia boss !!!!",
1671377413677408256,iran_mengamuk,Dua lelaki Singapura mengamuk ditegur isi minyak dalam tong #Video,
2104645399420276811,iran_cmana,"It always masa tengah berak or mandi, yang tetiba dtg mood beria nk bukak laptop smbung thesis writings. Tp kalau dh kluar pakai baju terus nk amik phone baring kat katil. Pastu kene bawak laptop masuk toilet ke cmna ni? 😭😭 procrastination dah level parah niii",
2104529843866272002,iran_cmana,@kiMinamjoon_7 x nk piki cmna bln 12 nnt.. kenot imagine kita nk kluar stadium bkt jalil.. tgh nk pikir mana nk paking jer ni.. brapa rm la agaknyer paking nnt...huhuhuks..,
2104379663544115441,iran_cmana,@Markshah_0904 poppers ngn btg tu hehe. cmna nk order,
2104076591534104935,iran_cmana,@Lilykf88 Jangannn. Bahaya. Sebab sorang² kalau apa² jadi cmna ? Sapa nak tolong? Baik area² kedah je.,
2104024995118911948,iran_cmana,Aku tgk sukan diving sambil breakfast ni. Aku tahu point dpt dari difficulties. Yg percik air tu cmna physic dia nk dpt percuk skit n banyak??,
2105541044368785800,iran_duit,@fxloiryn AHAHAHAH tp duit aku ranking ke 200+ 😹💔,
2105313549837009357,iran_duit,"Klau xnak spend duit, xyahla pi wedding kan. Tp bilanya lg nk berjalan2. Alang2 officemate dh book transportation utk ke wedding dia, aku manfaatkanla 🤣🤣🤣 nk x nak kena spend duit. Aku plak mana prnh nk shopping sesaja. Smua brg aku ada limited. Takde option 🤣",
