topic,id,text,created_at,author,location,is_malaysian,likeCount,retweetCount
fuel_prices,2092424049838440669,"Pagi, semalam indeks bursa AS menguat. Dow +0,3%, SP +0,32%, dan Nasdaq +0,66%. .Sebelumnya IHSG melemah 0,37% ke 6501. Rupiah menguat 0,1% ke 17703/Dollar AS, level terkuat dalam 3 bulan terakhir.
Harga minyak mentah dunia melemah setelah Amerika Serikat bergeser menggunakan tekanan ekonomi ke Iran. AS mengancam akan memberikan sanksi kepada negara lain yang tetap berdagang Iran. Harga minyak Brent -3,9% ke $88,58 dan WTI -3,1% ke $82,36/barel.",Wed Aug 26 01:29:03 +0000 2026,buluslg,Pontianak,False,2,0
fuel_prices,2091481249865232490,"Kos Sara Hidup Antara Tumpuan Utama Belanjawan 2027 #mgflash

Kerajaan dijangka terus memberi tumpuan kepada usaha menangani kos sara hidup rakyat, selain memperkukuh pelaburan domestik dan antarabangsa dalam Belanjawan 2027.

Menteri Komunikasi, Datuk Seri Fahmi Fadzil berkata, perkembangan geopolitik semasa termasuk harga minyak mentah dunia antara faktor yang akan diambil kira dalam merangka belanjawan kali ini.

#malaysiagazette #Belanjawan2027",Sun Aug 23 11:02:42 +0000 2026,MalaysiaGazette,Kuala Lumpur,True,0,0
fuel_prices,2091031832339059079,"IHSG Sepekan Melambung Hampir 2%, 5 Faktor Ini Mempengaruhi

Akurat Info, Jakarta - Laju Indeks Harga Saham Gabungan ( IHSG ) menguat signifikan pada perdagangan saham 18-21 Agustus 2026. Kenaikan IHSG sepekan didorong sentimen eksternal dan internal. Dari sentimen internal yakni Bank Indonesia (BI) yang tetap mempertahankan suku bunga acuan atau BI Rate tetap di level 5,75%.

Mengutip data Bursa Efek Indonesia (BEI), ditulis Sabtu (22/8/2026), IHSG melompat 1,93% ke level 6.525,69 dari posisi 6.401,88 pada pekan lalu. Kapitalisasi pasar melambung 1,81% menjadi Rp 11.449 triliun dari Rp 11.243 triliun.

Analis PT MNC Sekuritas, Herditya Wicaksana menuturkan, selama sepekan IHSG naik 1,93% ke 6.525 dan disertai dengan munculnya volume pembelia, sehingga IHSG mampu ditutup di atas moving average (MA) 20 harian. Ia mengatakan, IHSG sepekan dipengaruhi sejumlah sentimen. Pertama, BI Rate diputuskan tetap di level 5,75% sesuai harapan konsensus, di mana diperkirakan hal itu untuk menjaga kestabilan nilai tukar rupiah dan inflasi. Kedua, FOMC Minutes yang terjadi pada pekan ini masih terdapat pendapat hawkish dari tiga gubernur the Federal Reserve (the Fed).

""Namun demikian, secara probabilitas masih menunjukkan Fed Rate akan tetap di 3,5%-3,75%,” kata Herditya saat dihubungi Akurat Info.

Faktor ketiga, penguatan harga komoditas emas setelah pemerintah Amerika Serikat melakukan buyback sehingga imbal hasil obligasi pemerintah AS turun. Faktor keempat, kenaikan harga minyak mentah dunia akibat kembali  memanasnya Timur Tengah. Faktor kelima, defisit transaksi berjalan Indonesia pada kuartal II 2026 yang berada US$ 12,49 miliar atau setara dengan 3,3% terhadap Produk Domestik Bruto (PDB).

Selain itu, rata-rata volume transaksi harian BEI mengalami kenaikan tertinggi 47,90% menjadi 50,30 miliar saham dari 34,01 miliar saham pada pekan lalu.

Selanjutnya, rata-rata frekuensi transaksi harian melambung 5,52% menjadi 2,21 juta kali transaksi dari 2,09 juta kali transaksi. Di sisi lain, rata-rata nilai transaksi harian naik 2,36% menjadi Rp 15,57 triliun dari Rp 15,21 triliun pada pekan lalu.

Selain itu, investor asing melakukan aksi beli saham Rp 2,23 triliun pada pekan ini. Pekan lalu, investor asing melakukan aksi jual saham Rp 1,58 triliun.

Sebelumnya, Indeks Harga Saham Gabungan (IHSG) melemah tipis pada perdagangan saham 10-14 Agustus 2026. Koreksi IHSG sepekan dinilai dipengaruhi sentimen internal dan eksternal. Salah satunya MSCI.

Mengutip data Bursa Efek Indonesia (BEI), Sabtu (15/8/2026), IHSG sepekan melemah 0,12% menjadi 6.401,88. Kondisi ini berbeda dari pekan lalu pada 3-7 Agustus 2026, IHSG nnaik 2,78% ke 6.409,65.

Di sisi lain, kapitalisasi pasar naik 0,28% menjadi Rp 11.243 triliun dari Rp 11.212 triliun pada pekan lalu.

Analis PT MNC Sekuritas, Herditya Wicaksana menuturkan, IHSG melemah 0,12% selama sepekan, dan disertai dengan munculnya tekanan jual. Per data 13 Agustus 2026, aliran dana keluar mencapai Rp 1,14 triliun di pasar regular.

Dari sisi sentimen, Herditya menuturkan, IHSG dipengaruhi pengumuman MSCI August Index Review. Pada hasil tinjauan MSCI, Indonesia masih dalam status dibekukan dan masih berada di emerging markets sehingga terjadi outflow.

Sentimen internal lainnya datang dari pembacaan pidato Presiden Prabowo Subianto dalam Sidang Tahunan MPR dan pembacaaan Rancangan Anggaran Pendapatan dan Belanja Negara (RAPBN) 2027 dan Nota Keuangan.

""Pasar mencermati pidato kenegaraan dan RAPBN 2027 terhadap kebijakan dan pertumbuhan ekonomi 2027,” kata dia saat dihubungi Akurat Info.

Selain itu, Herditya menambahkan, rilis data Consumer Price Index (CPI) dan Producer Price Index (PPI) Amerika Serikat (AS) yang lebih rendah dari konsensus sehingga meningkatkan harapan akan ada pemangkasan suku bunga the Federal Reserve.

Selain itu, sentimen IHSG lainnya dari konflik geopolitik Timur Tengah yang masih dalam tahap kesepakatan  perdamaian juga masih menjadi perhatian investor.

Dari transaksi perdagangan, rata-rata nilai transaksi harian juga terpangkas 1,07% menjadi Rp 15,21 triliun dari pekan lalu Rp 15,38 triliun. Rata-rata volume transaksi harian BEI juga susut 14,86% menjadi 34,01 miliar saham dari pekan lalu 39,95 miliar saham. Sementara itu, rata-rata frekuensi transaksi harian juga terpangkas 9,67% menjadi 2,09 juta kali transaksi dari 2,32 juta kali transaksi pada pekan lalu.

Selama sepekan, investor asing melakukan aksi jual saham Rp 1,58 triliun. Hal ini berbeda dari pekan lalu, investor asing melakukan aksi beli saham Rp 695,17 miliar.

https://t.co/FpG2NcijY5",Sat Aug 22 05:16:52 +0000 2026,media_akurat,,False,0,0
fuel_prices,2090982397294625161,"Harga runcit bahan api tanpa subsidi akan meningkat sehingga 20 sen seliter mulai 20 Ogos, susulan kenaikan harga minyak mentah global akibat ketidaktentuan geopolitik yang berlarutan.

RON95 tanpa subsidi naik 15 sen kepada RM3.77 seliter, RON97 naik 10 sen kepada RM4.25, manakala diesel tanpa subsidi meningkat 20 sen kepada RM4.67 seliter. Harga bersubsidi kekal pada RM1.99 bagi RON95 dan RM2.10 bagi diesel.",Sat Aug 22 02:00:26 +0000 2026,EkonomiRakyatMY,Kuala Lumpur,True,1,0
fuel_prices,2090623744545104211,"Bursa saham Amerika Serikat (AS) di Wall Street ditutup melemah pada perdagangan kamis (20/8/26) waktu setempat akibat kenaikan imbal hasil obligasi pemerintah AS dan harga minyak mentah yang menekan sentimen pasar di tengah ketegangan geopolitik. Mengutip data Xinhua dan Associated Press pada Jumat (21/8/26), indeks Dow Jones Industrial Average merosot 703,84 poin atau 1,32 persen ke level 52.759,21, S&P 500 terkoreksi 66,82 poin atau 0,87 persen menjadi 7.641,16, serta Nasdaq Composite melemah 263,92 poin atau 1 persen ke posisi 26.067,17.

#wallstreet #bursasaham #dowjones #sp500 #nasdaq",Fri Aug 21 02:15:17 +0000 2026,Metro_TV,,False,0,0
fuel_prices,2090573157199385064,"Harga Minyak 20–26 Ogos 2026: RON97, RON95 dan Diesel Naik Sehingga 20 Sen Seliter - https://t.co/jaJdUXKQNv https://t.co/9IAR71iLnP",Thu Aug 20 22:54:16 +0000 2026,hrga_my,Malaysia,True,0,0
fuel_prices,2090049194161758277,"Harga RON97, RON95 dan diesel tanpa subsidi naik kepada RM4.25, RM3.77 dan RM4.67 seliter bagi 20 hingga 26 Ogos.

Kenaikan dipengaruhi konflik geopolitik yang menjejaskan bekalan minyak dunia, manakala harga bersubsidi kekal.

Sumber: Harian Metro

#ohbulan #kinitrending https://t.co/aRfHZ3Zrp8",Wed Aug 19 12:12:13 +0000 2026,ohbulanofficial,Malaysia,True,0,0
fuel_prices,2089556274635813290,"Bursa saham Amerika Serikat (AS) di Wall Street ditutup melemah pada perdagangan senin (17/8/26) waktu setempat di tengah kenaikan harga minyak dan imbal hasil obligasi pemerintah AS akibat meningkatnya kekhawatiran terhadap risiko geopolitik. Mengutip Xinhua pada Selasa (18/8/26), indeks Dow Jones Industrial Average terkoreksi 272,63 poin atau 0,51 persen menjadi 53.459,78, S&P 500 turun 40,7 poin atau 0,52 persen ke posisi 7.745,06, serta Nasdaq Composite melemah 84,25 poin atau 0,32 persen ke level 26.644,91.

#wallstreet #bursasaham #dowjones #sp500 #nasdaq #ekonomiglobal",Tue Aug 18 03:33:32 +0000 2026,Metro_TV,,False,0,0
fuel_prices,2089500928902918341,"Pagi. Semalam indeks bursa AS melemah seiring kenaikan harga minyak di tengah kenaikan tensi perang AS-Iran
Dow -0,51%, SP -0,52%, dan Nasdaq -0,32%
Jumat lalu IHSG menguat 1,59% ke 6401.",Mon Aug 17 23:53:37 +0000 2026,doktermarket,Indonesia,False,2,0
fuel_prices,2089171060948340928,"Rupiah di bursa offshore (NDF) menguat 0,17% pada Senin pagi (17/8/2026) ke Rp17.835/US$, saat pasar spot libur memperingati HUT RI ke-81, didukung harga minyak yang stabil sekitar US$88,5 per barel dan situasi geopolitik di Timteng.

Simak selengkapnya: https://t.co/sYp46YgG90 https://t.co/AKrhsY6ofA",Mon Aug 17 02:02:50 +0000 2026,BloombergTZ,Jakarta,False,3,2
fuel_prices,2088596462850773261,"bener kata pak @fiqhh, beli bensin harus sedia bensin. ini pom paling rame tapi alhamdulillah nya pos untuk isinya dibanyakin 😭

kita ikut BoP pengaruhnya bisa sejauh itu karena harga minyak dunia ranahnya geopolitik karena komoditas global. tentu Iran akan memberikan perlakuan yang lebih baik kepada negara-negara yang tidak ikut dalam persengkokolan. negara seperti Malaysia, Thailand, dan China bisa menahan dampaknya dengan kebijakan domestik dan hubungan geopolitiknya. makannya jangan heran diamku ini sebenernya maki-maki dalam hati.",Sat Aug 15 11:59:35 +0000 2026,felt1oved,,False,3,0
fuel_prices,2087492567780987132,"Harga petrol tanpa subsidi turun bagi tempoh 13 hingga 19 Ogos. RON97 turun kepada RM4.15, RON95 kepada RM3.62 dan diesel kepada RM4.47 seliter.

Harga bersubsidi kekal RM1.99 bagi RON95 dan RM2.10 bagi diesel. Penurunan disebabkan kejatuhan harga minyak dunia, namun harga dijangka terus turun naik akibat ketidaktentuan geopolitik.

Sumber: Berita Harian 
#ohbulan #kinitrending",Wed Aug 12 10:53:06 +0000 2026,ohbulanofficial,Malaysia,True,2,0
fuel_prices,2087335255057600964,"[PROMO] Asnaf Tak Patut Diwarisi Walaupun Berlaku Krisis Geopolitik, Ekonomi 

Perkembangan geopolitik dunia seperti konflik di Asia Barat, perang yang berlarutan, ketegangan antara kuasa besar serta gangguan rantaian bekalan global memberi impak yang signifikan terhadap ekonomi dunia, termasuk Malaysia. 

Keadaan ini mendorong peningkatan kos sara hidup melalui kenaikan harga minyak, makanan dan barangan import, sekali gus memberi tekanan kepada isi rumah, khususnya golongan berpendapatan rendah dan asnaf. 

Walaupun zakat merupakan kewajipan bagi umat Islam yang memenuhi syarat, ketidaktentuan ekonomi akibat faktor geopolitik boleh mempengaruhi keupayaan pembayar zakat serta meningkatkan permintaan terhadap bantuan zakat. 

Oleh itu, institusi zakat perlu bersedia menyesuaikan strategi kutipan dan agihan agar dapat terus memenuhi keperluan masyarakat yang semakin terkesan dengan perubahan ekonomi global.

#malaysiagazette #borakMG #Maiwp #zakat #golonganasnaf",Wed Aug 12 00:28:00 +0000 2026,MalaysiaGazette,Kuala Lumpur,True,0,0
fuel_prices,2087134685193556100,"Bursa Malaysia ditutup rendah pada Selasa berikutan kenaikan berterusan harga minyak mentah dan kebimbangan geopolitik yang berterusan menjejaskan sentimen pelabur.

#AWANInews
#AWANI745

https://t.co/rLhJEZXiM9",Tue Aug 11 11:11:00 +0000 2026,501Awani,Malaysia,True,0,0
fuel_prices,2087129321421099305,"Bursa Malaysia ditutup rendah akibat kenaikan berterusan harga minyak, krisis geopolitik

#BHbisnes Indeks penanda aras FBM KLCI susut 3.91 mata atau 0.23 peratus kepada 1,731.46 mata.

https://t.co/caBhhSuUAH",Tue Aug 11 10:49:41 +0000 2026,bharianmy,Malaysia,True,0,0
fuel_prices,2087085172307169432,"[PROMO] Asnaf Tak Patut Diwarisi Walaupun Berlaku Krisis Geopolitik, Ekonomi 

Perkembangan geopolitik dunia seperti konflik di Asia Barat, perang yang berlarutan, ketegangan antara kuasa besar serta gangguan rantaian bekalan global memberi impak yang signifikan terhadap ekonomi dunia, termasuk Malaysia. 

Keadaan ini mendorong peningkatan kos sara hidup melalui kenaikan harga minyak, makanan dan barangan import, sekali gus memberi tekanan kepada isi rumah, khususnya golongan berpendapatan rendah dan asnaf. 

Walaupun zakat merupakan kewajipan bagi umat Islam yang memenuhi syarat, ketidaktentuan ekonomi akibat faktor geopolitik boleh mempengaruhi keupayaan pembayar zakat serta meningkatkan permintaan terhadap bantuan zakat. 

Oleh itu, institusi zakat perlu bersedia menyesuaikan strategi kutipan dan agihan agar dapat terus memenuhi keperluan masyarakat yang semakin terkesan dengan perubahan ekonomi global.

#malaysiagazette #borakMG #Maiwp #zakat #golonganasnaf",Tue Aug 11 07:54:15 +0000 2026,MalaysiaGazette,Kuala Lumpur,True,0,0
fuel_prices,2085616813136835037,"OSL Daily Pulse | 7 Agustus 2026

☆ NFP AS Jadi Penentu Arah Bitcoin Hari Ini

Seluruh perhatian investor tertuju pada rilis Nonfarm Payrolls (NFP) Juli. Konsensus memperkirakan penambahan 80.000 hingga 90.000 lapangan kerja dengan tingkat pengangguran tetap di 4,2%. Data yang lebih lemah dari ekspektasi dapat meningkatkan peluang pemangkasan suku bunga The Fed dan menjadi katalis positif bagi pasar crypto.

☆ ETF Bitcoin Serap US$626 Juta dalam 3 Hari

Spot Bitcoin ETF di Amerika Serikat membukukan net inflow US$244 juta, sehingga total arus dana dalam tiga hari terakhir mencapai sekitar US$626 juta. IBIT BlackRock kembali memimpin inflow, menunjukkan investor institusional mulai kembali mengakumulasi Bitcoin meski volatilitas pasar masih rendah.

☆ Tether Bawa Tokenisasi ke Arab Saudi

Tether memperluas platform Hadron ke Arab Saudi melalui kerja sama dengan First Data dan BKN301 untuk menghadirkan tokenisasi real estate institusional. Langkah ini memperkuat posisi Tether di sektor Real World Assets (RWA) dan membuka peluang adopsi aset tokenisasi di kawasan Timur Tengah.

☆ Rusia Resmikan Regulasi Crypto Nasional

Presiden Vladimir Putin menandatangani undang undang baru yang mengatur perdagangan aset kripto di Rusia. Regulasi ini memberikan kepastian hukum bagi bursa, broker, dan kustodian, sekaligus menetapkan batas investasi bagi investor ritel. Kebijakan tersebut diperkirakan akan mempercepat perkembangan industri crypto di Rusia.

☆ Hormuz Hampir Dibuka, Sentimen Risk On

Iran dan Oman dikabarkan telah mencapai kesepakatan prinsip terkait pembukaan kembali Selat Hormuz, dengan draf perjanjian kini menunggu persetujuan pemimpin tertinggi Iran. Jika terealisasi, jalur yang mengalirkan sekitar 20% pasokan minyak dunia akan kembali normal, meredakan tekanan harga energi dan meningkatkan sentimen positif terhadap aset berisiko, termasuk Bitcoin.

💬 Diskusi Hari Ini
Menurutmu, faktor mana yang akan menjadi pendorong terbesar Bitcoin dalam beberapa bulan ke depan: pemangkasan suku bunga The Fed, inflow ETF, atau adopsi tokenisasi aset oleh institusi?",Fri Aug 07 06:39:31 +0000 2026,OSL_ID,Indonesia,False,12,1
fuel_prices,2085562042820571332,"Thong berkata Wall Street terjejas selepas harga minyak mentah melonjak ke paras kira-kira US$82 setong apabila Iran mengeluarkan deraf pelan lebih ketat bagi Selat Hormuz.
#AWANInews #AWANIpagi

https://t.co/ff0gxthhIk",Fri Aug 07 03:01:53 +0000 2026,501Awani,Malaysia,True,0,0
fuel_prices,2085560226334527856,"Bursa saham Wall Street ditutup melemah pada perdagangan kamis (6/8/26) akibat lonjakan harga minyak pascalaporan media terkait rencana kerangka kerja Iran-Oman di Selat Hormuz yang melarang pelayaran kapal AS hingga dilakukannya pembayaran kompensasi, disusul insiden serangan terhadap sejumlah target di kawasan tersebut. Mengutip Investing pada jumat (7/8/26), Indeks S&P 500 terkoreksi 0,2 persen ke level 7.710,08, Dow Jones merosot 0,9 persen ke posisi 53.885,16, dan Nasdaq Composite melemah tipis 0,1 persen ke level 26.348,35. Tekanan pasar kian bertambah seiring kekhawatiran baru di sektor teknologi AI, penurunan saham memori seperti Sandisk dan Western Digital pascarilis laporan keuangan, serta kenaikan imbal hasil obligasi AS menjelang rilis data nonfarm payrolls.

Baca selengkapnya: https://t.co/TRTbhumNup

#wallstreet #sp500 #dowjones #nasdaq #pasarfinansial #hargaminyak",Fri Aug 07 02:54:40 +0000 2026,Metro_TV,,False,6,0
fuel_prices,2084479476134768933,"📈 IHSG PAGI INI MENGHIJAU! 🇮🇩💹

🗓️ Selasa, 4 Agustus 2026

🟢 IHSG dibuka menguat!
🔺 +20,28 poin
📍 Level: 6.254

📌 Kemarin (3 Agustus), IHSG sempat ditutup melemah tipis di 6.234. Hari ini pasar mencoba bangkit.

🔍 Kenapa IHSG Naik?

🇺🇸 Wall Street rebound
📈 Nasdaq +2,13%
📈 S&P 500 +1,48%

🕊️ Ketegangan AS–Iran mulai mereda
➡️ Harga minyak turun
➡️ Kekhawatiran pasar ikut berkurang

🏭 PMI Manufaktur Indonesia kembali ekspansif (50,2)
✅ Artinya aktivitas industri mulai tumbuh lagi.
Semakin banyak pabrik berproduksi, semakin besar peluang ekonomi bergerak.

👀 Investor masih menunggu data ketenagakerjaan AS
Karena hasilnya bisa memengaruhi arah suku bunga dan pasar global.

🎯 Proyeksi Analis Hari Ini
⬆️ Target uji: 6.300
🛡️ Support terdekat: 6.187

━━━━━━━━━━━━━━

📚 Apa Pelajaran yang Bisa Kita Ambil?

💡 1. Bursa Indonesia tidak berdiri sendiri.
Pergerakan pasar Amerika dan kondisi geopolitik dunia bisa langsung memengaruhi IHSG.

💡 2. Data ekonomi itu penting.
PMI yang kembali di atas angka 50 memberi sinyal dunia usaha mulai membaik dan meningkatkan kepercayaan investor.

💡 3. Harga minyak berpengaruh ke Indonesia.
Jika harga minyak lebih stabil atau turun, tekanan biaya energi dan inflasi bisa ikut berkurang.

💡 4. Jangan hanya melihat IHSG naik atau turun.
Pahami juga alasan di balik pergerakannya. Investor yang memahami penyebabnya biasanya lebih tenang dalam mengambil keputusan.

🚨 Kesimpulannya:
Hari ini sentimen pasar cenderung positif, tetapi investor masih akan mencermati data ekonomi global sebelum menentukan arah berikutnya.

📊 Pantau data, bukan hanya harga.

#IHSG #SahamIndonesia #IDX #Investasi #EkonomiIndonesia #WallStreet #Bos_KardusID",Tue Aug 04 03:20:09 +0000 2026,Bos_kardusID,"New York, USA",False,7,2
fuel_prices,2084476962400272461,"Bursa saham Asia bergerak menguat pada awal perdagangan Selasa seiring sentimen positif dari Wall Street. Namun, penguatan berlangsung terbatas karena investor masih mencermati ketidakpastian hubungan Amerika Serikat (AS) dan Iran yang turut memengaruhi pergerakan harga minyak.
 
Mengutip https://t.co/5jg4Yj5ftl, Selasa, 4 Agustus 2026, indeks MSCI Asia Pasifik di luar Jepang naik 0,1 persen pada awal perdagangan. Penguatan dipimpin oleh saham-saham Korea Selatan yang melonjak hingga 2,1 persen. Sebaliknya, indeks Nikkei 225 Jepang melemah 0,3 persen. Sementara itu, kontrak berjangka (futures) S&P 500 e-mini naik tipis 0,1 persen.
 
Sentimen positif berasal dari Wall Street setelah data menunjukkan aktivitas manufaktur AS pada Juli mencapai level tertinggi dalam lebih dari empat tahun. Kondisi tersebut mendorong indeks Dow Jones Industrial Average ditutup pada rekor tertinggi.

Baca selengkapnya: https://t.co/ZuOt6hhHoq

#wallstreet #bursasahamasia #ekonomi",Tue Aug 04 03:10:10 +0000 2026,Metro_TV,,False,6,0
fuel_prices,2084474034595799233,"Bursa saham Amerika Serikat (AS) di Wall Street ditutup menguat pada perdagangan Senin waktu setempat setelah harga minyak melemah seiring meredanya ketegangan geopolitik. Sentimen positif muncul setelah Presiden AS Donald Trump membatalkan rencana serangan militer terhadap Iran dan memilih melanjutkan jalur diplomasi.
 
Mengutip Xinhua, Selasa, 4 Agustus 2026, indeks Dow Jones Industrial Average naik 693,38 poin atau 1,32 persen ke level 53.178,41. Sementara itu, S&P 500 menguat 110,78 poin atau 1,48 persen menjadi 7.600,50. Sedangkan Nasdaq Composite melonjak 540,04 poin atau 2,13 persen ke posisi 25.913,90.
 
Dari 11 sektor utama dalam indeks S&P 500, sebanyak delapan sektor ditutup di zona hijau. Sektor layanan komunikasi mencatat kenaikan tertinggi sebesar 4,3 persen, diikuti sektor barang konsumsi nonprimer yang menguat 2,68 persen.
 
Sebaliknya, sektor energi menjadi yang paling tertekan dengan penurunan 1,23 persen, disusul sektor barang konsumsi primer yang melemah 0,31 persen.

Baca selengkapnya: https://t.co/qLKjdYpD2x

#geopolitik #bursasahamamerikaserikat #wallstreet",Tue Aug 04 02:58:32 +0000 2026,Metro_TV,,False,5,0
fuel_prices,2084082229043745175,"Harga minyak dunia susut hampir 5% susulan rundingan baharu AS-Iran

https://t.co/E9uA3RLvJM",Mon Aug 03 01:01:38 +0000 2026,MalaysiaGazette,Kuala Lumpur,True,0,0
fuel_prices,2083381601539604932,https://t.co/PH3QiIZSGz,Sat Aug 01 02:37:35 +0000 2026,hoteliercrypto,"Bali, Indonesia",False,71,15
fuel_prices,2080633396238426516,"Garis-garis yang kamu torehkan di atas chart itu, pola Adam & Eve yang menjadi pijakan bottoming dari dasar 5.300, deretan higher high & higher low saat relief rally, hingga benteng resistance yang akhirnya mentok dan memicu koreksi, bukan sekadar lukisan teknikal tanpa jiwa. 

Mereka tidak lahir di ruang hampa. Di balik setiap batang candle yang memerah dan indikator yang melandai turun, ada narasi makro yang sedang berkecamuk.

​Begini kisahnya:

​1. Percikan Api di Timur Tengah
Semua bermula dari meningkatnya tensi perang antara AS dan Iran yang mengancam jalur logistik vital di Selat Hormuz. Selat ini memegang kendali atas ~20% pasokan minyak dunia. Ketika risiko pasokan meningkat, spekulasi pasar langsung memuncak.

​2. Lonjakan Harga Minyak ($100/Barel)
Kekhawatiran gangguan pasokan menerbangkan harga minyak mentah ke level US$100 per barel. Bagi perekonomian global, minyak adalah komponen biaya utama. Kenaikan tajam ini langsung memicu ancaman second-round inflation (inflasi energi).

​3. The Fed Kembali Hawkish
Ekspektasi pemangkasan suku bunga acuan AS langsung sirna. Menghadapi ancaman inflasi baru, The Fed dipaksa bertahan pada posisi higher for longer. Narasi easy money runtuh, digantikan oleh pengetatan likuiditas yang lebih lama.

​4. US10Y & DXY Melonjak Tajam
Suku bunga yang diperkirakan tetap tinggi mendorong yield imbal hasil obligasi AS tenor 10 tahun (US10Y) naik pesat ke 4.70%. Pada saat yang sama, penguatan Dolar AS memicu Indeks Dolar (DXY) melesat ke 101.4. Imbal hasil instrumen risk-free AS menjadi sangat menggiurkan bagi dana global.

​5. Capital Outflow dari Emerging Markets
Kombinasi US10Y yang tinggi dan DXY yang perkasa memicu fenomena flight to safety. Modal asing keluar (outflow) dari pasar berkembang, termasuk dari Surat Berharga Negara (SBN) Indonesia. Penjualan SBN ini mendorong yield obligasi pemerintah Indonesia (ID10Y) naik ke 7.37%.

​6. Pukulan Double ke Rupiah (~17.900/USD)
Sebagai negara net oil importer, lonjakan harga minyak membengkakkan beban impor BBM Indonesia dan memperlebar defisit transaksi berjalan. Ditambah dengan outflow dari pasar obligasi, nilai tukar Rupiah terdepresiasi parah mendekati 17.900 per USD.

​7. Langkah Relief Rally Terhenti di Resistance
Pendakian IHSG yang dibentuk oleh pola Adam & Eve dari bottom 5.317 ditopang akumulasi lokal dan rotasi taktis, akhirnya terhenti tepat di tembok resistance majemuknya. Spread yield yang makin menyempit dan risiko valas yang tinggi membekukan foreign inflow, memaksa indeks menyerah pada tekanan makro.

Pada akhirnya, garis-garis di layar chartmu itu bukanlah penentu takdir; ia hanyalah rekam jejak dari ketakutan dan keserakahan manusia yang merespons gejolak dunia. Ketika meriam bergema di Selat Hormuz dan pundi-pundi Dolar ditarik pulang, angka-angka di bursa hanyalah daun-daun kering yang berguguran ditiup angin makro. 

Kita tidak sedang bertaruh melawan chart, kita sedang membaca jejak sejarah yang sedang ditulis dengan tinta minyak dan darah.",Fri Jul 24 12:37:12 +0000 2026,aditoss,Indonesia,False,23,1
fuel_prices,2080205668632703449,"MALAYSIA PETANG INI
23 Julai 2026, Khamis
Siaran Langsung 5.00-5.30 Petang
@ Studio 2, Ground Floor Wisma BERNAMA
 
TAJUK
Geopolitik Asia Barat : Pacu Kenaikan Harga Bahan Api

TETAMU DI TALIAN (ZOOM)
1)SHAHRUL NIZAM MD RADZI
Naib Presiden,
Persatuan Pengusaha Stesen Minyak Bumiputera Malaysia (Bumipeda)

TAJUK
PERTAHANKAN
KEDAULATAN MALAYSIA, TOLAK CAMPUR TANGAN ASING

TETAMU DI TALIAN(ZOOM)
2)AHMAD FAHMI
MOHD SAMSUDIN
Presiden ABIM

Saksikan Malaysia Petang Ini dengan dua topik menarik yang akan dibincangkan iaitu mengenai pergerakan pasaran minyak dunia yang dipengaruhi konflik antara Amerika Syarikat (AS) dan Iran yang kembali memuncak selepas tempoh gencatan senjata berakhir dan juga berhubung isu Network School dimana ABIM berpandangan bahawa siasatan hendaklah diserahkan sepenuhnya kepada pihak berkuasa Malaysia.

Saluran ASTRO 502 / UNIFI TV 631 / MyTV 121
FB Live & YouTube Streaming: BERNAMA TV",Thu Jul 23 08:17:34 +0000 2026,BernamaTV,Kuala Lumpur,True,0,1
fuel_prices,2080131073959444530,"Bursa saham Amerika Serikat (AS) di Wall Street ditutup melemah pada perdagangan Rabu waktu setempat seiring sikap hati-hati investor yang menantikan laporan keuangan kuartal II dari Alphabet dan Tesla. Sentimen pasar juga dipengaruhi meningkatnya tensi perdagangan internasional serta kenaikan harga minyak akibat konflik geopolitik.
 
Mengutip Xinhua, Kamis, 23 Juli 2026, indeks Dow Jones Industrial Average turun tipis 6,06 poin atau 0,01 persen ke level 52.218,58. Sementara itu, S&P 500 terkoreksi 10,24 poin atau 0,14 persen menjadi 7.498,96 dan Nasdaq Composite melemah 146,3 poin atau 0,57 persen ke posisi 25.690,9.
 
Pergerakan sektor dalam indeks S&P 500 berlangsung beragam. Dari 11 sektor utama, enam sektor berhasil ditutup di zona hijau.
 
Sektor utilitas memimpin penguatan dengan kenaikan 2,29 persen, diikuti sektor material yang naik 1,45 persen. Sebaliknya, sektor jasa komunikasi mencatat penurunan terbesar sebesar 1,29 persen, disusul sektor barang konsumsi nonprimer yang turun 0,84 persen.

Baca selengkapnya: https://t.co/ytvB71Xz3U

#ekonomi #wallstreet #bursasahamamerikaserikat",Thu Jul 23 03:21:09 +0000 2026,Metro_TV,,False,0,0
fuel_prices,2080128836168261739,"MALAYSIA PETANG INI
23 Julai 2026, Khamis
Siaran Langsung 5.00-5.30 Petang
@ Studio 2, Ground Floor Wisma BERNAMA

TAJUK
Geopolitik Asia Barat : Pacu Kenaikan Harga Bahan Api

TETAMU DI TALIAN (ZOOM)
SHAHRUL NIZAM MD RADZI
Naib Presiden,
Persatuan Pengusaha Stesen Minyak Bumiputera Malaysia (Bumipeda)

Pergerakan pasaran minyak dunia dipengaruhi konflik antara Amerika Syarikat (AS) dan Iran yang kembali memuncak selepas tempoh gencatan senjata berakhir.

Ini didorong oleh kenaikan harga minyak mentah di paras inventori global yang semakin ketat serta ancaman gangguan terhadap penghantaran minyak dari Arab Saudi.

Nantikan perbincangan lanjut dalam Malaysia Petang Ini, jam 5 petang di Bernama TV.

Saluran ASTRO 502 / UNIFI TV 631 / MyTV 121
FB Live & YouTube Streaming: BERNAMA TV",Thu Jul 23 03:12:16 +0000 2026,BernamaTV,Kuala Lumpur,True,0,0
fuel_prices,2079929835267539325,"Harga runcit RON97 dan RON95 tanpa subsidi masing-masing meningkat 20 sen seliter manakala harga diesel tanpa subsidi meningkat 35 sen seliter bagi tempoh 23 Julai hingga 29 Julai ini. 

Kementerian Kewangan (MOF) memaklumkan harga runcit RON97 ditetapkan RM4.20 seliter berbanding RM4 sebelum ini manakala RON95 tanpa subsidi RM3.62 seliter berbanding RM3.42 seliter. 

Harga diesel tanpa subsidi pula ditetapkan RM4.42 seliter berbanding RM4.07 seliter sebelum ini. 

Menurut MOF, harga produk petroleum tanpa subsidi dipengaruhi pergerakan pasaran minyak dunia pada minggu terdahulu, menyaksikan harga minyak mentah Brent meningkat 16 peratus sepanjang minggu lepas susulan konflik Amerika Syarikat dan Iran kembali memuncak selepas berakhirnya tempoh gencatan senjata.

#digitalbernamatv
#petrol
#diesel",Wed Jul 22 14:01:30 +0000 2026,BernamaTV,Kuala Lumpur,True,0,1
fuel_prices,2079922635190976646,"Harga runcit RON97 dan RON95 tanpa subsidi meningkat 20 sen seliter, diesel tanpa subsidi naik 35 sen seliter

#BHnasional Harga minyak mentah Brent meningkat 16 peratus sepanjang minggu lalu apabila konflik antara AS dan Iran kembali memuncak selepas berakhirnya tempoh gencatan senjata. 

https://t.co/mxC8qdEyJq",Wed Jul 22 13:32:53 +0000 2026,bharianmy,Malaysia,True,1,0
fuel_prices,2079918394841964807,"RON97, RON95 tanpa subsidi naik 20 sen, diesel meningkat 35 sen bermula Khamis

Harga runcit RON97 dan RON95 tanpa subsidi masing-masing naik 20 sen seliter, manakala diesel tanpa subsidi meningkat 35 sen seliter bagi tempoh 23 hingga 29 Julai 2026 susulan kenaikan harga minyak mentah dunia yang didorong ketegangan geopolitik di Asia Barat.

#RON95 #RON97 #subsidi #MADANIBekerja 

Artikel https://t.co/6k6xXun9Kg",Wed Jul 22 13:16:03 +0000 2026,SinarOnline,Malaysia,True,0,0
fuel_prices,2079910999986217308,"RON97, RON95 tanpa subsidi naik 20 sen, diesel meningkat 35 sen bermula Khamis

Peningkatan harga itu susulan kenaikan harga minyak mentah dunia yang didorong ketegangan geopolitik di Asia Barat.
#SinarHarian #petrol #diesel #harga

https://t.co/6k6xXun9Kg",Wed Jul 22 12:46:39 +0000 2026,SinarOnline,Malaysia,True,0,1
fuel_prices,2079839701058396357,"#kualalumpur Risiko lonjakan harga minyak mentah susulan ketegangan geopolitik yang semakin memuncak di Asia Barat dijangka memberi kesan berganda kepada Malaysia termasuk peningkatan kos sara hidup, kestabilan fiskal, pelaburan dan pertumbuhan ekonomi.
https://t.co/loAhGQtIrQ https://t.co/MWjMord58Z",Wed Jul 22 08:03:20 +0000 2026,hmetromy,Malaysia,True,1,0
fuel_prices,2079801864422621241,"Majlis Minyak Sawit Malaysia (MPOC) memaklumkan, ketegangan yang kembali memuncak antara Amerika Syarikat (AS) dan Iran menyebabkan harga minyak gas meningkat 30 peratus antara awal hingga pertengahan Julai, 

https://t.co/luzaysbFTr https://t.co/9RHjOge4sA",Wed Jul 22 05:32:59 +0000 2026,beritartm,,False,1,1
fuel_prices,2079766452517957965,"Harga minyak sawit naik di tengah eskalasi AS–Iran

Harga minyak sawit mencapai level tertinggi  hampir sebulan, didorong kenaikan harga minyak mentah akibat memanasnya konflik AS–Iran. Namun, kenaikannya berpotensi dibatasi oleh melimpahnya pasokan dari Indonesia dan Malaysia https://t.co/5H5TckZWeL",Wed Jul 22 03:12:17 +0000 2026,blck_adriano,,False,3,1
fuel_prices,2079398704919015661,"Bursa saham Asia menguat pada Selasa (21/7/2026), seiring meredanya harga minyak dari level tertinggi dalam satu bulan setelah muncul upaya mediasi di Timur Tengah.

Di saat yang sama, investor bersiap menghadapi musim laporan keuangan perusahaan yang diperkirakan menjadi ujian bagi reli saham berbasis kecerdasan buatan (AI) yang mulai mendapat tekanan.

Melansir dari Reuters, kelompok Houthi di Yaman yang didukung Iran menyatakan akan memberlakukan blokade laut terhadap Arab Saudi.

Langkah tersebut berpotensi semakin mengganggu pasokan energi di tengah saling serang antara Amerika Serikat (AS) dan Iran, meski berbagai upaya terus dilakukan untuk menghidupkan kembali gencatan senjata yang masih rapuh.

Baca selengkapnya di
https://t.co/8KwgyR0bKk

Atau klik link di Bio @idx_channel

Foto: Reuters

#idxchannel #idxchannelcommunity #BursaAsia #BursaSahamAsia #Saham",Tue Jul 21 02:50:59 +0000 2026,idx_channel,Jakarta Capital Region,False,3,0
fuel_prices,2079258915775410179,"*BURSA SORE*
Mon, Jul 20, 2026 16:37 WIB

*""Bara Konflik Hormuz Tahan Laju Saham Asia, IHSG Berkibar""*

◇ IHSG ditutup naik 0,91% ke level 6.231, sektor industri terkuat (+3,44% dari HEXA, SMSM).
◇ Bursa Asia campuran (Kospi -4,46%, Hang Seng +2,36%) karena konflik AS-Iran memanas dan harga minyak menembus $90.
◇ Harga minyak Brent naik 1,17% ke $89,13 akibat eskalasi serangan di Selat Hormuz, rupiah melemah tipis ke Rp17.948

Ipotnews - Indeks Harga Saham Gabungan (IHSG) berakhir hijau di ujung perdagangan hari Senin (20/7). IHSG menguat 0,91% (56 poin) ke level 6.231. 

Volume perdagangan yang tercatat mencapai 338,3 juta lot saham. Dengan volume perdagangan tersebut, nilai transaksi yang dibukukan Rp15,43 triliun.

Saham top gainers LQ45: DEWA, CUAN, BRPT, BUMI, AKRA, AADI, MEDC. 
Saham top losers LQ45: CPIN, TOWR, PGEO, BMRI, SCMA, ASII, MAPI.

Sektor industri masih di posisi terkuat, naik 3,44%. Saham-saham di sektor ini yang menguat di antaranya HEXA, INDS, SMSM. 

Sedangkan sektor teknologi terloyo, turun 0,56%. Sebagian besar emiten dari sektor ini bergerak stagnan di antaranya TDPM, MTEL, MFON, GOTO, EDGE, BUKA. 

*Bursa Asia*
Pasar saham Asia variatif pada perdagangan hari Senin (20/7) seiring konflik di Selat Hormuz yang terus meningkat. Konflik ini mendorong kenaikan harga minyak dan memicu kekhawatiran inflasi. 

Di sisi lain pekan ini yang penuh dengan rilis laporan keuangan kuartal II perusahaan teknologi besar akan semakin menguji kepercayaan investor pada perdagangan kecerdasan buatan. 

Militer AS melakukan serangan hari kesembilan berturut-turut terhadap Iran, yang pada gilirannya menyerang target di seluruh wilayah. Hanya segelintir kapal yang melintasi Selat Hormuz pada hari Minggu dan Teheran mengklaim telah meledakkan dua kapal tanker. 

""Semakin lama Hormuz tetap tertutup dan perang meningkat, semakin besar risiko bahwa harga minyak akan naik hingga sekitar $150/barel untuk menurunkan permintaan agar sesuai dengan penurunan pasokan,"" kata Shane Oliver, kepala strategi investasi di manajer dana AMP. ""Ini bukan skenario dasar kami, tetapi ini kembali berisiko tinggi."" 

Lonjakan biaya bahan bakar telah menghidupkan kembali kekhawatiran tentang inflasi meskipun inflasi AS secara mengejutkan turun. Kekhawatiran inflasi menyebabkan pasar berjangka memperkirakan kenaikan suku bunga Federal Reserve sebesar 29 basis poin pada akhir tahun.

""Perkiraan kami kenaikan suku bunga Fed akan terjadi secara bertahap pada tahun 2027, tetapi keseimbangan risiko bergeser ke arah kenaikan yang lebih awal dari perkiraan,"" kata Bruce Kasman, kepala ekonom di JPMorgan, seraya mencatat adanya kecenderungan kebijakan Fed yang lebih agresif baru-baru ini. 

Kontrak berjangka menunjukkan peluang 60% kenaikan suku bunga paling cepat pada bulan September, mendorong imbal hasil obligasi Treasury 30 tahun kembali di atas ambang batas psikologis 5,0%.

*Indeks Saham Asia*
Indeks Nikkei225 (Jepang) n/a
Indeks Topix (Jepang) n/a
Shanghai Composite (China) +0,85% ke 3.796
Shenzhen Component (China) -0,71% ke 13.610 
CSI 300 (China) +1,53% ke 4.598.
Hang Seng (Hong Kong) +2,36% ke 25.143
Indeks Kospi (Korsel) -4,46% ke 6.516
Taiex (Taiwan) -0,52% ke 42.449
S&P/ASX200 (Australia) -0,06% ke 8.791                                               
                                                                                                                                                                                                               
*Asia Currencies*
Yen up 0,02% menjadi 162,37 per USD                                                                            
SGD naik 0,12% menjadi 1,2901 per USD                                                                                
AUD up 0,20% ke posisi 0,6998 per USD",Mon Jul 20 17:35:30 +0000 2026,dinoorennn,,False,2,1
fuel_prices,2079032145239224403,"Rupiah melemah, sementara IHSG masih menguat pada awal perdagangan Senin (20/7/2026), di tengah lonjakan harga minyak dunia akibat memanasnya kembali konflik Amerika Serikat dan Iran.

Simak selengkapnya: https://t.co/U1hLOH6lSy https://t.co/BEzRJ3dMgi",Mon Jul 20 02:34:24 +0000 2026,BloombergTZ,Jakarta,False,6,2
fuel_prices,2079031727532728624,"[Marketstudio Update]
Ngopi Pagi
Edisi 20 Juli 2026

Kondisi pasar keuangan saat ini tengah diwarnai oleh beragam sentimen yang membuat pergerakan aset cenderung bervariasi dan berhati-hati. Di Amerika Serikat, indeks dolar (DXY) bergerak stagnan di tengah bursa saham utama seperti Dow Jones, S&P 500, dan Nasdaq yang kompak melemah. Hal ini dipicu oleh rilis data ekonomi AS yang saling bertolak belakang bisa dilihat dari sentimen konsumen dan pembangunan rumah baru meningkat, namun izin mendirikan bangunan serta produksi industri justru tumbuh di bawah ekspektasi pasar. 

Di luar faktor ekonomi, eskalasi ketegangan geopolitik menjadi fokus utama. Konflik antara AS dan Iran yang kembali memuncak membuat harga minyak mentah Brent menembus level $90 per barel. Ditambah lagi dengan serangan intensif Rusia ke Ukraina dan dinamika politik di Eropa maupun Asia, pasar global saat ini diselimuti oleh tingkat ketidakpastian yang cukup tinggi.

(A Thread)",Mon Jul 20 02:32:45 +0000 2026,gilangrmdhn,Jakarta. Bandung. Balikpapan.,False,2,1
fuel_prices,2077946131972309422,"Rupiah dan bursa saham RI bergerak di zona hijau pada perdagangan Jumat pagi (17/7/2026), meski sempat tertekan di awal sesi di tengah kenaikan harga minyak dunia dan meningkatnya ketidakpastian geopolitik di Timur Tengah. 

Simak selengkapnya: https://t.co/LpR5JOxT3R https://t.co/IUNZgiYT4C",Fri Jul 17 02:38:58 +0000 2026,BloombergTZ,Jakarta,False,8,0
fuel_prices,2077408600046403653,"Kenaikan itu berdasarkan formula Mekanisme Harga Automatik (APM) dan dipengaruhi pergerakan pasaran minyak dunia pada minggu terdahulu. 
#AWANInews #AWANI745 
https://t.co/fX1JI5V5gJ",Wed Jul 15 15:03:01 +0000 2026,501Awani,Malaysia,True,1,0
fuel_prices,2077373310808342659,"Sedar atau tidak, Iran baru saja sekali lagi umumkan penutupan Selat Hormuz. 

Ini apa yang kita semua perlu tahu dan bersedia mental dan fizikal, jadi dengar sampai habis.

Ringkasnya, Selat Hormuz ditutup sekali lagi kerana ada ketegangan baru selepas serangan terkini Amerika Syarikat terhadap Iran pada 8 Julai yang lepas.

Walau pun Selat Hormuz ditutup semula, sebahagian trafik komersial dilaporkan masih bergerak walaupun sedikit.

Tetapi itu tak boleh buat kita selesa sama sekali, sama ada Kerajaan atau pun rakyat. Ini bermakna ekonomi kita sekali lagi terdedah kepada segala ketidaktentuan dari luar. 

Kerajaan, peniaga, rakyat dan semua pihak perlu bersedia dengan kesan daripada tekanan kepada harga minyak, kos pengangkutan, tempoh penghantaran dan harga bahan mentah global. 

Isu yang paling penting ialah bekalan dan harga makanan untuk rakyat. Ini saya update dalam Sidang Media Taklimat Krisis Tenaga Global.

Kita juga perlu kurangkan tekanan yang ditanggung pesawah akibat peningkatan kos pengeluaran supaya tidak menjejaskan pengguna. Sebab itu sebanyak RM45.98 juta telah diagihkan melalui Insentif Pembajakan Kepada Pesawah, melibatkan 118,908 pesawah di Semenanjung Malaysia.

Satu lagi yang penting adalah untuk menangani cabaran industri terhadap rantaian tekanan bekalan global.

Sebab bila krisis ini berpanjangan, industri mula terasa kesan dan seterusnya kepada kita semua pengguna.

Dia lebih complicated dari apa yang disangka. Satu contoh saja, apabila apabila industri plastik tertekan, kesannya boleh merebak kepada pembungkusan makanan, komponen E&E, automotif, peranti perubatan, pembinaan, pertanian dan eksport pembuatan.

Ini Kerajaan tangani dengan membangunkan ekosistem rantaian bekalan kita dengan cepat supaya kita tidak bergantung sepenuhnya dari luar.

Mungkin ada yang tanya, kenapa saya terus ingatkan semua cabaran-cabaran ini. 

Sepatutnya saya cakap sajalah semuanya baik-baik, jangan risau.

Peranan saya di Kementerian Ekonomi adalah untuk laporkan keadaan sebenar yang berlaku. Jadi kita semua tak boleh lalai dan ambil tindakan yang sepatutnya dengan pantas, termasuklah Kerajaan, peniaga dan rakyat.

Kita semua tak boleh leka dan perlu menyesuaikan diri dengan cabaran ekonomi akibat konflik di Asia Barat yang masih belum surut.",Wed Jul 15 12:42:47 +0000 2026,akmalnasir,"Johor Bahru, Johor",True,82,30
fuel_prices,2076483173589062012,"Perjanjian gencatan senjata yang masih rapuh susulan serangan yang masih berterusan antara AS dan Iran telah menyebabkan harga minyak mentah serta hasil bon Perbendaharaan AS kekal tinggi.

https://t.co/j74WArfn2V

#AWANInews #AWANIpagi",Mon Jul 13 01:45:42 +0000 2026,501Awani,Malaysia,True,0,0
fuel_prices,2076464884792049671,"Harga minyak melonjak lebih 3.5 peratus susulan konflik baharu AS-Iran

https://t.co/u8ctkTpNcY",Mon Jul 13 00:33:02 +0000 2026,MalaysiaGazette,Kuala Lumpur,True,1,0
fuel_prices,2075296777625116776,"saham global kacau, dengan harga minyak melonjak dan bursa di Asia anjlok hingga 5%.

Apa yang dapat diharapkan Trump?

🔴 Meredakan tekanan domestik dari kelompok neokonservatif di Washington dan lobi Israel, yang keduanya tidak akan menerima situasi di mana Iran yang sibuk—",Thu Jul 09 19:11:23 +0000 2026,yo2thok,Moscow,False,4,0
fuel_prices,2075154136937710035,"Bursa saham Amerika Serikat (AS) di Wall Street ditutup bervariasi (mixed) pada perdagangan Rabu waktu setempat menyusul pernyataan Presiden AS Donald Trump bahwa gencatan senjata antara AS dan Iran telah berakhir, disertai ancaman peluncuran serangan militer lanjutan. Eskalasi geopolitik yang mendadak ini langsung memicu lonjakan harga minyak mentah global dan mempertebal kekhawatiran investor terhadap risiko pasar. Mengutip laporan Xinhua pada kamis (9/7/26), indeks Dow Jones Industrial Average terpangkas paling dalam sebesar 1,09 persen ke level 52.348,39. Sementara itu, indeks S&P 500 melemah tipis 0,28 persen menjadi 7.482,71, sedangkan indeks Nasdaq Composite bergerak melawan arah dengan menguat 0,20 persen ke posisi 25.870,65.

#wallstreet #dowjones #sp500 #nasdaq",Thu Jul 09 09:44:35 +0000 2026,Metro_TV,,False,0,0
fuel_prices,2074824832114725064,"Asia Barat kembali tegang, ringgit jatuh kepada RM4.07 sedolar

#BHbisnes Harga minyak mentah meningkat ketara susulan serangan tentera AS terhadap pasukan Iran.

https://t.co/JGWi3X8Iyp",Wed Jul 08 11:56:03 +0000 2026,bharianmy,Malaysia,True,3,0
fuel_prices,2074788448540795337,"Harga minyak naik lebih 5% selepas Trump umum gencatan senjata Iran berakhir

https://t.co/xRuCVbdILO",Wed Jul 08 09:31:28 +0000 2026,MalaysiaGazette,Kuala Lumpur,True,0,0
fuel_prices,2074667681568215145,"Harga minyak naik ekoran serangan AS di Iran

https://t.co/XcHrUxPMqA",Wed Jul 08 01:31:35 +0000 2026,UMonline,Malaysia,True,3,0
fuel_prices,2072651504419528840,"Adakah Malaysia benar-benar bersedia menghadapi krisis tenaga global?

Gangguan di Selat Hormuz bukan sekadar isu geopolitik. Ia berpotensi menaikkan harga minyak, menekan subsidi kerajaan, dan meningkatkan kos sara hidup rakyat Malaysia. Persoalannya bukan lagi sama ada kita terkesan, tetapi sejauh mana kita bersedia.

Penasihat penyelidik kami, Prof. Jomo Kwame Sundaram, menegaskan bahawa walaupun Malaysia merupakan pengeksport minyak dan gas, negara masih bergantung kepada import untuk memenuhi keperluan tenaga. Pada masa yang sama, kebergantungan kepada bahan api fosil serta peralihan tenaga yang masih perlahan terus mendedahkan Malaysia kepada risiko kejutan global.

Keadaan ini menuntut dasar yang lebih proaktif dengan mempercepat penggunaan tenaga solar serta memperkukuh keselamatan tenaga dan makanan bagi meningkatkan daya tahan negara.

Tonton perbincangan penuh di saluran YouTube @501Awani : https://t.co/aCrcVbcPMa

#KhazanahResearchInstitute #KRI #AdvancingMalaysia #krisistenaga #keselamatantenaga",Thu Jul 02 12:00:01 +0000 2026,KRInstitute,,False,3,1
fuel_prices,2071866452446228581,"Pemerintah Malaysia memperkirakan volatilitas harga energi global masih akan berlanjut hingga dua tahun mendatang. 

Ketidakpastian geopolitik, gangguan rantai pasok, serta dinamika pasar minyak dan gas dinilai masih menjadi faktor utama yang memengaruhi harga energi dunia. 

https://t.co/mtbhIrLvEm 

#SINDONews #SINDONewscom #SINDNewsbeyondheadlines #SINDONewsTV #iNewsMediaGroup #HargaEnergi #Malaysia #MinyakDunia #EkonomiGlobal #Energi",Tue Jun 30 08:00:30 +0000 2026,SINDOnews,"Jakarta Pusat, DKI Jakarta",False,0,0
fuel_prices,2069222977011642627,"Bursa saham Asia diperkirakan menguat pada Selasa (23/6/2026) karena optimisme pasar terhadap kemajuan pembicaraan damai antara AS dan Iran yang membuat harga minyak lebih stabil.

Simak selengkapnya: https://t.co/CiNkv3Mn2A https://t.co/oNWE3ZVpkG",Tue Jun 23 00:56:16 +0000 2026,BloombergTZ,Jakarta,False,5,0
fuel_prices,2068976357196145112,"Minyak mentah Brent menyusut AS$1.68 atau 2.09 peratus kepada AS$78.89 setong (kira-kira RM324) setakat jam 2.33 petang waktu Malaysia.

#AWANInews #AWANI745

https://t.co/xJzlORj4Ar",Mon Jun 22 08:36:17 +0000 2026,501Awani,Malaysia,True,1,0
fuel_prices,2068085972802339023,"Kestabilan harga minyak global tidak dapat dicapai serta-merta dan pemulihan itu turut mengambil kira kos logistik, pengangkutan dan insurans yang meningkat sepanjang tempoh krisis berkenaan.

#AWANInews #AWANIpagi

https://t.co/1baX2LbApa",Fri Jun 19 21:38:13 +0000 2026,501Awani,Malaysia,True,1,1
fuel_prices,2067943638328607075,"""Asyik Terbang Ke Luar Negara?"" – Mengapa Lawatan Ke Rusia Kali Ini Berbeza Dan Membuka Mata.

Bila kita dengar Perdana Menteri terbang lagi ke luar negara, saya faham sangat kalau ada yang mengeluh kecil dan berkata, ""Asyik ke luar negara je, apa hasilnya untuk kita yang tengah bergelut cari rezeki kat bawah ni?""

Sejujurnya, keraguan itu sangat wajar. Kita berhak menuntut hasil yang nyata.

Tetapi, bila saya ambil masa sejenak untuk meneliti hasil misi Misi Diplomasi MADANI di Kazan, Rusia kali ini, perlahan-lahan sudut pandang saya berubah. Ini bukan lawatan sambil lewa atau sekadar nak bergambar di pentas dunia. Perjumpaan empat mata bersama Presiden Vladimir Putin sebenarnya membuka satu pintu yang sangat besar untuk kelangsungan hidup kita.

Pernahkah kita terfikir bagaimana harga barang boleh distabilkan? Salah satu caranya adalah dengan melepaskan pergantungan kita kepada Dolar AS. Di meja perundingan tersebut, Malaysia dan Rusia secara serius membincangkan pemansuhan visa serta perdagangan menggunakan mata wang tempatan, iaitu Ringgit dan Ruble. 

Ini langkah berani yang jarang-jarang pemimpin dunia ketiga berani utarakan di hadapan kuasa besar. Selain itu, ada komitmen jangka panjang untuk bekalan tenaga dan minyak negara, penerokaan pelaburan digital, serta pertanian moden. Ini semua adalah 'talian hayat' ekonomi masa depan anak cucu kita.

Satu perkara yang benar-benar menyentuh hati saya adalah ketika di Forum Perniagaan Rusia-ASEAN. Di hadapan pemimpin antarabangsa dan tokoh korporat, Dato' Seri Anwar Ibrahim tidak memfokuskan kepada angka kapitalis semata-mata. 

Beliau memetik kata-kata penyair agung Tatarstan, Abdullah Tukay: ""Hanya dalam berkhidmat untuk rakyat, saya menemui kebahagiaan sejati"". 

Beliau mengingatkan dunia bahawa walau apa pun kerjasama ekonomi yang dibina, matlamat akhirnya wajiblah untuk kesejahteraan rakyat biasa.

Bukan itu sahaja, Malaysia terus dihormati kerana kelantangan suara kita bergema mempertahan isu Gaza dan Iran, dan ini mendapat sokongan serta pendirian konsisten daripada pihak Rusia. Suara kita didengari dan dihormati di pentas antarabangsa.

Mungkin hari ini, kita belum nampak duit itu terus masuk ke dalam poket kita. Membina ekonomi negara bukanlah magis semalaman. Tetapi percayalah, 'pagar' ekonomi, keselamatan, dan maruah negara sedang dibina dengan cukup kukuh di luar sana. 

Berilah sedikit ruang dan kepercayaan untuk benih diplomasi ini tumbuh dan membuahkan hasil buat kita semua. 

#DiplomasiMADANI #MalaysiaMADANI #anwaribrahim #PakatanHarapan #keadilanuntuksemua",Fri Jun 19 12:12:38 +0000 2026,jasonyew,Kuala Lumpur,True,121,28
fuel_prices,2067829661804241360,"#TOP10 Berita popular di #SinarHarian pada 19 Jun 2026

TOP 1 l  Rohingya: Pulau Bidong sudah mengajar kita
https://t.co/ekvX5FWSlj

TOP 2 l Berang ibu enggan bayar sewa kondo, anak pandu SUV masuk kolam renang
https://t.co/1l17c76s4W

TOP 3 l Tekanan kos sara hidup: Selangor tawar moratorium tiga bulan
https://t.co/TOTyusY0a7

TOP 4 l Azizah si cantik manis yang buat satu Malaysia marah
https://t.co/p4OQJIYp7u

TOP 5 l Tamparan hebat kepada musuh Iran
https://t.co/I1RbCVm7tS

TOP 6 l 'Saya tumpang rezeki legasi Tun Razak'
https://t.co/s509Ch5XDn

TOP 7 l Harga minyak turun, siapa paling untung?
https://t.co/Leqdz4xyIV

TOP 8 l Iran untung besar
https://t.co/EDGpCK1Upm

TOP 9 l  Kone patah kaki, Kanada hilang tonggak di sebalik pesta gol
https://t.co/ay2VKezWQu

TOP 10 l Lee Kang-in dilayangkan kad kuning seawal minit ke-4
https://t.co/UbQtCV31DS",Fri Jun 19 04:39:44 +0000 2026,SinarOnline,Malaysia,True,0,0
fuel_prices,2067461709665796409,"Jika Perdana Menteri Bukan Anwar, Saya Boleh Katakan Hari Ini USD1=RM5 - Arul Kumar 

Oleh Mynewshub 

SEREMBAN - Nilai ringgit hari ini RM5 berbanding dolar Amerika Syarikat (AS) jika Perdana Menteri Malaysia bukan Datuk Seri Anwar Ibrahim.

Penyandang Exco Kerajaan Negeri Sembilan, J Arul Kumar berkata, nilai ringgit semakin mengukuh berbanding dolar AS dibawah pentadbiran Anwar.

""Nilai ringgit menunjukkan pengukuhan berbanding dolar AS berbanding ketika awal pentadbiran beliau. 

""Hari pertama Anwar menjadi Perdana Menteri USD1 = RM 4.70 dan hari ini USD1 = RM4. Nilai mata wang ringgit terus naik. 

""Jika Perdana Menteri bukan Anwar, saya boleh katakan hari ini USD1 = RM5,"" katanya dalam satu kenyataan di media sosial.

Arul Kumar yang juga Naib Pengerusi Kebangsaan DAP berkata, pelaburan domestik dan asing juga terus mencatat peningkatan.

Menurut beliau, ia termasuk kelulusan pelaburan yang tinggi dalam sejarah Malaysia 
RM427 bilion bagi tahun 2025.

Kata beliau, kerajaan Anwar berjaya mengurus cabaran berkaitan bekalan dan harga tenaga di tengah-tengah ketidaktentuan geopolitik dunia.

""Dalam tempoh tiga bulan berlaku peperangan Malaysia masih mempunyai bekalan minyak,"" katanya. 

Selain itu, katanya, program Sumbangan Tunai Rahmah (STR) dan Sumbangan Asas Rahmah (SARA) terus diperkukuh.

""Adaalah adil untuk menilai seseorang pemimpin berdasarkan keseluruhan prestasi dan pencapaiannya, bukan hanya berdasarkan kelemahan tertentu,"" katanya. - MYNEWSHUB

Sumber Info/Foto: Akaun Media Sosial Arul Kumar Jambunathan",Thu Jun 18 04:17:37 +0000 2026,mynewshub,Malaysia,True,26,5
fuel_prices,2067203126948683829,"Pembukaan semula Selat Hormuz dijangka memberi impak positif kepada ekonomi Malaysia menerusi pengukuhan nilai ringgit, penurunan harga minyak mentah dan pengurangan tekanan inflasi.
 
Ketua Ahli Ekonomi Bank Muamalat Malaysia Berhad Dr Mohd Afzanizam Abdul Rashid berkata perkembangan itu turut meningkatkan sentimen pasaran susulan laluan perdagangan strategik berkenaan kembali beroperasi seperti biasa selepas ketegangan geopolitik di rantau terbabit.

#mediaselangor #kliksemasa #selathormuz  #BeritaSelangor #Selangor #Ekonomi #Ringgit",Wed Jun 17 11:10:06 +0000 2026,Media_Selangor,Shah Alam,False,4,0
fuel_prices,2067056746854486352,"Presiden AS Donald Trump mengumumkan bahwa pihaknya telah menandatangani kesepakatan awal (memorandum kesepahaman) terkait perdamaian dengan Iran. Pengumuman ini disampaikan di sela-sela KTT G7 di Prancis pada Senin, 15 Juni 2026. Fokus utama dari kesepakatan ini adalah penghentian permusuhan, pembukaan kembali jalur maritim global, serta komitmen untuk memastikan Iran tidak memiliki senjata nuklir.

Trump berharap Selat Hormuz akan kembali dibuka ""sepenuhnya"" untuk pelayaran komersial tanpa pungutan biaya mulai Jumat, 19 Juni 2026. Namun, pejabat senior AS memperkirakan lalu lintas baru akan benar-benar normal dalam waktu dua pekan.

Pasca-kesepakatan digital yang ditandatangani pada Minggu, 15 Juni, kedua negara memasuki masa negosiasi teknis selama 60 hari untuk membahas rincian program nuklir Iran dan detail lainnya.

Memorandum tersebut ditandatangani oleh Presiden Donald Trump, Wakil Presiden AS J.D. Vance, dan Ketua Parlemen Iran Mohammad Bagher Qalibaf. Upacara peresmian resmi dijadwalkan berlangsung di Jenewa, Swiss, pada Jumat, 19 Juni 2026, dan akan dihadiri oleh J.D. Vance.

AS menegaskan tidak akan melonggarkan sanksi sampai Iran memenuhi semua kewajibannya. Selain itu, militer AS tetap mempertahankan postur pasukannya di Timur Tengah selama proses pembicaraan berlangsung guna memastikan kepatuhan Iran.

Pengumuman damai ini langsung direspons positif oleh pasar dengan penurunan signifikan harga minyak mentah dan melonjaknya bursa saham.

Pembukaan kembali Selat Hormuz—yang dilalui 20% pasokan minyak dunia sebelum konflik—menjadi prioritas utama pemerintah AS guna menekan lonjakan harga gas domestik dan meredam inflasi menjelang pemilu paruh waktu (novemver mendatang).

Meski setuju tidak memungut biaya tol komersial, pihak Iran tetap menyatakan akan menarik biaya terkait keselamatan maritim dan perlindungan lingkungan. 

Baca selengkapnya disini: https://t.co/lLQx7CK7be",Wed Jun 17 01:28:27 +0000 2026,VIVAcoid,,False,2,0
fuel_prices,2067036926457114685,"Perjanjian tamat perang AS-Iran 'kemenangan' kepada global

#BHnasional #MindaPengarang Pembukaan semula Selat Hormuz, antara laluan minyak terpenting dunia, memberi isyarat positif kepada pasaran dan membantu meredakan tekanan terhadap harga tenaga yang menggugat fiskal Malaysia.

https://t.co/0Yb53sNG7S",Wed Jun 17 00:09:41 +0000 2026,bharianmy,Malaysia,True,3,0
food_prices,2079740083893309660,"Bagaimana Malaysia kekal bekalan di saat konflik global semakin menekan?  

Konflik global, harga minyak yang tidak menentu dan gangguan rantaian bekalan memberi tekanan kepada banyak negara.  Namun, Malaysia masih berjaya mengekalkan bekalan makanan, bahan api dan logistik dalam keadaan stabil.  Bagaimana kerajaan melakukannya?  

#BeritaFMT",Wed Jul 22 01:27:30 +0000 2026,fmtoday,Malaysia,True,2,0
food_prices,2079498824700367129,https://t.co/uaWD18M6Fj,Tue Jul 21 09:28:49 +0000 2026,RidhaIntifadha,Jakarta Capital Region,False,12,0
food_prices,2076603499601973250,"Bekalan makanan ruji negara itu ketika ini berada pada tahap stabil dan mencukupi meskipun dunia berdepan ketidaktentuan geopolitik

#AWANInews #AWANI745

https://t.co/EjbGsQRP2i",Mon Jul 13 09:43:50 +0000 2026,501Awani,Malaysia,True,0,0
food_prices,2067870304630903185,"KHPM Melaka Perkukuh Ekosistem Keusahawanan, Sasar Limpahan Ekonomi Kepada Negeri

Karnival Hebatkan Perniagaan Malaysia (KHPM) Edisi Melaka yang berlangsung selama tiga hari bermula 19 hingga 21 Jun ini di Morten Walk menyasarkan kehadiran lebih 50,000 pengunjung.

Penganjuran kali kedua karnival di bawah inisiatif Hebatkan Perniagaan Malaysia oleh Kementerian Pembangunan Usahawan dan Koperasi (KUSKOP) itu membawa tema “Jom Singgah SDSI” dengan fokus memperkukuh budaya keusahawanan, memperluaskan akses pasaran serta membuka peluang jaringan perniagaan kepada usahawan tempatan. Program tersebut merupakan cetusan idea Menteri Pembangunan Usahawan dan Koperasi, Steven Sim Chee Keong.

KHPM Edisi Melaka menghimpunkan pelbagai program yang memberi manfaat secara langsung kepada rakyat, khususnya usahawan Perusahaan Mikro, Kecil dan Sederhana (PMKS) serta koperasi menerusi pameran produk, sesi perkongsian ilmu, padanan perniagaan dan khidmat nasihat keusahawanan.

Antara tarikan utama yang dijangka menjadi tumpuan pengunjung ialah Jualan MADANI KUSKOP (JMK) yang menawarkan diskaun sehingga 20 peratus bagi 60 jenis barangan keperluan asas termasuk beras, tepung, bahan pencuci, ayam, daging, telur dan minyak masak.

Lebih menarik, promosi happy hour pada tengah hari 21 Jun akan menyaksikan beberapa barangan keperluan asas dijual pada harga sehingga 30 peratus lebih rendah berbanding harga pasaran. Program itu menyasarkan potensi jualan sebanyak RM135,000 sepanjang tiga hari penganjuran.

Selain membantu rakyat mendapatkan barangan pada harga lebih berpatutan, karnival tersebut turut menyediakan pelbagai peluang kepada usahawan untuk mengembangkan perniagaan menerusi sesi padanan perniagaan (business matching), pameran produk serta khidmat konsultasi keusahawanan.

Bagi memudahkan urusan usahawan mendapatkan maklumat berkaitan pembiayaan, geran, latihan dan pembangunan perniagaan, KUSKOP bersama sembilan agensi di bawah kementerian itu turut membuka Kaunter Konsultasi Keusahawanan sepanjang tempoh karnival berlangsung.

Program Satu Daerah Satu Industri (SDSI) yang menjadi antara tunjang utama penganjuran pula terus memainkan peranan dalam memperkasa produk dan perkhidmatan tempatan, sekali gus memperkenalkan potensi serta kualiti produk keluaran usahawan SDSI kepada masyarakat dan pelancong.

Menteri Pembangunan Usahawan dan Koperasi, Steven Sim Chee Keong, berkata penganjuran KHPM dijangka memberi limpahan ekonomi kepada Melaka melalui peningkatan aktiviti perniagaan, aliran pengunjung dan permintaan terhadap sektor sokongan termasuk perhotelan, makanan dan minuman (F&B) serta perkhidmatan pengangkutan tempatan. - MYNEWSHUB",Fri Jun 19 07:21:14 +0000 2026,mynewshub,Malaysia,True,2,0
food_prices,2064635715619795105,"Walaupun konflik berlaku jauh dari rantau kita, kesannya tetap sampai ke ekonomi kita.

Perang atau krisis geopolitik bukan hanya soal keselamatan. Ia boleh memberi kesan kepada harga tenaga, kos makanan, rantaian bekalan, perdagangan dan keyakinan pelabur.

Di Oxford, saya menyertai perbincangan meja bulat bertajuk “Impact of the Iran crisis on Asian and African economies”, dipengerusikan oleh Prof Stefan Dercon, Professor of Economic Policy di Blavatnik School of Government, University of Oxford.

Turut hadir ialah Sri Mulyani Indrawati, bekas Menteri Kewangan Indonesia dan bekas Managing Director World Bank, serta Abebe Aemro Selassie, bekas Director of the African Department di IMF.

Perbincangan seperti ini penting kerana ekonomi Malaysia tidak bergerak dalam vakum. Apa yang berlaku di Timur Tengah, Afrika, Eropah atau Amerika boleh memberi kesan kepada rakyat - daripada harga barang, peluang pekerjaan, pelaburan, hinggalah kepada kestabilan ekonomi negara.

Sebab itu pembuat dasar perlu sentiasa belajar, mendengar dan membandingkan pengalaman negara lain.

Dalam dunia yang semakin tidak menentu, kita tidak boleh hanya bertindak selepas krisis berlaku. Kita perlu faham risikonya lebih awal, supaya keputusan yang dibuat lebih bersedia dan lebih bertanggungjawab.

#TZA #MADANIBekerja #EkonomiRakyat",Wed Jun 10 09:08:08 +0000 2026,tzafrul_aziz,Kuala Lumpur,True,21,3
food_prices,2061809588333351157,"siap sedia harga roti, tepung, mee dan makanan berkaitan gandum naik. hasil tanaman gandum Australia dijangka turun 25% sebab harga baja naik kesan Perang Iran dan cuaca kering luar jangka. 

Malaysia mengimport 1.025 juta tan metrik bernilai RM1.4 bilion iaitu hampir 60% keperluan gandum untuk buat tepung, roti, mee dan lain-lain dari Australia yang merupakan sumber import gandum nombor 1 negara kita.",Tue Jun 02 13:58:07 +0000 2026,syahir,Malaysia,True,648,517
food_prices,2060972041575321734,"Krisis Hormuz buat harga barang melonjak

Kejutan tenaga yang sedang melanda Malaysia ketika ini berbeza daripada krisis sebelum ini kerana ia bukan sahaja menjejaskan hasil minyak, malah turut memberi kesan kepada bekalan penting seperti baja dan plastik. Kesan rantaian susulan sekatan di Selat Hormuz kini mula dirasai dalam sektor pembungkusan, pertanian dan kos makanan, sekali gus mendedahkan kelemahan yang tidak mampu ditangani melalui subsidi semata-mata.

Bagi memahami tekanan ini dengan lebih mendalam, penyelidik dan penganalisis dasar di South-East Asian Futures Initiative Centre (SEAFIC), Dr Mikhail Rosli, menjelaskan bagaimana peranan Malaysia sebagai hab penapisan minyak, risiko tersembunyi dalam rantaian bekalan serta pertimbangan fiskal mempengaruhi daya tahan negara. Pandangannya menjelaskan mengapa isi rumah dan perniagaan turut merasai tempias kejutan secara tidak langsung, selain mengapa pilihan dasar lebih penting berbanding penyelesaian jangka pendek.",Sun May 31 06:30:00 +0000 2026,SinarOnline,Malaysia,True,2,0
food_prices,2058794569593188396,"𝐓𝐀𝐊𝐋𝐈𝐌𝐀𝐓 𝐊𝐑𝐈𝐒𝐈𝐒 𝐁𝐄𝐊𝐀𝐋𝐀𝐍 𝐆𝐋𝐎𝐁𝐀𝐋 𝐏𝐄𝐑𝐊𝐀𝐒𝐀 𝐊𝐄𝐒𝐄𝐃𝐈𝐀𝐀𝐍 𝐖𝐀𝐑𝐆𝐀 𝐏𝐄𝐍𝐓𝐀𝐃𝐁𝐈𝐑𝐀𝐍 𝐀𝐌 𝐉𝐏𝐌

PUTRAJAYA, 25 Mei 2026 – Jabatan Perdana Menteri (JPM) telah menganjurkan Taklimat Krisis Bekalan Global di Auditorium Perdana, Kompleks Setia Perdana bagi meningkatkan kesedaran serta persiapan kendiri warga Pentadbiran Am JPM dalam menghadapi cabaran ekonomi dan ketidaktentuan global semasa.

Taklimat tersebut disampaikan oleh Encik Mohd Faidz bin Sanusi, Ketua Komunikasi Korporat, JPM dengan memberi penekanan terhadap isu semasa melibatkan gangguan rantaian bekalan global, ketidaktentuan geopolitik, perubahan iklim serta kesannya kepada kestabilan harga, keselamatan makanan dan kesejahteraan rakyat.

Program ini turut memberi pendedahan mengenai kepentingan kesiapsiagaan, komunikasi berkesan serta kerjasama strategik dalam memastikan negara kekal berdaya tahan mendepani sebarang cabaran pada masa hadapan.

#JabatanPerdanaMenteri
#RancakkanMADANI
#MalaysiaMADANI
#MADANIBekerja 

@shamsulazribakr 
@MalaysiaPMO",Mon May 25 06:17:30 +0000 2026,jpmgov_,,False,5,3
food_prices,2057095018775818502,"Sejak Merdeka, orang Melayu biasa sering diberitahu:

“Kamu bangsa istimewa.” “Kamu dilindungi.” “Sistem ini dibina untuk kamu.”

Tetapi lihat realiti hari ini.
Sektor awam. Peruncitan. Pertanian. Perkhidmatan asas.
Sektor-sektor yang majoritinya diisi oleh orang Melayu juga merupakan antara sektor dengan gaji paling rendah di negara ini.
Anggaran julat gaji: • Sektor awam → RM2,800 hingga RM4,500
• Peruncitan → RM1,900 hingga RM3,000
• Pertanian → RM1,700 hingga RM2,800
• Perkhidmatan asas → RM1,700 hingga RM2,500

Dalam masa sama, elit politik terus menjadi semakin kaya setiap kali musim pilihan raya, sedangkan rakyat biasa bergelut dengan subsidi, sewa rumah, PTPTN, harga minyak, kos makanan dan tekanan hidup harian.

Selama lebih 60 tahun, isu kaum dan agama terus dikitar semula seperti poster kempen lama.

Apabila rasuah meletup - isu kaum dimainkan. UMNO-PAS akan menunggang institusi Diraja.

Apabila ekonomi melemah - isu agama dibangkitkan. UMNO-PAS akan menunggang institusi Diraja.

Apabila pemimpin gagal - institusi dijadikan perisai politik. UMNO-PAS akan menunggang institusi Diraja.

Pada masa sama, parti seperti DAP, MCA dan MIC pula membakar api provokasi sebagai balasan terhadap tunggangan UMNO-PAS bagi memastikan pengundi bukan Melayu, khususnya masyarakat Cina, terus kekal menyokong mereka demi mengekalkan status quo politik sedia ada.

Ketakutan dijadikan strategi.
Emosi dijadikan senjata.
Kesetiaan dijadikan mata wang politik.

Dan perkara paling menyedihkan ialah ramai anak muda Melayu mewarisi kemarahan sebelum sempat mewarisi peluang.

Marah kepada pihak yang salah. Curiga terhadap rakyat lain yang sebenarnya turut bergelut dalam sistem yang sama. Sedangkan isu sebenar ialah kewujudan kelas politik yang terlalu mahir memastikan kelangsungan kuasa mereka, sementara rakyat terus terperangkap dalam tekanan ekonomi.

Persoalan sebenar bukanlah: “Siapa memiliki negara ini?”

Tetapi: “Siapa yang benar-benar menikmati hasil kemerdekaan?”

Kerana jika majoriti rakyat masih bergelut dengan: • gaji rendah,
• mobiliti sosial yang lemah,
• politik kebergantungan,
• penghijrahan bakat,
• keyakinan yang semakin merosot,
• dan kos sara hidup yang terus meningkat,

maka jelas ada kegagalan dalam model pembangunan negara.

Ini bukan kegagalan orang Melayu.

Ini kegagalan sistem.

Satu generasi dibesarkan untuk berasa dominan secara politik, tetapi kekal tidak selamat dari sudut ekonomi.

Percanggahan itu merupakan krisis sebenar yang Malaysia masih gagal hadapi secara jujur.

Anak muda Melayu perlu membuat pilihan:

Terus menjadi pengundi beremosi, atau menjadi generasi yang menuntut kecekapan, maruah, pendidikan berkualiti, inovasi dan akauntabiliti.

Kerana sejarah sudah membuktikan satu perkara:

Ahli politik yang terus hidup dengan memecah-belahkan rakyat tidak akan mampu membina sebuah negara yang cukup kuat untuk bersaing dengan masa depan.

Hakikat yang sukar diterima ialah ramai orang Melayu bukan membenci kaum lain semata-mata kerana perbezaan kaum, tetapi kerana tekanan hidup, gaji rendah dan rasa kecewa walaupun selama ini dilabel sebagai “bangsa istimewa”.

Atas sebab itu, Parti Bersama Malaysia membawa mesej bahawa jurang ini mesti dipecahkan.

Malaysia tidak boleh terus dibina atas ketakutan dan perpecahan.

Sudah tiba masanya negara ini dibina atas kemampuan, perpaduan dan masa depan bersama.

Fikirkan lah.",Wed May 20 13:44:06 +0000 2026,bin_salle39329,,False,4,3
food_prices,2055494156961689904,"Baru sng paham skrg apesal kerajaan asyik ckp ni “krisis bekalan”, ni bkn “krisis kewangan”.. 😵‍💫

Dunia global skrg tengah kacau:
⛽ harga minyak mentah naik
🚢 kos freight/ shipping gila mahal
🌾 makanan import susah masuk
💵 USD menguat, barang pun jadik mahal

So kerajaan dh launch Dashboard Krisis Bekalan Global ni so korang boleh pantau sendiri apa benda dok tgh jadi.. bkn tunggu je harga ayam naik tiba2 nak kalut panik. 😂

Yang interesting psl dashboard ni laa:
📊 data ni almost real-time
📈 boleh track harga commodity dunia
🛢️ monitor minyak, makanan, supply chain
⚠️ detect awal kalau ada shortage atau harga nak melonjak 🆙

At least skrg ngam transparency.. Walaun dah tak boleh nk main hentam “kerajaan tido” padahal satu dunia tgh kena supply shock ni at least smpai 2027.

Ekonomi kita Malaysia ni import-heavy geng.. Bila ekonomi global mula tak menentu, kita kt sini boleh demam terus. 🤧

Tu sebab subsidi diesel, RON95, kawalan harga semua jadik sensitif gila dah.. 

Kena jaga betul2, sbb salah manage sikit:
➡️ inflation naik
➡️ barang takde kt kedai
➡️ rakyat marah
➡️ fiskal punkoyak

Honestly dashboard ni quite smart laa @akmalnasir! 🙌🏽👏🏽

Better kita rakyat tengok data sendiri drp korang dok caya WhatsApp yg source dia “Trust me bro!”.. Haha 💀",Sat May 16 03:42:50 +0000 2026,TheRedz_,"Lorong Belakang, Cyberjaya 📍",False,475,251
food_prices,2054888981645709806,"Bangi | 14 Mei 2026 | Khamis

Alhamdulillah dah Tahniah saya ucapkan kepada 168 penerima Anugerah Perkhidmatan Cemerlang (APC) 2025 Kementerian Peralihan Tenaga dan Transformasi Air (PETRA), yang menerima anugerah pada Majlis Anugerah APC Tahun 2025 PETRA, hari ini tadi.

Majlis ini merupakan simbolik penghargaan dan apresiasi Kementerian dan Kerajaan kepada warga PETRA yang telah memberikan perkhidmatan bermutu tinggi di samping penglibatan aktif di luar tugasan rasmi antaranya kegiatan sukan, kemasyarakatan, persatuan serta sumbangan-sumbangan lain yang memberi manfaat kepada komuniti, organisasi dan negara. 

Ia juga satu manifestasi keprihatinan Kerajaan terhadap modal insan
berkualiti, dinamik dan berprestasi tinggi yang unggul dalam mencapai ekspektasi yang telah ditetapkan.

Namun dalam kita meraikan warga yang berkhidmat dengan cemerlang, kita juga harus menginsafi betapa krisis bekalan global yang sedang dunia hadapi kini, bukan lagi sekadar isu berkaitan minyak dan gas tetapi telah berkembang menjadi cabaran besar yang memberi kesan langsung kepada ekonomi, rantaian bekalan serta kos sara hidup rakyat. 

Gangguan bekalan global, ketidaktentuan geopolitik dan peningkatan kos logistik antarabangsa telah menyebabkan harga makanan, pengangkutan dan pelbagai barangan keperluan meningkat di kebanyakan negara.

Malaysia turut menerima tempias daripada situasi ini, namun kerajaan kekal komited untuk memastikan kebajikan rakyat sentiasa menjadi keutamaan dalam setiap keputusan dan dasar yang dilaksanakan.

Kerajaan justeru mengambil pendekatan yang pragmatik dengan fokus utama adalah bagi memastikan bekalan keperluan asas negara kekal stabil, melindungi rakyat daripada tekanan kos hidup yang melampau serta memperkukuh daya tahan ekonomi negara bagi jangka panjang. Bantuan bersasar, kawalan harga, pengukuhan
keselamatan tenaga serta kerjasama strategik antara kerajaan, industri dan rakyat telah dan sedang dilaksanakan oleh kerajaan.

Apa yang penting, krisis ini perlu dihadapi secara bersama dengan semangat kebersamaan, disiplin dan keyakinan rakyat termasuk semua warga PETRA, dalam mendukung usaha negara semasa mengharungi cabaran global ini.

Syabas kepada kesemua penerima anugerah perkhidmatan cemerlang PETRA tahun 2025 atas segala sumbangan, komitmen dan konsistensi dalam pelaksanaan tugas di Kementerian. Kementerian ini terbina atas usaha kita bersama dan segala sumbangan warga PETRA amatlah saya hargai dalam membantu kita memberikan perkhidmatan terbaik kepada rakyat.

Jadikanlah segala usaha berterusan kita sebagai penjawat awam sebagai sedekah jariah dan ibadah yang berterusan. Jadilah ejen produktiviti Kementerian dan ejen kebaikan dalam perkhidmatan awam.

Semoga seluruh warga PETRA terus menjadi contoh penjawat awam berprestasi tinggi demi kesejahteraan rakyat dan kemajuan negara.

#PETRA
#MalaysiaMADANI",Thu May 14 11:38:05 +0000 2026,PetraJayaMP,Malaysia,True,4,4
food_prices,2054880782477652476,"KEMASKINI 

HARGA BARANG MALAYSIA AKAN NAIK LAGI SEBAB PERANG US IRAN

Menteri Pertanian dan Keterjaminan Makanan, Datuk Seri Mohamad Sabu memaklumkan harga makanan Malaysia dijangka akan naik bermula Jun 2026 susulan kos baja, makanan ternakan dan logistik yang makin naik susulan Perang US Iran

Malaysia import sepenuhnya Gandum, Kacang Soya dan Jagung dari luar negara untuk keperluan rakyat Malaysia. Gandum digunakan untuk buat roti dan tepung manakala Soya dan Jagung digunakan untuk buat dedak bagi makanan ayam dan keperluan lain

Sebab gandum tak boleh tanam kat Malaysia",Thu May 14 11:05:31 +0000 2026,Marchfoward,,False,560,388
food_prices,2054806325385974088,"Ucapan PM Singapura sempena Hari Buruh 1 Mei 2026 haritu pun cakap benda yang serupa macam penasihat ekonomi PM @econsmalaysia cakap dalam BFM semalam. 

Antara poin penting:

1. Walaupun perang tamat, Selat Hormuz dibuka jangan anggap krisis bekalan akan selesai serta-merta.

2. Kesan penutupan Selat Hormuz bukan sekadar pada kenaikan harga tapi pada bekalan yang semakin ketat.

3. Negara-negara Asia sangat terkesan kerana kebergantungan tinggi kepada minyak dan produk berkaitan yang datang dari negara-negara Teluk.

4. Gangguan harga dan bekalan tidak terhenti kepada tenaga sahaja tetapi juga baja, makanan dan barangan asas yang lain.

5. Tekanan dan gangguan bekalan akan semakin kuat dan berlanjutan dan akan lebih teruk dalam bulan-bulan mendatang. 

6. Seluruh dunia akan berhadapan kadar inflasi yang lebih tinggi untuk makanan dan barangan asas.

7. Semua ini akan memberi tekanan sebenar kepada isi rumah, pekerja dan perniagaan. 

8. Semua rakyat kena bersedia secara mental untuk keadaan yang lebih mencabar. 

9. Singapura berhadapan dengan krisis ini dalam kedudukan yang lebih kuat (position of strength). 

Malaysia juga memasuki krisis ini dalam kedudukan yang lebih kuat selepas pulih daripada Covid: 

1. Defisit lebih rendah
2. Ringgit lebih kukuh
3. Ekonomi yang terus berkembang

Singapura pun tak umumkan pakej rangsangan besar-besaran kecuali bantuan-bantuan khusus kepada kumpulan tertentu.",Thu May 14 06:09:39 +0000 2026,syahir,Malaysia,True,390,234
food_prices,2054532115002540032,"Walaupun konflik berlaku di luar negara, kesannya tetap dirasai apabila harga minyak dunia meningkat dan menekan kos sara hidup rakyat, termasuk harga petrol dan makanan.

Dekan Fakulti Ekologi Manusia, Universiti Putra Malaysia (UPM) merangkap Presiden Persatuan Ekonomi Pengguna dan Keluarga Malaysia (MACFEA), Prof. Dr. Muhammad Fazli Sabri berkata kebergantungan Malaysia kepada import menyebabkan krisis global memberi kesan langsung kepada nilai ringgit dan kuasa beli pengguna.

#mediaselangor #bicarasemasa #konflikglobal #dompetrakyat #UPM #kuasabelipengguna",Wed May 13 12:00:02 +0000 2026,Media_Selangor,Shah Alam,False,2,3
food_prices,2054387142055579657,"Konflik geopolitik, perang perdagangan, perubahan iklim dan gangguan rantaian bekalan global kini memberi kesan langsung kepada harga serta bekalan makanan di seluruh dunia. Sejauh mana Malaysia benar-benar bersedia menghadapi krisis makanan? #AWANInews #PantauBelanjawan https://t.co/vlZ4eod3rd",Wed May 13 02:23:57 +0000 2026,501Awani,Malaysia,True,0,0
food_prices,2054384061154820571,"Dalam krisis seperti Selat Hormuz, ia menjadi insurans strategik negara.

Tanpa dua projek ETP zaman Najib ini, Malaysia bukan sahaja lebih terdedah kepada kejutan harga global, tetapi juga lebih lemah dari segi bekalan minyak siap, baja, makanan, industri petrokimia, imbangan…",Wed May 13 02:11:43 +0000 2026,NaratifRakyat,"Kuala Lumpur, Wilayah Persekut",True,2,0
food_prices,2052590850761539719,https://t.co/n7cjEaeKLg,Fri May 08 03:26:08 +0000 2026,vespamatic96,"Bali, Indonesia",False,12,3
food_prices,2052292406104723873,"MALAYSIA PETANG INI
7 Mei 2026 | Khamis
Siaran Langsung | 5.00-5.30 Petang

Konflik dunia bukan sekadar isu luar negara tetapi kesannya kini sampai ke dapur rakyat Malaysia. Harga minyak meningkat, Kos makanan dan logistik semakin dirasai. https://t.co/8FJNVCJLPJ",Thu May 07 07:40:14 +0000 2026,BernamaTV,Kuala Lumpur,True,0,0
food_prices,2052064488489386288,"Miskin tegar? Miskin bandar paling banyak di Selangor &amp; makin menaik! Harga rumah makin mahal, subsidi minyak dikurangkan, harga makanan makin naik tak pernah turun. Gaji tidak naik, nilai ringgit berkurang nilai! kERAjaan madani @anwaribrahim masih lagi hidup mewah",Wed May 06 16:34:34 +0000 2026,Tianglektrik,,False,2,0
food_prices,2051529578901131772,https://t.co/F093ARo3Kc,Tue May 05 05:09:01 +0000 2026,syfaeth,"Jakarta Pusat, DKI Jakarta",False,20,3
food_prices,2051078355810963762,"Pegawai PTD kerajaan malaysia pun tak tahu nak selesaikan masalah rakyat.  Baik tak payah jadi Pegawai PTD, dah la nak belanja emolumen penjawat awam harini agak besar ya . 

Cukai tak naik pula di zaman krisis minyak global dan krisis bekalan makanan dunia / harga makan naik",Sun May 03 23:16:01 +0000 2026,abrahamovicle,,False,2,1
food_prices,2049555628235075699,https://t.co/uBpJZ5qOHO,Wed Apr 29 18:25:15 +0000 2026,HidsalJ,Malang - Malili,False,79,22
food_prices,2049482641796485145,"Krisis Hormuz: Dari Minyak ke Kos Sara Hidup

Ini bukan sekadar cerita harga minyak.
Ini tentang bagaimana satu krisis jauh boleh menekan kos sara hidup kita.

Kalau kita fikir krisis global hanya menaikkan harga minyak, kita mungkin belum nampak gambaran sebenar.

Hari ini saya bersama pakar ekonomi, editor dan penyelidik dalam satu sesi meja bulat SEAFIC untuk membincangkan kesan krisis Iran-Hormuz kepada ASEAN.

Yang jelas, kesannya bukan sekadar harga minyak. Ia boleh merebak melalui rantaian bekalan - daripada kos pengangkutan dan premium insurans, kepada input industri, dan akhirnya memberi kesan kepada harga makanan serta barangan harian.

Untuk Malaysia, kesannya tidak dirasai secara serentak, sebaliknya bermula pada sektor tertentu seperti penapisan petroleum sebelum merebak ke sektor lain. Sektor seperti ternakan dan makanan juga boleh terkesan secara tidak langsung melalui kos baja, makanan ternakan dan input huluan lain.

Inilah cabaran sebenar dasar ekonomi hari ini - memahami bagaimana sesuatu kejutan global bergerak dalam sistem ekonomi kita, siapa yang terkesan dahulu, dan bila rakyat mula merasainya.

Sebab itu, respons dasar perlu dibuat lebih awal, dengan pendekatan yang tepat dan bersasar.

#TZA #MADANIBekerja #KualaLumpur #SEAFIC #EkonomiRakyat",Wed Apr 29 13:35:14 +0000 2026,tzafrul_aziz,Kuala Lumpur,True,47,14
food_prices,2047585239241986489,"Malaysia, sebagai negara pengimport bersih makanan dan pengeluar utama komoditi sawit, tidak terlepas daripada tempias krisis ini. Namun, di sebalik ancaman kenaikan harga dan gangguan bekalan, tersembunyi peluang keemasan

https://t.co/xz4Gu6Z5Uy https://t.co/VBWzeHWLl6",Fri Apr 24 07:55:37 +0000 2026,beritartm,,False,2,1
food_prices,2047497828130541763,"Menurut Fitch, Malaysia pengimport bersih makanan dengan 10% daripada bekalan makanan diimport untuk memenuhi keperluan domestik.

Walaupun nampak kecik tapi kena zoom in mengikut produk makanan. 

Kalau ikut item makanan ada yang kita tidak hasilkan langsung atau sikit je pengeluaran macam semua jenis bawang, epal, mangga, daging lembu & kambing, halia, cili, kobis bulat, gula, gandum. 

Ada item makanan kita hasilkan tapi tak cukup untuk keperluan domestik dan perlu import macam beras, kelapa, susu segar, makanan laut. 

Ada yang kita hasilkan melebihi keperluan domestik macam minyak masak, telur ayam & itik, sebahagian besar sayur dan buah tomato, timun, tembikai, jambu batu. 

Untuk input makanan macam baja Malaysia pengimport bersih juga.

Baja berasaskan nitrogen (urea & ammonium), Malaysia pengeksport bersih tapi baja berasaskan phosphates dan potash Malaysia kena import dari luar negara. 

Harga baja urea meningkat 50% sejak perang, phospates & potash naik 30%. 

Harga makanan belum naik secara signifikan tapi tekanan harga tu dah mula nampak. 

Yang lebih kritikal kalau berlaku kekurangan bekalan (shortages) kalau perang tak berpenghujung.

Harap tak sampai ke peringkat macam tu.",Fri Apr 24 02:08:17 +0000 2026,syahir,Malaysia,True,136,81
food_prices,2046651150250692817,"Harga makanan favorit seperti mi goreng berpotensi ikut naik, seiring lonjakan biaya produksi akibat krisis energi global yang belum mereda.

Konflik antara Iran vs Israel dan Amerika Serikat, yang masih berlangsung membuat harga bahan bakar, logistik, hingga kemasan makanan terus menekan pelaku usaha.

Di Malaysia, produsen mi kuning merasakan dampak paling besar dari kenaikan harga plastik kemasan berbahan dasar minyak mentah serta melonjaknya harga solar untuk distribusi dan produksi. 
Presiden Malaysian Bakery, Biscuit, Confectionery, Mee and Kuey Teow Merchants Association, Chaang Tuck Cheong, mengatakan biaya kemasan plastik untuk mi telah naik hampir 30 persen sejak konflik berlangsung lebih dari sebulan lalu. Bahan utama kemasan tersebut adalah polyethylene terephthalate (PET), yaitu material yang diproduksi dari hasil olahan minyak mentah. 
Sementara sekitar 38 persen pasokan minyak mentah Malaysia diimpor melalui Selat Hormuz. Selain mahal, pasokan kemasan juga datang jauh lebih lambat karena lonjakan permintaan.

Chaang menjelaskan bahwa biaya solar menyumbang hampir sepertiga dari total biaya produksi mi. Karena itu, kenaikan harga diesel sangat memukul industri ini. Harga solar di Semenanjung Malaysia melonjak dari RM3,12 per liter pada 11 Maret menjadi rekor RM6,72 per liter pada 9 April. 

banyak pedagang masih bisa mempertahankan harga karena pemerintah menetapkan harga tabung gas LPG subsidi 14 kg, yang biasa digunakan rumah tangga dan warung kecil. Namun jika krisis energi terus berlanjut, bukan tidak mungkin harga mi goreng juga akhirnya ikut naik.

Baca selengkapnya disini: https://t.co/DtCbGYKASo
___
#vivanews #miegoreng #bbm",Tue Apr 21 18:03:53 +0000 2026,VIVAcoid,,False,7,2
food_prices,2045355221329854468,"ADOI!!!!!!! bukan 15% lah.. tetapi 100%.

Kalau betul hanya 15% rakyat “terkesan” dengan harga diesel, itu menunjukkan satu perkara sahaja:

Pemahaman ekonomi dia yang terlalu cetek.

Ya, memang betul secara teknikal mungkin hanya sebahagian kecil rakyat yang isi diesel secara langsung. Tetapi diesel bukan petrol. Diesel bukan bahan api untuk kegunaan individu semata-mata.

Diesel ialah nadi ekonomi.

Ianya bukan macam RON95 dengan Budi95 engkau sebab petrol ialah bahan penggunaan - bukan bahan input ekonomi macam diesel.

Lori guna diesel.
Traktor guna diesel.
Mesin membajak, menuai guna diesel
Mesin menggali dan traktor dalam perlombongan guna diesel
Mesin pembinaan guna diesel.
Generator dan boilerkilang guna diesel.
Forklift dalam pelabuhan dan hab logistik berat guna diesel

Pendek kata, diesel digunakan untuk menggerakkan barangan, membina infrastruktur, melombong dan menghasilkan makanan.

Ini asas ekonomi yang sangat mudah.

Nak kata hanya 15% terkesan itu ibarat kata hanya tukang roti guna tepung, jadi harga tepung tak beri kesan kepada orang lain.

Hakikatnya, semua orang makan roti.

Lebih membimbangkan, kenyataan seperti ini menunjukkan kerajaan melihat isu ini dari sudut “siapa isi minyak” sahaja, bukan dari sudut rantaian bekalan keseluruhan.

Itu silap amat besar yang beri kesan ekonomi, inflasi dan kos sara hidup yang besar untuk jangkamasa panjang.

Sebab dalam ekonomi sebenar, kos tidak berhenti di pengguna pertama. Ia akan mengalir ke bawah sehingga akhirnya sampai kepada pengguna akhir — iaitu Rakyat.

Dan bila harga barang naik sebab harga diesel tinggi, ianya tak mudah turun semula jikapun harga diesel turun.

Bila business guling sebab kos diesel tinggi, ianya tak mudah hidup semula jikapun harga diesel turun.

Bila projek pembinaan tergendala atau dihentikan sebab harga diesel tinggi, kos faedah tambahan akhirnya akan ditanggung pengguna akhir.

Jadi bukan soal 15% atau 85%.

Soal sebenar ialah:

Siapa yang akhirnya tanggung kos itu?

Jawapannya mudah. 100% iaitu semua orang.",Sat Apr 18 04:14:20 +0000 2026,HalimCrypto, 208018.bitmap 🟧,False,91,36
food_prices,2043575646610411635,"Guys, Benix baru bikin video yang menurut gue salah satu yang paling thought-provoking soal makanan dan geopolitik.

Topiknya: 
kenapa biskuit Khong Guan yang kita anggap makanan khas lebaran Indonesia sebenarnya adalah produk dari rantai panjang yang dimulai dari krisis gandum Amerika tahun 1969.

Kisah pendiri Khong Guan yang tidak banyak orang tahu:

Dua bersaudara asal Fujian China Chou Chukeng dan Chou Chuhan kabur dari perang saudara di tahun 1935 ke Singapura. 
Kerja jadi kuli di pabrik biskuit.

Tapi Jepang masuk ke Singapura. 
Mereka kabur lagi ke Perak Malaysia. 
Di sana mereka bikin biskuit manual dari rumah pakai tangan sendiri.

Bahan baku habis karena perang mereka beralih jadi pembuat garam dari air laut. 
Garam dibatasi tentara mereka beralih lagi jadi pembuat sabun dari abu.

Mereka yang kita kenal sebagai raja biskuit Indonesia aslinya tukang sabun.

Setelah Hiroshima dibom dan Jepang mundur mereka balik ke Singapura. 
Temukan mesin-mesin biskuit bekas rusak sisa perang. 
Beli murah. 
Perbaiki sendiri. 
Pakai rantai sepeda sebagai bagian mesin. 
Dan dalam dua tahun mendirikan perusahaan Khong Guan di 1947.

Benix menyebut program bernama PL 480 Public Law 480 yang nyata ada dan bisa dicari di Google.

Ceritanya begini: 
di tahun 1969 Amerika mengalami oversupply gandum besar-besaran. 
Harga jatuh. 
Petani protes. 
Amerika butuh pasar baru untuk membuang surplus itu.

Solusinya: 
program bantuan pangan ke negara berkembang tapi dalam bentuk pinjaman berbayar. 
Negara penerima dibantu tapi wajib impor produk pertanian Amerika.

Hasilnya: 
impor gandum Indonesia naik dari 63.000 ton di 1948 menjadi 3,2 juta ton di 1971-1973. 
Sekarang di 2024 sudah 12 juta ton senilai Rp60 triliun per tahun.

Yang paling mengejutkan soal tradisi lebaran dan biskuit:

Benix mengingatkan satu fakta yang kalau dipikir-pikir memang aneh.

Makanan tradisional Indonesia saat lebaran getuk dari singkong, kelepon dari ketan dan gula merah, nagasari dari tepung beras dan pisang, cenil dari tepung kanji semua 100% bahan baku lokal.

Tapi sekarang yang ada di meja lebaran adalah biskuit dari tepung terigu tanaman subtropis yang tidak bisa tumbuh di Indonesia dalam skala besar.

Piring keluarga Indonesia di hari lebaran adalah propaganda asing yang kita tidak sadari.

Benix mengklaim gambar ibu dan dua anak di kaleng Khong Guan bukan karya ilustrator Indonesia. 
Katanya bersumber dari buku ilustrasi bernama Ladybook karya Harry Wingfield tahun 1959 di halaman 4.

Alasan kenapa tidak ada bapaknya? Katanya karena buku yang beredar di Indonesia hanya sampai halaman 4. 
Di halaman 6 bapaknya baru muncul pulang ke rumah.

Angka bisnis yang dia sebutkan:
Khong Guan mencatat kenaikan penjualan 330% selama Ramadan 2024.

Di survei Good Stouch soal biskuit lebaran Khong Guan menguasai 46% market share. 
Jauh di atas Oreo 10%, Nissin 12%, Tango 14%.

Total nilai penjualan biskuit dan kue kering di e-commerce Indonesia selama Ramadan 2025: Rp134 miliar dalam satu bulan.

Dan ini pesan utama yang Benix titipkan:

Satu kaleng Khong Guan 1.600 gram sekitar 52%-nya adalah tepung terigu sekitar 832 gram. 
Harga tepung terigu per kilo hanya Rp5.000. Tapi begitu jadi biskuit dalam kaleng harganya Rp130.000.

Nilai tambah yang besar. 
Tapi bahan bakunya impor  dan devisa yang keluar juga besar.

Pertanyaan yang Benix lempar: kenapa tidak ada yang mencoba membuat biskuit dan snack berbasis tepung singkong, tepung beras, tepung jagung, tepung mokaf yang semua bisa tumbuh di Indonesia?

Kita sudah 30 tahun lebih merasa biskuit dari gandum impor adalah makanan tradisional kita. Itu bukan tradisi. Itu hasil propaganda yang sangat berhasil.",Mon Apr 13 06:22:56 +0000 2026,LambeSahamjja,,False,102,37
food_prices,2042934761463910804,https://t.co/NGRxXu7h7o,Sat Apr 11 11:56:17 +0000 2026,InnerCircleXBT,,False,5,2
food_prices,2042542956477874673,https://t.co/pSNrYYNZef,Fri Apr 10 09:59:24 +0000 2026,kayaknya_kenal,"East Java, Indonesia",False,23,8
food_prices,2039505608962080999,"REALITI SUBSIDI MINYAK MALAYSIA

Tak semua orang bayar harga minyak sama. Subsidi hari ini lebih bersasar nelayan, pengangkutan awam, lori barangan dan rakyat yang layak masih dibantu supaya harga makanan, tambang dan barang kekal terkawal.

Jika subsidi diberi kepada semua tanpa kawalan, ketirisan berlaku dan duit negara mudah habis. Sebab itu subsidi disasarkan supaya yang benar-benar perlu terus dilindungi, sambil ekonomi kekal stabil.

Faham beza fakta dan sentimen. Ini soal pengurusan negara, bukan sekadar emosi.",Thu Apr 02 00:50:04 +0000 2026,lady_bugg11,,False,78,28
food_prices,2038989947257188528,"Laporan terkini Bloomberg mendedahkan bahawa dunia kini sedang berlumba-lumba untuk menjamin bekalan baja bagi mengelakkan krisis makanan negara masing-masing. Malaysia tidak dikecualikan dalam isu ini dengan penggunaan baja sehingga 5.7 juta tan setahun (84% sawit, 7% padi, 2% getah & 7% tanaman lain). 

Pelbagai sesi libat urus antara kerajaan dan pemain industri telah diadakan sejak perang tercetus bagi mengenal pasti dan mencari solusi mendepani krisis ini. Tidak ketinggalan, sesi perbincangan juga berlangsung di Kementerian Ekonomi hari ini bersama YB Menteri, Tuan Haji Akmal Nasrullah, sebagai salah satu langkah kritikal untuk memastikan pembuat dan penasihat dasar mendapat maklumat secara langsung daripada wakil industri.

Mengapa kita perlu bertindak sekarang?

1. Lonjakan Harga Global: Harga spot Urea telah melonjak melepasi USD600/tan, paras tertinggi dalam tempoh tiga tahun akibat konflik di Asia Barat, peningkatan melebihi 40-50% berbanding harga sebelum krisis (sekitar USD400/tan).

2. Kebergantungan Import: Data 2025 menunjukkan Malaysia mengimport RM5.64 bilion baja. Kebergantungan kita kepada sumber luar adalah nyata: Rusia (29%), China (23.8%), dan Kanada (11.5%). Hanya sumber Nitrogen (Urea) yang dihasilkan secara surplus untuk kegunaan domestik dan eksport melalui Petronas, manakala sumber Fosfat (P) dan Potash (K) diimport sepenuhnya.

3. Risiko Rantaian Bekalan: Dengan urea dan baja fosfat yang memerlukan sumber gas asli dan sulfur daripada Timur Tengah untuk diproses, sebarang gangguan di laluan laut utama (Hormuz Strait dan Red Sea) akan memberi kesan domino kepada kos input pertanian kita.

Justeru, kerjasama erat antara kerajaan dan pemain industri melalui pengurusan stok, kepelbagaian sumber, dan mitigasi kos adalah perisai utama kita. Kebanyakan pemain industri memberi jaminan stok bekalan baja tiada gangguan secara signifikan sehingga Jun-Ogos 2026. Namun intervensi dan sokongan kerajaan menerusi rundingan G2G amat diperlukan jika situasi perang berpanjangan.

Matlamat kita adalah jelas: memastikan kestabilan harga di meja makan rakyat tetap terpelihara meskipun dalam keadaan ketidaktentuan geopolitik dunia.

#MalaysiaMADANI
#MADANIBekerja
#RancakkanMADANI
#KPKM
#CukupDanTerjamin
#NAFAS",Tue Mar 31 14:41:00 +0000 2026,faris_arriffin,,False,4,3
food_prices,2038980283865919913,https://t.co/5je9RD7lPC,Tue Mar 31 14:02:36 +0000 2026,Pelabur_Bijak,Malaysia,True,56,19
food_prices,2037770997500088492,"#KualaLumpur Gabungan Persatuan Penjaja dan Peniaga Malaysia menjangkakan akan berlaku kenaikan harga makanan sehingga 50 peratus susulan peningkatan harga minyak. 

https://t.co/Sv7ByWGH9g https://t.co/7kHvpexQXd",Sat Mar 28 05:57:20 +0000 2026,hmetromy,Malaysia,True,4,0
food_prices,2037451051947945995,https://t.co/BSDQlxhmlL,Fri Mar 27 08:45:59 +0000 2026,gueracr_,,False,4,2
food_prices,2037336829461201286,"PENURUNAN HAD BUDI95 BERSIFAT SEMENTARA, KERAJAAN MADANI BERTINDAK AWAL DEMI MELINDUNGI RAKYAT

Keputusan menurunkan had penggunaan BUDI95 daripada 300L kepada 200L bukan keputusan yang dibuat tanpa pertimbangan, tetapi tindakan sementara yang terpaksa diambil ketika dunia sedang berdepan ketegangan serius di Asia Barat.

Konflik yang semakin meruncing memberi tekanan langsung kepada bekalan minyak, gas, makanan dan kos sara hidup global. Dalam keadaan ini, Kerajaan MADANI memberanikan diri untuk berterus terang dengan rakyat.

Keputusan ini dibuat berdasarkan data sebenar penggunaan BUDI95 sejak diperkenalkan, yang menunjukkan purata penggunaan sekitar 100L sebulan dan majoriti besar rakyat menggunakan kurang daripada 200L.

Setelah diperhalusi, kerajaan memilih pendekatan yang lebih teliti dan berhemat dengan menyesuaikan had penggunaan tanpa menaikkan harga BUDI95 yang kekal pada kadar RM1.99 seliter. Ini membuktikan kerajaan berusaha mengawal tekanan semasa tanpa terus memindahkan beban kepada rakyat.

Kerajaan kekal mengambil kira keperluan rakyat di lapangan apabila pemandu e-hailing dan pekerja gig terus dibekalkan had sehingga 800L, sementara Sabah dan Sarawak terus menikmati diesel subsidi RM2.15 seliter dengan kawalan lebih ketat. Subsidi ini hak rakyat, bukan ruang untuk penyeludup merompak kekayaan negara, sebab itu penguatkuasaan perlu diperkasa dan rakyat mesti terus menjadi mata dan telinga kerajaan dalam membendung ketirisan.

Pada masa yang sama, Malaysia akan terus memainkan peranan yang adil, tegas dan berprinsip dalam isu Asia Barat. Perdana Menteri sendiri terus mengadakan perbincangan dengan pemimpin serantau bagi mencari ruang perdamaian dan memastikan kepentingan Malaysia turut dipertahankan dalam suasana yang genting ini.

Justeru, semua perlu melihat langkah ini dalam kerangka yang lebih besar, iaitu kerajaan sedang bertindak awal, telus dan bertanggungjawab demi menjaga kestabilan negara, menjamin bekalan, dan melindungi rakyat daripada kesan yang lebih parah jika krisis ini berpanjangan.

ADAM ADLI
PENGARAH KOMUNIKASI KEADILAN",Fri Mar 27 01:12:06 +0000 2026,AdamAdli,Kuala Lumpur,True,55,14
food_prices,2037159182106059166,"Harga Minyak Naik: Luahan Peniaga Kecil, Kasihan Tapi Mungkin Terpaksa 'Adjust' 

Peniaga meluahkan rasa simpati terhadap pengguna yang terkesan dengan kos sara hidup, namun mengakui kenaikan harga makanan mungkin tidak dapat dielakkan berikutan peningkatan kos operasi dan bahan mentah. 

#malaysiagazette #hargaminyaknaik #BUDI95 

Video: Hafiz Zaharuddin",Thu Mar 26 13:26:12 +0000 2026,MalaysiaGazette,Kuala Lumpur,True,3,0
food_prices,2036971395377164346,"#NiagaAWANI bersama @NabilahAWANI

📌 Harga minyak jatuh 2% susulan harapan penamatan konflik AS–Iran

📌 Konflik vs Pandemik: Sejauh mana kesediaan ekonomi Malaysia?

📌 Konflik Asia Barat: Jejas harga baja, risiko inflasi makanan

#AWANInews https://t.co/OyBXPz0wk6",Thu Mar 26 01:00:00 +0000 2026,501Awani,Malaysia,True,1,1
food_prices,2036765324456952256,"Hamzah gesa kerajaan rangka pelan kontingensi menyeluruh tangani kenaikan harga bahan api

Kegagalan menangani isu tersebut dengan berkesan bakal mengheret Malaysia daripada krisis harga minyak kepada krisis keselamatan bekalan makanan yang lebih serius.

#SinarHarian #Threads #politik #hargabahanapi #pelankontigensi #KetuaPembangkang

https://t.co/1x42xiWmti",Wed Mar 25 11:21:09 +0000 2026,SinarOnline,Malaysia,True,2,0
food_prices,2036616580012937349,"Perniagaan Malaysia dijangka terkesan konflik Asia Barat melalui harga minyak, logistik dan inflasi. Pakar gesa kerajaan nilai impak dahulu sebelum laksana rangsangan fiskal agar lebih bersasar.

Sektor pengangkutan, pembuatan, PKS dan makanan antara paling terdedah. Bantuan bersasar seperti subsidi, tunai dan pembiayaan dicadang bagi lindungi kos sara hidup serta kelangsungan perniagaan.",Wed Mar 25 01:30:05 +0000 2026,EkonomiRakyatMY,Kuala Lumpur,True,19,10
food_prices,2035599905209929813,"KENYATAAN MEDIA

KEPERLUAN PENDEKATAN NON-PARTISAN DAN PENUBUHAN MAJLIS PERUNDINGAN DAN INTERVENSI EKONOMI NEGARA

Dunia pada hari ini berdepan ketidaktentuan ekonomi yang semakin meruncing susulan konflik berterusan di Asia Barat. Kesan geopolitik ini mula dirasai secara langsung melalui kenaikan harga bahan tenaga, gangguan rantaian bekalan dan tekanan terhadap ekonomi global. Ketidaktentuan ini telah meningkatkan kos logistik, sekali gus meningkatkan kos pengeluaran dan operasi merentasi pelbagai sektor ekonomi.

Kesan rantaian ini tidak dapat dielakkan dan dalam tempoh beberapa bulan mendatang, negara berkemungkinan berdepan dengan kenaikan harga barang asas dan makanan, peningkatan kos pengangkutan dan logistik, kenaikan kos utiliti dan perkhidmatan bahkan lebih besar lagi impaknya adalah risiko tekanan kepada sektor pekerjaan, termasuk kemungkinan pengurangan tenaga kerja dalam industri yang terjejas.

Tanpa intervensi dasar yang proaktif, risiko pemberhentian pekerja boleh meningkat, khususnya dalam sektor pembuatan, logistik, perusahaan kecil dan sederhana yang amat terkesan susulan kenaikan kos bahan mentah.

Sehubungan itu, Malaysia memerlukan pendekatan non-partisan yang mengutamakan kepentingan negara lebih daripada kepentingan politik kepartian, termasuk keperluan untuk lebih inklusif dan berasaskan tindakan. 

Saya mencadangkan penglibatan semua pihak secara menyeluruh termasuk  : kerajaan, pembangkang, Badan Bukan Kerajaan (NGO), ahli akademik, pemain industri serta wakil masyarakat sivil dalam satu forum seumpama  Majlis Perundingan dan Intervensi,  agar setiap keputusan yang dibuat benar-benar mencerminkan kepentingan negara secara kolektif.

Pendekatan ini bukan soal politik, tetapi soal kelangsungan negara. Dalam keadaan dunia yang semakin tidak menentu, Malaysia tidak boleh bergerak secara berpecah mengikut garis kepartian. Sebaliknya, kita mesti menghimpunkan kekuatan seluruh negara dengan merentasi perbezaan politik dan latar belakang untuk menghadapi cabaran ini secara bersama. Apabila kestabilan ekonomi negara dan kebajikan rakyat menjadi taruhan, keutamaan kita semestinya kesejahteraan dan daya tahan Malaysia.

YAB Dato’ Seri Ir. Dr. Ahmad Samsuri Mokhtar
Pengerusi Perikatan Nasional (PN)
22 Mac 2026

------------------------------------------------------------------------

MEDIA STATEMENT

THE IMPERATIVE FOR A NON-PARTISAN APPROACH AND THE ESTABLISHMENT OF THE NATIONAL ECONOMIC CONSULTATION AND INTERVENTION COUNCIL

The world today stands at a critical crossroads, grappling with escalating economic uncertainties fuelled by the protracted conflicts in West Asia. The geopolitical tremors of this crisis are now felt directly through surging energy prices, fractured supply chains, and mounting pressure on the global economy. These instabilities have driven up logistics costs, subsequently inflating production and operational expenses across every economic sector.

This ripple effect is unavoidable. In the coming months, our nation faces the stark probability of rising prices for basic goods and food, increased transportation and utility costs, and perhaps most significantly, severe pressure on our labour market. Without decisive action, we risk a wave of workforce reductions, particularly within the manufacturing, logistics, and Small and Medium Enterprise (SME) sectors, which are most vulnerable to the rising costs of raw materials.

Given these challenges, Malaysia needs a non-partisan approach that prioritises national interest over party politics. Our response must be inclusive, unified, and driven by a commitment to collective action.

I am proposing the comprehensive involvement of all stakeholders : the government, the opposition, Non-Governmental Organisations (NGOs), academics, industry leaders, and civil society representatives in a forum akin to a Consultation and Intervention Council to ensure that every policy decision reflects the collective will and the best interests of our nation. 

This",Sun Mar 22 06:10:11 +0000 2026,DrAhmadSamsuri,"Terengganu, Malaysia",True,37,11
food_prices,2034935347323252859,"Allahu Akbar, Allahu Akbar, Allahu Akbar, walillahil hamd

Alhamdulillah, syukur ke hadrat Allah SWT kerana kita diberi peluang menyempurnakan Ramadan dan kini menyambut Syawal yang penuh keberkahan.

Marilah kita raikan Aidilfitri tahun ini dengan sederhana tetapi penuh makna. Dunia hari ini masih berdepan konflik dan peperangan di beberapa rantau termasuk di Asia Barat melibatkan Gaza–Palestin, serta ketegangan antara Iran, Israel dan Amerika Syarikat yang terus memberi kesan kepada kestabilan serantau. Di Eropah Timur, konflik Rusia–Ukraine yang berpanjangan masih belum menemui noktah, manakala di Asia Selatan, ketegangan antara Pakistan dan Afghanistan turut menambah tekanan kepada keamanan serantau.

Keadaan ini bukan sahaja menjejaskan keselamatan dunia, malah memberi kesan besar kepada ekonomi global, termasuk gangguan bekalan tenaga dan makanan, kenaikan harga komoditi, serta ketidaktentuan pasaran antarabangsa. Tempiasnya turut dirasai di Malaysia apabila kos sara hidup meningkat, rantaian bekalan terjejas dan ekonomi menjadi lebih mencabar, menuntut kita semua untuk lebih berhemah dan berwaspada dalam setiap perbelanjaan.

Dalam suasana dunia yang tidak menentu, setiap sen yang kita jimatkan memberi makna besar kepada masa depan kita dan keluarga. 

Namun begitu, janganlah keadaan ini memadamkan kemeriahan Hari Raya. Hakikatnya, kemeriahan sebenar bukan pada kemewahan, tetapi pada kebersamaan – duduk semeja, saling memaafkan, menghargai keluarga tersayang dan memperkukuhkan kebersamaan dengan rakan-rakan dari pelbagai kaum dan agama.

Kerajaan MADANI telah dan sedang mengambil beberapa langkah bagi membantu rakyat menghadapi krisis dunia, dengan menguruskan perbelanjaan negara secara berhemah. Di sebalik kenaikan harga minyak global, Kerajaan MADANI berusaha melindungi rakyat melalui subsidi bersasar sambil mengurus harga bahan api secara bertanggungjawab.

Tatkala pasaran minyak global terus berdepan ketidaktentuan, Kerajaan MADANI  masih mengekalkan harga RON95 di bawah BUDI95 bagi melindungi isi rumah.  Di samping itu bantuan tunai tambahan RM100 BUDI Diesel turut disalurkan. Sumbangan Tunai Rahmah (STR) Fasa 2 diawalkan dan Bantuan Khas Kewangan juga sudah disalurkan, selain pemberian cuti tambahan supaya rakyat dapat membuat persiapan Aidilfitri dan pulang ke kampung dengan lebih tenang. Semoga usaha ini sedikit sebanyak meringankan beban dan memberi kegembiraan kepada semua.

Kerajaan akan terus berusaha memastikan kestabilan melalui kawalan harga barang keperluan, pengukuhan jaringan keselamatan sosial, bantuan bersasar kepada rakyat, serta usaha memperkukuh ekonomi domestik agar kita tidak terlalu bergantung kepada faktor luar. Di sebalik setiap dasar dan keputusan yang dibuat, ada matlamat kerajaan yang cukup jelas, demi membantu rakyat meneruskan kehidupan dengan lebih baik.

Namun kekuatan Malaysia bukan hanya pada dasar kerajaan sahaja, ia juga terletak pada rakyatnya. Dalam suasana yang mencabar ini, marilah kita terus memelihara perpaduan yang telah lama menjadi tunjang negara. Saling menghormati, jaga sensitiviti, tolong-menolong, dan saling memahami antara kaum adalah kekuatan terbesar kita. Jangan sama sekali biarkan perbezaan memecahkan kita, sebaliknya jadikan kepelbagaian itu sebagai sumber kekuatan.

Hari Raya ini adalah waktu terbaik untuk kita merapatkan kembali silaturahim, memaafkan, dan memperkukuhkan jambatan perpaduan. Negara ini hanya akan terus kukuh jika rakyatnya bersatu hati, segulai sejalai.

Kepada yang pulang ke kampung halaman, utamakan keselamatan, pandulah dengan berhati-hati. Pastikan rumah dikunci rapi, maklumkan kepada jiran atau balai polis terdekat, tutup suis elektrik dan paip air dengan rapat. Kita mahu pulang beraya dengan tenang, dan kembali juga dengan hati yang lapang.

Selamat Hari Raya Aidilfitri, Maaf Zahir Batin.

Taqabbalallahu minna wa minkum.

Ikhlas,
Hj Fadillah Bin Hj Yusof",Fri Mar 20 10:09:28 +0000 2026,PetraJayaMP,Malaysia,True,9,6
food_prices,2034754330948247862,"@chairmanGLC Rantaian makanan terjejas teruk sebab penutupan selat ni kerana 1/3 bekalan baja di hasilkan di sana sebab minyak murah, bila bekalan minyak terjejas, baja pun sama. Sawit dan padi di Malaysia gantung pada baja, harga akan naik sebanyak 100%-150%, tapi lebih risaukan internet???",Thu Mar 19 22:10:11 +0000 2026,Fatulamnan,"Petaling Jaya, Selangor",True,34,1
food_prices,2034586910988079587,"Import baja (dan kandungan baja) negara kita sekitar RM5 bilion setahun. Tahun 2022 lepas Russia serang Ukraine harga naik mencanak-canak, kos import baja kita naik 90% jadi hampir RM9 bilion setahun. 

Malaysia eksport baja juga mostly nitrogen based (urea) tapi import banyak Phosphate & Potassium. 

Import baja kita 60% dari Russia dan China. 

China dah umum kawalan eksport baja 2 hari lepas. 

Pemproses baja dalam Malaysia ada yang dah mula tangguhkan order pelanggan sebab harga input baja naik 100% ke 150%. 

Harga makanan minyak masak sawit, sayur-sayuran, ayam & telur akan naik kalau perang berterusan. 

Mungkin seteruk 2022, kalau tidak lebih teruk.",Thu Mar 19 11:04:55 +0000 2026,syahir,Malaysia,True,45,30
food_prices,2033518752919396814,"Guys menurut Raymond Chin ada satu brand Indonesia yang menurut dia layak disebut brand global sejati. 
Bukan produk global. 
Tapi brand global.
Dan itu Indomie.
Bukan karena gw atau dia fanboy. 
Tapi karena datanya memang gila.

90 juta bungkus dikonsumsi setiap hari di seluruh dunia. 
31 pabrik di empat benua. 
Dikonsumsi di 100 negara. 
Dan dari total konsumsi mie instan global per hari Indomie nguasain lebih dari seperempatnya.
Di Arab Saudi market share-nya 95 persen. 
Di Afrika hampir 70 persen. 
Di Nigeria negara 220 juta jiwa Indomie disebut makanan nasional. 
Bukan makanan impor. 
Bukan makanan asing. 
Makanan nasional.

Tapi ini yang paling menarik dari analisis Raymond.
Kenapa Indomie bisa segitu kuatnya sementara brand Indonesia lain tidak?
Jawabannya bukan karena produknya enak doang. Banyak mie instan yang enak.
Jawabannya adalah keputusan nekat di tahun 1995.
Di saat semua perusahaan lain mikir bikin di Indonesia, ekspor ke luar, tunggu orang beli Indofood malah bangun pabrik di Nigeria. 
Di Afrika. 
Di benua yang waktu itu bahkan belum punya pasar mie instan sama sekali. 
Zero.

Mereka tidak kirim produk. 
Mereka bawa blueprint industri. 
Mesin. 
Sistem produksi. 
Sistem distribusi. 
Mereka ajarin tenaga lokal. 
Bangun supplier lokal. 
80 persen karyawan pabriknya orang Nigeria sendiri.

Dan mereka tidak coba jual rasa Indonesia ke orang Nigeria. 
Mereka bikin varian lokal. 
Suya. 
Pepper soup. 
Onion chicken. 
Mereka masuk ke sekolah. 
Bikin komunitas. 
Bikin Indomie Fans Club.

Mereka tidak datang untuk jualan. 
Mereka datang untuk jadi bagian dari kehidupan orang Nigeria.
Hasilnya satu generasi anak Nigeria tumbuh besar makan Indomie. 
Bukan karena tidak ada pilihan lain. 
Tapi karena Indomie sudah jadi bagian dari identitas mereka.
Dan blueprint Nigeria itu kemudian direplikasi ke Mesir. 
Arab Saudi. 
Malaysia. 
Serbia. 
Turki. 
Satu per satu. 
Pabrik sendiri. 
Partner lokal. 
Adaptasi budaya.

Raymond bilang satu hal yang gw catat.
Beda antara produk global dan brand global itu sederhana.
Produk global dibuat di sini, dikirim ke sana, dibeli orang lain.
Brand global nilai dan identitasnya menyatu dengan budaya negara yang dituju.
Indomie sudah di level kedua.

Dan yang bikin ini makin menarik Indomie bisa murah dan konsisten dari Aceh sampai Papua sampai Lagos sampai Riyadh karena Indofood kontrol seluruh rantai pasoknya sendiri. 
Tepung dari Bogasari. 
Minyak dari Salimas. 
Bumbu produksi internal.

Mereka tidak bergantung pada siapapun untuk jaga kualitas dan harga.
Satu-satunya brand consumer Indonesia yang punya pabrik sendiri di empat benua. 
Bukan franchise. 
Bukan lisensi. 
Pabriknya sendiri.
Di tengah semua berita buruk yang kita baca hari ini soal ekonomi Indonesia setidaknya ada satu hal yang bisa kita bangga tanpa perlu berdebat.
Mie 3.000 perak itu ternyata salah satu brand paling powerful yang pernah lahir dari negeri ini.",Mon Mar 16 12:20:26 +0000 2026,LambeSahamjja,,False,2843,522
food_prices,2032773383461679226,"#AWANIBorneo bersama Firdaus Azil

📌Harga minyak mencanak, Malaysia pantau kos penerbangan jemaah haji

📌Diesel sabah sarawak 'barang panas', jurang harga punca penyeludupan 

📌23 barangan makanan asas di Sarawak disenarai dibawah SHMMP

#AWANInews https://t.co/9aS9YkhRJV",Sat Mar 14 10:58:36 +0000 2026,501Awani,Malaysia,True,1,1
food_prices,2030976499541565805,"YB Datuk Seri Dr. Dzulkefly Ahmad, Menteri Kesihatan bersama barisan pengurusan tertinggi dan seluruh warga kerja Kementerian Kesihatan Malaysia (KKM) menyertai Majlis Perjumpaan YAB Perdana Menteri bersama warga kementerian bersempena perhimpunan bulanan Kementerian Perdagangan Dalam Negeri dan Kos Sara Hidup secara maya bagi mengikuti amanat Perdana Menteri di Ibu Pejabat KKM hari ini. 

Dalam usaha memperkukuh kesejahteraan rakyat, YAB Perdana Menteri mengumumkan inisiatif MADANI seperti Sumbangan Tunai Rahmah (STR) Fasa 2 yang diawalkan bermul 10 Mac 2026, Bantuan Khas Kewangan 2026 kepada penjawat awam Gred 15 ke bawah, pelaksanaan larangan penjualan minyak masak paket 1kg kepada warga asing, memperluaskan subsidi tiket penerbangan FLYsiswa RM400 kepada lebih 50,000 pelajar serta penganjuran Jualan Rahmah MADANI menjelang Aidilfitri bagi membantu rakyat mendapat barangan keperluan pada harga berpatutan. 

KKM komited mendukung aspirasi MADANI melalui penyampaian perkhidmatan kesihatan yang menyeluruh, adil dan inklusif demi memastikan kesejahteraan rakyat terus diperkasa sejajar dengan nilai kemanusiaan sejagat.  

Turut hadir, YBhg. Datuk Seri Hj. Hasnol Zam Zam bin Hj. Ahmad, Ketua Setiausaha Kementerian Kesihatan, YBhg. Dato’ Sri Zahrul Hakim bin Abdullah,Timbalan Ketua Setiausaha (Kewangan), YBrs. Dr. Ismuni bin Bohari, Timbalan Ketua Pengarah Kesihatan (Kesihatan Awam), YBhg. Datuk Dr. Nor Fariza binti Ngah Timbalan Ketua Pengarah Kesihatan (Penyelidikan & Sokongan Teknikal, YBrs. Dr. Azuana binti Ramli, Timbalan Ketua Pengarah Kesihatan (Perkhidmatan Farmasi), YBrs. Dr. Fauziah binti Ahmad, Timbalan Ketua Pengarah Kesihatan (Kesihatan Pergigian), YBrs. Ts. Zailina binti Abdul Majid, Timbalan Ketua Pengarah Kesihatan (Keselamatan & Kualiti Makanan).

#KKMPrihatin #SihatBersama #MalaysiaSihat #MADANIBekerja #RancakkanMADANI",Mon Mar 09 11:58:25 +0000 2026,KKMPutrajaya,Putrajaya,True,4,1
food_prices,2030910669839622537,"APA TERJADI KALAU HARGA MINYAK NAIK LEBIH 100 USD

Jika harga minyak naik lebih 100 USD. Dunia akan terkesan dengan sangat dahsyat

Harga minyak naik bermakna harga barang seluruh dunia akan naik seperti harga bahan api, pengangkutan, makanan, pengeluaran dan barangan lain lain. Ini tingkatkan inflasi dan menyebabkan pertumbuhan ekonomi perlahan

Bila harga naik sebegini. Banyak syarikat dan rakyat sendiri akan kurangkan perbelanjaan dan berjimat cermat. Bila rakyat berjimat cermat. Keuntungan syarikat berkurangan sebab tak ramai beli barang mereka 

Bank Pusat mungkin akan menangguhkan pemotongan kadar bunga atau tingkatkannya. Jadikan ia tekanan kewangan di seluruh dunia

Ini jugak akan beri impak terus kepada negara yang banyak beli minyak seperti Eropah, China, India dan Jepun. Kesemua negara ini adalah negara Ekonomi besar dunia. Jika apa apa terjadi kepada mereka ia beri kesan kepada seluruh dunia termasuk Malaysia 

Pengeksport Minyak dan Gas Asli seperti Rusia dan US akan dapat manfaat daripada pendapatan yang banyak 

Negara Negara Teluk akan rugi kerana mereka tak dapat jual minyak mereka kat luar. Ini kerana Selat Hormuz ditutup . Penutupan Selat Hormuz menjejaskan 20 peratus bekalan minyak dunia

Jika harga minyak capai 120 USD-150 USD. Ia akan sebabkan ekonomi kekal pegun atau meleset dan pasaran kewangan tak stabil. Ini akan membawa dunia kepada krisis ekonomi",Mon Mar 09 07:36:50 +0000 2026,Marchfoward,,False,756,402
food_prices,2030722380193296413,"Tadinya mau beli iphone 15, tapi setelah liat USOIL di 120$, mikir mikir ulang, knp ?

1, Geopolitik Memanas. AS memulai konflik dengan Iran. Prediksi awal hanya 5 minggu, tapi ada risiko terseret jauh lebih lama. Ketidakpastian global berada di titik tertinggi.
2, Jalur Logistik Terputus. Iran MENUTUP Selat Hormuz. Perlu diingat, 20% pasokan minyak dunia melewati jalur ini. Sekarang, semuanya terblokir.
3, Harga Minyak Meroket. Harga minyak mentah melonjak melewati $90/barel. Tren menunjukkan angka $120, bahkan menuju $150.
4, Efek Domino Harga. Saat harga minyak naik, BIAYA HIDUP ikut naik. Bensin, makanan, biaya kirim, hingga material konstruksi rumah. SEMUANYA jadi lebih mahal.
5, Inflasi Kembali Menghantui. Peluang penurunan suku bunga bank sentral global (seperti Bank of England atau The Fed) anjlok drastis hanya dalam satu minggu. Harapan bunga murah sirna.
6, Dilema Bank Sentral. Jika inflasi naik lagi, Bank Sentral tidak bisa memangkas suku bunga. Mereka justru terpaksa menaikkannya untuk mengerem ekonomi.
7, Bunga KPR Melambung. Suku bunga tinggi berarti bunga KPR naik. 7%? 8%? Bahkan bisa lebih tinggi lagi di masa depan.
8, Gagal Bayar Massal. Cicilan yang tinggi membuat banyak orang tidak sanggup bayar. Pasar akan dibanjiri oleh ""penjual paksa"" yang butuh uang cepat.
9, Pasar Saham Rontok. $4 Triliun kekosongan nilai sudah hilang dari pasar saham global dalam 4 hari. Banyak anak muda kehilangan uang DP rumah mereka karena market crash.
10, Panik Global. Bursa Korea Selatan anjlok -8% hingga memicu circuit breaker. Jepang turun -6%. Dow Jones anjlok 1.200 poin. Ini bukan sekadar koreksi biasa.
11, Badai PHK. Saat saham hancur, efisiensi dimulai. Sektor Teknologi, Keuangan, Properti, dan Konstruksi akan melakukan PHK massal.
12, Jual Rugi. Orang-orang yang kena PHK namun punya cicilan bunga tinggi tak punya pilihan lain selain JUAL RUMAH di harga berapa pun (Cut Loss).
13, Harga Rumah Anjlok. Suplai rumah melimpah, pembeli tidak ada. Harga bisa jatuh 20%, 30%, bahkan di beberapa lokasi bisa sampai 50%.

Ini persis seperti yang terjadi di tahun 2008.

Lonjakan Minyak → Inflasi → Kenaikan Bunga → Crash Saham → PHK → Kehancuran Pasar Properti.

POLA YANG SAMA SEDANG TERJADI SEKARANG. Langkah demi langkah. Secara real-time.

Jika kamu punya uang tunai (cash), SIMPAN DULU. Kesempatan beli aset termurah seumur hidupmu mungkin baru akan datang 12-24 bulan lagi.

Ini bukan sekadar menakut-nakuti. Ini adalah Logika Ekonomi.

Simpan ini. Cek lagi 18 bulan dari sekarang.",Sun Mar 08 19:08:39 +0000 2026,Moraxelacapital,Indonesia,False,3,0
food_prices,2029503632354529480,"TERKINI 

Kerajaan Malaysia ambil 5 langkah untuk bantu rakyat Malaysia dalam situasi Perang US Iran ketika ini

1) Kekalkan subsidi bahan api seperti RON 95. Harga RON 95 kekal RM1.99 seliter meskipun harga minyak dunia meningkat ketika ini 

2) Stabilkan kos baja 

3) Sokongan berdasar untuk rantaian bekalan makanan

4) Pemantauan harga barangan secara berterusan 

5) Mengawal kos di peringkat logistik dan pertanian",Thu Mar 05 10:25:46 +0000 2026,Marchfoward,,False,659,230
food_prices,2029461051700592834,"KONFLIK TIMUR TENGAH: MALAYSIA KEKAL STABIL, KESELAMATAN RAKYAT TERUS TERPELIHARA

Ketegangan geopolitik di Timur Tengah memberi kesan kepada ekonomi global termasuk harga minyak, kos logistik serta rantaian bekalan makanan dunia. https://t.co/3U30BWdo5G",Thu Mar 05 07:36:34 +0000 2026,KDNPUTRAJAYA,Putrajaya,True,5,2
food_prices,2029008428178321772,"#putrajaya Harga pengangkutan dan makanan dijangka menerima tekanan paling awal dan paling ketara susulan konflik geopolitik yang semakin memuncak di Timur Tengah

https://t.co/Jo5iJgEri9 https://t.co/MiVBUzeqU1",Wed Mar 04 01:38:01 +0000 2026,hmetromy,Malaysia,True,2,0
food_prices,2026881593865122120,"Situasi itu berisiko mengulangi impak seperti yang berlaku susulan konflik Rusia-Ukraine yang menjejaskan pengeluaran makanan dan bahan galian dunia hingga meningkatkan harga barangan.

#AWANInews #AWANI745 

https://t.co/v4uQuzHuhR",Thu Feb 26 04:46:44 +0000 2026,501Awani,Malaysia,True,1,1
food_prices,2024415287840575543,https://t.co/tm3dbXwNss,Thu Feb 19 09:26:31 +0000 2026,ismailfahmi,"Jakarta Selatan, DKI Jakarta",False,259,76
food_prices,2004195687324631228,"Dampak Global Biodiesel Sawit: 

Biodiesel berbasis minyak sawit telah menjadi salah satu sumber energi terbarukan yang paling signifikan di dunia, terutama karena produksi minyak sawit yang efisien dan murah. Indonesia dan Malaysia mendominasi pasar global, menyumbang sekitar 84% dari total produksi minyak sawit dunia. Secara global, minyak sawit digunakan tidak hanya untuk makanan, tetapi juga untuk biodiesel, yang membantu mengurangi ketergantungan pada bahan bakar fosil dan mendukung transisi energi hijau. Namun, dampaknya bersifat ganda: ada manfaat ekonomi dan potensi lingkungan positif, tetapi juga risiko serius terhadap ekosistem dan iklim.

Secara ekonomi, biodiesel sawit memberikan kontribusi besar terhadap penciptaan lapangan kerja dan pendapatan negara. Di Indonesia, misalnya, sektor ini mendukung jutaan pekerja dan petani kecil, serta meningkatkan devisa melalui ekspor. Minyak sawit juga lebih efisien daripada sumber minyak nabati lain seperti kedelai atau kelapa, menghasilkan 4-10 kali lebih banyak minyak per hektar lahan, yang membuatnya menjadi pilihan utama untuk biodiesel.
https://t.co/SL6CHFrX9S

Hal ini membantu ketahanan energi global, terutama di negara seperti Indonesia yang menerapkan mandat biodiesel B50 (campuran 50% biodiesel), meskipun ada ketidakpastian yang memengaruhi harga.b801a5 Pada 2025, permintaan biodiesel telah mendorong harga minyak sawit naik, mengalahkan minyak kedelai, dan mendukung pertumbuhan produksi sebesar 1% meskipun tantangan pasokan.
https://t.co/iDNqypskdw

 Selain itu, biodiesel sawit dapat mengurangi emisi karbon jika diproduksi secara berkelanjutan, membantu negara-negara memenuhi target iklim seperti di Uni Eropa dan AS.https://t.co/xWii9XP60s 

Di sisi lain, sektor ini juga mendukung ketahanan pangan dan energi di negara berkembang. Misalnya, di Indonesia, penggunaan minyak sawit untuk biodiesel telah meningkat 45 lakh ton sejak 2021, tanpa mengurangi pasokan untuk makanan, karena produksi keseluruhan yang terus bertambah. 
Secara global, ini berkontribusi pada stabilitas harga komoditas dan diversifikasi sumber energi.",Thu Dec 25 14:21:02 +0000 2025,Ndons_Back,,False,11,8
food_prices,1988000497064964234,"Lu punya statement ni menunjukkan yang lu gagal faham statement 'Harga makanan tersangkut dipuncak' ni Mat.

Time harga barang naik dulu, telur naik kaw2, minyak masak pun sama, harga makanan siap di seluruh Malaysia pun ikut naik. sekarang banyak harga barangan asas dah turun, tapi harga makanan siap masih tersangkut dipuncak. selain daripada sifat peniaga yang nak untung maximum yahudi, ada jawapan lain?

Dan tak semua benda Cgpt boleh bagi jawapan tepat brader, kalau jawapan memandai2 boleh ler.",Mon Nov 10 21:47:08 +0000 2025,aku_anak_felda,"Pengerang, Johor",True,4,0
inflation,2091409832767369565,"Bursa Global Bergerak Bervariasi: Tekanan Inflasi, Obligasi AS, dan Isu Geopolitik Picu Ketidakpastian Pasar https://t.co/nzy5klm2uQ via @Asatunews MYID https://t.co/0LxcYdea1w",Sun Aug 23 06:18:55 +0000 2026,Parlecoid,Jakarta Capital Region,False,0,0
inflation,2087447257029460170,"Bursa saham Wall Street ditutup melemah pada perdagangan selasa (11/8/26) akibat tertekan oleh kenaikan harga minyak di tengah ketidakpastian pembukaan kembali Selat Hormuz. Selain itu, para investor cenderung menahan transaksi (wait-and-see) menjelang rilis data inflasi Amerika Serikat (AS) yang krusial bagi penentuan arah kebijakan moneter Federal Reserve (The Fed). Mengutip Investing pada rabu (12/8/26), Indeks S&P 500 terkoreksi 0,4 persen ke level 7.725,76, Nasdaq Composite yang didominasi saham teknologi melemah 0,6 persen ke posisi 26.445,45, dan Dow Jones Industrial Average turun 0,3 persen ke angka 53.791,97.

Baca selengkapnya: https://t.co/F0RDohR3QP

#wallstreet #sp500 #nasdaq #dowjones #pasarsaham",Wed Aug 12 07:53:03 +0000 2026,Metro_TV,,False,0,0
inflation,2087082571863851022,"Agihan Zakat: MAIWP Memperkukuh Kebajikan Asnaf Dalam Cabaran Geopolitik Asia Barat 

Geopolitik dunia, khususnya konflik di Asia Barat bukan sekadar isu antarabangsa, malah memberi kesan kepada kehidupan rakyat melalui inflasi, kos sara hidup dan pertumbuhan ekonomi selain mempengaruhi kutipan serta keperluan agihan zakat yang menjadi instrumen penting bagi ekonomi umat islam, namun apakah pendekatan terbaik dilaksanakan Majlis Agama Islam Wilayah Persekutuan (MAIWP) untuk memastikan kebajikan asnaf terus terpelihara walaupun berdepan ketidaktentuan ekonomi global?

#malaysiagazette #borakMG #Maiwp #zakat #golonganasnaf",Tue Aug 11 07:43:55 +0000 2026,MalaysiaGazette,Kuala Lumpur,True,0,0
inflation,2086738628135501894,"Ekonomi Malaysia diunjur terus kukuh disokong pelaburan domestik, asing

#BHbisnes Tekanan terhadap kos sara hidup dan kesan inflasi susulan peningkatan harga minyak kekal antara kebimbangan yang perlu diberi perhatian.

https://t.co/VpDjTYyrnE",Mon Aug 10 08:57:13 +0000 2026,bharianmy,Malaysia,True,0,0
inflation,2084568721289572554,"Ekonomi Malaysia terus menunjukkan daya tahan yang kukuh meskipun berdepan pelbagai cabaran global termasuk konflik geopolitik, tekanan inflasi dan ketidaktentuan pasaran antarabangsa. https://t.co/ErVgqRD8NC",Tue Aug 04 09:14:47 +0000 2026,Msia_Tribune,Cyberjaya,False,5,0
inflation,2081618126089953587,"Sejumlah indeks saham acuan di bursa Asia menguat pada perdagangan Senin (27/7/2026), seiring meredanya ketegangan di Timur Tengah yang mendorong harga minyak turun tajam dan menurunkan tekanan inflasi. 
https://t.co/m5I4n5fTjU",Mon Jul 27 05:50:10 +0000 2026,putrapostdaily,Indonesia,False,3,0
inflation,2081566158462083329,"Harga minyak tinggi berpotensi menekan inflasi dan mempengaruhi keputusan Kadar Dana Persekutuan AS.

https://t.co/zdyWfWd3HZ

'Yang sahih di RTM'
#RTM #BeritaRTM #MalaysiaMadani #TaatSetia #BersamaMALAYSIAKU #RancakkanMADANI #MADANIBekerja https://t.co/NEBX9YPTyo",Mon Jul 27 02:23:40 +0000 2026,beritartm,,False,2,0
inflation,2080715887498371557,"Saya baca-baca dan mulai tertarik dengan tokoh ini, seorang pengamat Ekonomi Indonesia yang sesuai prediksinya tahun lalu diantaranya adalah nilai 1 Dollar yang mencapai 18k Rupiah, IHSG akan anjlok, dan MSCI akan mengubah Indonesia ke frontier market. Ada video terbarunya dan ini adalah inti-inti dari yang beliau sampaikan:

1. Kondisi Rupiah Sedang Gawat 🚨
Rupiah Tertekan Hebat: Nilai tukar rupiah terhadap dolar AS sebenarnya sedang melemah drastis akibat faktor dalam dan luar negeri.
Intervensi Agresif BI: Bank Indonesia (BI) mati-matian menahan agar dolar tidak melewati Rp18.000 dengan cara terus membeli rupiah di pasar setiap hari. Tanpa tindakan ini, dolar dinilai sudah jebol ke atas Rp20.000.

2. Taktik BI Memikat Investor Asing (Umpan Swap) 🎣
Bunga BI Tetap: BI memilih tidak menaikkan suku bunga utamanya (tetap di 5,75%).
Kasih ""Bonus"" Lindung Nilai: Sebagai gantinya, BI merayu investor asing agar mau membawa dolar mereka ke Indonesia dengan memberikan fasilitas bernama swap (lindung nilai) dengan diskon premi yang murah.
Keuntungan Pasti: Melalui skema ini, investor asing bisa meminjam dolar di luar negeri, berinvestasi di surat utang BI (SRBI), dan pulang membawa keuntungan bersih yang aman sekitar 1,24% tanpa takut rugi akibat perubahan kurs.

3. Risiko Bom Waktu bagi Indonesia 💣

Utang Terselubung: Taktik swap BI ini menciptakan kewajiban bayar di masa depan (contingent liabilities) yang sangat besar.
Menguras Cadangan Devisia: Saat ini, nilai kontrak swap BI diperkirakan mencapai 28 miliar dolar US. Angka ini setara dengan 20% dari total cadangan devisa negara (145 miliar dolar US).
Hanya Menunda Masalah: Kebijakan ini dianggap berbahaya karena hanya menunda masalah ke tahun depan. Ketika kontrak tersebut jatuh tempo, cadangan devisa kita terancam terkuras habis dan rentan menjadi sasaran empuk spekulan pasar keuangan dunia.

4. Penyebab Luar Negeri yang Memperparah Keadaan 🌍
Harga Minyak Naik: Harga minyak mentah dunia melonjak lagi ke atas 100 dolar per barel. Karena Indonesia adalah importir minyak, kita terpaksa harus membeli lebih banyak dolar untuk membayar minyak tersebut, sehingga rupiah makin tertekan.
Suku Bunga Amerika Tinggi: Suku bunga di Amerika Serikat diprediksi akan tetap tinggi atau bahkan naik lagi karena inflasi mereka yang dipicu harga minyak. Hal ini membuat investor global lebih memilih memindahkan uang mereka kembali ke Amerika.

5. Rekomendasi untuk Masyarakat 💰

Pasar Saham Lesu: Kondisi pasar saham saat ini sedang memburuk (bearish), terbukti dengan turunnya IHSG dan bursa saham global.
Aset Terbaik Saat Ini: Pembicara menilai masa kejayaan investasi emas sudah selesai. Pilihan aset yang paling aman untuk dipertimbangkan saat ini adalah memegang mata uang asing yang kuat seperti Dolar US (USD), Dolar Singapura (SGD), atau Dolar Australia (AUD)",Fri Jul 24 18:05:00 +0000 2026,Robbiekurniaw,Indonesia,False,4,1
inflation,2080512955356217396,"✅Bursa Asia kompak memerah:
⚠️#IHSG -2,36% ke 6.166 | #Kospi -5,91% | #Kosdaq -5,06% | #Nikkei -2,79%
✅Konflik AS-Iran &amp; serangan Houthi mendorong Brent menembus US$101
⚠️Risiko inflasi naik, peluang kenaikan bunga The Fed melonjak ke 35%
#IranWar‌ #pasarsaham #BearMode https://t.co/cdAgGVho11",Fri Jul 24 04:38:37 +0000 2026,taritali_indo,Indonesia,False,2,0
inflation,2080127901383737850,"[Marketstudio]
Market Update

Indeks Harga Saham Gabungan (IHSG) memulai perdagangan pada hari Kamis, 23 Juli 2026, di zona hijau. Pada 15 menit pertama pembukaan, indeks mencatatkan kenaikan sebesar 0,57% ke level 6.370. Penguatan ini didukung oleh aktivitas transaksi yang cukup ramai, dengan nilai mencapai Rp2,28 triliun dari volume 7 miliar lembar saham.

Tren positif ini sejalan dengan kondisi pasar saham Asia secara keseluruhan. Mayoritas indeks utama seperti KOSPI, NIKKEI 225, dan Hang Seng terpantau menguat, sementara hanya sebagian kecil seperti bursa Vietnam, Singapura, dan Malaysia yang mengalami koreksi pada awal sesi.

Arah pergerakan bursa saham hari ini didominasi oleh perpaduan sentimen dari dalam dan luar negeri :

Sentimen Positif Domestik, Keputusan Bank Indonesia mempertahankan suku bunga acuan di level 5,75% direspons baik oleh pasar. Kebijakan ini dinilai mencerminkan optimisme bank sentral terhadap stabilitas nilai tukar Rupiah dan tingkat inflasi yang terkendali. Selain itu, kenaikan harga mayoritas komoditas juga turut menopang pergerakan indeks.

Sentimen Negatif Global, Eskalasi konflik geopolitik di Timur Tengah, terutama ketegangan antara Amerika Serikat dan Iran, kembali membayangi pasar keuangan. Hal ini ditambah dengan pelemahan bursa Wall Street dan masih adanya tren arus modal asing yang keluar (capital outflow) dari pasar saham domestik.

Sumber :
https://t.co/sR9F81Jm3y",Thu Jul 23 03:08:33 +0000 2026,gilangrmdhn,Jakarta. Bandung. Balikpapan.,False,2,1
inflation,2077970055586103777,"Inflasi Jun menyederhana 1.9 peratus disokong penurunan harga minyak

#BHbisnes Purata harga RON97 turun kepada RM4.33 seliter pada Jun, manakala purata harga diesel di Semenanjung Malaysia lebih rendah RM4.50 seliter.

https://t.co/y5syBOccRq",Fri Jul 17 04:14:02 +0000 2026,bharianmy,Malaysia,True,4,1
inflation,2076509062964158709,"✅Bursa Asia melemah pada Senin ini akibat ketegangan AS-Iran.
⚠️#KOSPI anjlok lebih dari 5%, terseret saham teknologi.
⚠️#Samsung🔻hampir 7% | #SKHynix ambles 11%.
‼️Harga Brent naik lebih dari 3%, memicu kekhawatiran inflasi dan suku bunga tinggi
#BearMarket #STOCKNEWS https://t.co/UVb0D7LmHA",Mon Jul 13 03:28:34 +0000 2026,taritali_indo,Indonesia,False,2,0
inflation,2073033168115118149,https://t.co/hcojnZI3ia,Fri Jul 03 13:16:37 +0000 2026,tradingans,Indonesia,False,13,12
inflation,2072952372876485049,https://t.co/fddV8eDLqD,Fri Jul 03 07:55:33 +0000 2026,tradingans,Indonesia,False,13,12
inflation,2072664290390429804,"72 bulan surplus neraca dagang. 
Lenyap dalam 1 bulan.

PMI manufaktur Juni 2026: 46,9 , terendah setahun.
Di ASEAN Juni ini: 
Vietnam 51,8 ✅ 
Thailand 53,6 ✅ 
Malaysia 50,7 ✅ 
Filipina 50,9 ✅
Indonesia: 46,9 ❌ , satu zona sama Myanmar.

Semua negara ASEAN kena guncangan geopolitik yang sama.
Tapi yang manufakturnya ambruk cuma Indonesia (dan Myanmar).
Kelas menengah turun dari 14% → 7%.
Inflasi biaya input: tertinggi kedua sejak survei dimulai tahun 2011.
PHK makin masif. Daya beli rakyat makin tipis.

Pertanyaannya sederhana:
Kalau geopolitiknya sama, kenapa sakitnya beda?",Thu Jul 02 12:50:49 +0000 2026,suwondo99,Gejayan,False,68,37
inflation,2072276135745147092,"HSBC kekalkan unjuran pertumbuhan ekonomi Malaysia, inflasi terkawal disokong subsidi petrol

#BHbisnes Meskipun Malaysia kekal sebagai pengimport bersih minyak mentah, negara juga berstatus pengeksport utama gas asli, sekali gus meletakkannya pada posisi yang menggalakkan.

https://t.co/9AmI21evK6",Wed Jul 01 11:08:26 +0000 2026,bharianmy,Malaysia,True,1,0
inflation,2071998151725306217,https://t.co/2VXcAzPrX6,Tue Jun 30 16:43:49 +0000 2026,Tehangettawar_,Indonesia,False,2,2
inflation,2071761483009339479,"Semalam, ketika kami bermesyuarat di sebuah warung terpencil yang langsung tiada dalam Google Maps, salah seorang kawan bertanya,

""PRN Johor nanti kau turun mengundi tak?""

Aku jawab,

""Tak. And I'll explain why.""

Mengikut syarat kelayakan mengundi di Malaysia, seseorang hanya perlu memenuhi beberapa syarat asas:

- Warganegara Malaysia.
- Berumur 18 tahun ke atas.
- Berdaftar sebagai pemilih melalui pendaftaran automatik SPR berdasarkan rekod JPN.

Manakala golongan yang tidak layak mengundi hanyalah:

- Individu yang disahkan tidak sempurna akal.
- Individu yang sedang menjalani hukuman penjara.
- Individu yang dijatuhi hukuman mati atau dipenjarakan lebih 12 bulan dan masih menjalani hukuman tersebut pada tarikh kelayakan.

Sekarang mari kita fikirkan.

Dalam demokrasi moden:

Satu undi lelaki = satu undi wanita.

Satu undi orang yang benar-benar memahami ekonomi, sejarah, geopolitik dan pentadbiran = satu undi orang yang langsung tidak tahu membezakan inflasi dengan kenaikan harga.

Adakah semua undi benar-benar patut dianggap setara?

Majoriti manusia bukanlah terdiri daripada golongan yang berfikir secara mendalam. Majoriti hanya mengikut emosi, propaganda, sentimen semasa dan apa yang mereka lihat di media.

Dalam sistem sebegini, seorang yang membuat keputusan berdasarkan ilmu dan hikmah boleh dengan mudah dikalahkan oleh ribuan orang yang membuat keputusan berdasarkan kejahilan.

Orang bijak hampir mustahil untuk mengatasi jumlah orang yang bebal, kerana orang bebal sentiasa jauh lebih ramai.

Itulah kelemahan asas demokrasi.

Lebih menarik lagi, undang-undang sendiri mengiktiraf bahawa ada individu yang tidak layak mengundi kerana tidak sempurna akal.

Tetapi pada masa yang sama, sistem ini memberikan hak mengundi kepada wanita.

Sedangkan Nabi SAW sendiri menyifatkan wanita sebagai golongan yang naqisat 'aql wa din, kurang akal dan kurang agama.

Kalau begitu, atas dasar apa mereka diberikan tanggungjawab yang sama dalam menentukan hala tuju sesebuah negara?

Aku melihat perkara ini bukan sebagai satu bentuk penghormatan kepada wanita, tetapi sebagai satu bentuk ketidakadilan terhadap mereka.

Kita meletakkan satu tanggungjawab politik yang besar ke atas golongan yang Rasulullah SAW sendiri telah jelaskan mempunyai kekurangan tertentu mengikut fitrah mereka.

Hakikatnya, tidak semua hak adalah satu penghormatan.

Ada tanggungjawab yang sepatutnya dipikul oleh mereka yang lebih layak memikulnya.

Sama seperti kita tidak memberikan hak mengundi kepada kanak-kanak kerana mereka belum cukup matang untuk membuat keputusan yang besar.

Sebagai seorang lelaki, kau tak rasa pelik bahawa undi kau mempunyai nilai yang sama dengan sesiapa sahaja tanpa mengambil kira tahap kebijaksanaan, pengalaman atau kemampuan berfikir?

Bayangkan undi kau bernilai sama dengan lelaki yang takut bini sehingga semua keputusan hidupnya ditentukan oleh bini.

Bayangkan undi kau bernilai sama dengan lelaki yang menganggap institusi riba hanyalah tempat orang berjual beli kelapa sawit.

Bayangkan undi kau bernilai sama dengan mereka yang tidak mampu berfikir secara objektif langsung, berdarah 7-14 hari sebulan, tetapi tetap diberi kuasa menentukan masa depan seluruh negara.

Tidakkah itu satu penghinaan terhadap nilai pertimbangan dan kebijaksanaan?

Aku tidak menerima bahawa setiap manusia, tanpa mengambil kira ilmu, hikmah, kebijaksanaan atau kemampuan membuat pertimbangan, wajar diberikan kuasa politik yang sama.

Lebih-lebih lagi apabila keseluruhan sistem politik moden, tidak kira parti mana yang menang, akhirnya tetap berkhidmat kepada tuan yang sama.

Mereka mungkin bergaduh di pentas politik.

Tetapi apabila menyentuh sistem kewangan fiat, bank pusat, penciptaan wang daripada hutang dan penyebaran riba secara sistemik, hampir semuanya bermain dalam permainan yang sama.

Parti bertukar. 

Menteri bertukar. 

Tetapi mesin mencetak wang terus beroperasi.

Riba terus berkembang.

Kuasa terus dipusatkan.

Jadi, kenapa turut serta?",Tue Jun 30 01:03:23 +0000 2026,RealSunBros,Malaysia ☀️💧🧲,True,17,3
inflation,2070657936016511431,"GM…

Kan perang kan? Perang lagi kan? 

Jadi serangan itu sudah direncanakan. Makanya BR ga beli-beli.

“AS dan Iran setuju melakukan komunikasi militer”

Itu bukan berarti untuk damai, itu untuk menjadikan Dunia Exit Liquidity. Mereka akan kerlingan mata. Udah jadi sekutu. 

🫢🫢🫢🫢🫢

Ntar Iran balasnya saat deket-deket jam bursa AS buka hari Senin  jam 4 Sore waktu Washington 🤣

Unmich turun tanda inflasi turun karena minyak. Itu sementara saja. Nanti sekalipun inflasi bullrun juga Fed cuma ngeliatin ajah. 

Tanda AS ngajak damai Iran kan karena liquidity kering. Persis kayak perang Vietnam dulu. 

Sekarang lebih kering lagi. AS ajah kering apalagi sekutunya. Kalau sekutunya naikin suku bunga kan nyedot liquidity AS. AS nyedot siapa kalau Yuan ga inflasi-inflasi?

Sabtu woles. Altcoin naik. Altcoin yang mana? Yg ga saya pin.

Pokoknya saya ajah jadi exit liquidity netijen.

RSI 27.",Fri Jun 26 23:58:17 +0000 2026,hoteliercrypto,"Bali, Indonesia",False,121,3
inflation,2070487119328649436,"KUALA LUMPUR  - Memasuki pertengahan 2026, rakyat disaran menyemak semula pelan kewangan susulan perubahan inflasi, kadar faedah, harga minyak, ringgit dan sentimen pasaran global.

📌 Sumber: Kosmo!
Artikel Penuh
https://t.co/LkoXl0hIDO https://t.co/agQLLytcIY",Fri Jun 26 12:39:31 +0000 2026,financialfaizn,,False,4,4
inflation,2070096036568367172,"Penurunan harga minyak kurangkan kebimbangan tekanan inflasi di Malaysia

#BHbisnes Harga minyak yang rendah dapat membantu meredakan tekanan inflasi dengan mengurangkan kos pengangkutan, logistik dan pengeluaran dalam pelbagai industri.

https://t.co/fX0SFbTgb9",Thu Jun 25 10:45:30 +0000 2026,bharianmy,Malaysia,True,1,1
inflation,2070090693645914560,"Penurunan Harga Minyak Redakan Kebimbangan Inflasi Malaysia Dan Ekonomi Global

#BernamaBiz

https://t.co/383mnhsjaf https://t.co/kp0b0PzrpZ",Thu Jun 25 10:24:16 +0000 2026,BernamaBiz,Kuala Lumpur,True,4,2
inflation,2069786342901604713,"Hala tuju kadar faedah AS, konflik geopolitik jejas sentimen ringgit

#BHbisnes Faktor asas ekonomi domestik seperti kadar inflasi, OPR, dasar fiskal, landskap politik negara turut memainkan peranan menentukan turun naik kadar pertukaran mata wang.

https://t.co/74Mi6F6QV8",Wed Jun 24 14:14:53 +0000 2026,bharianmy,Malaysia,True,0,0
inflation,2067415340905308222,"Hasil FOMC Rapat Juni 2026: The Fed Tahan Suku Bunga, Tapi Market Tetap Merah (Thread)

Sesuai konsensus pasar, Federal Reserve (The Fed) resmi menahan suku bunga di level 3,50%–3,75% dalam rapat FOMC 16–17 Juni 2026. Tapi jangan senang dulu, market discounts everything. Meski angkanya tetap, reaksi pasar global justru kompak merah merona. Kenapa? Karena nadanya bukan menenangkan (dovish), melainkan hawkish.

Sebelum pengumuman, tensi investor emang udah naik duluan dengan posisi S&P 500 turun 0,57%, Nasdaq drop 1,15%, DXY di 99,59, dan Bitcoin tertahan di US$64.950. Begitu konferensi pers selesai, arah pasar makin pesimis: S&P 500 longsor 1,28%, Nasdaq anjlok 1,45%, dan imbal hasil (yield) US Treasury 10 tahun merangkak naik ke level 4,467%.

Poin krusial yang bikin pelaku pasar kecewa berat adalah Summary of Economic Projections (SEP):

* Skenario Cut Mundur: Median proyeksi rate akhir 2026 berada di level 3,8%. Artinya, hampir separuh pejabat The Fed melihat peluang suku bunga bisa lebih tinggi atau bertahan di puncak lebih lama (higher for longer).

 *Inflasi Bandel: Proyeksi inflasi PCE 2026 naik ke level 3,6% (jauh dari target aman 2%), sementara Core PCE dipatok 3,3%. Selama harga energi tertekan konflik geopolitik, The Fed gak punya alasan buat kasih diskon suku bunga.

*Ekonomi AS Terlalu Kuat: Pertumbuhan GDP riil diproyeksi solid di 2,2% dan tingkat pengangguran cuma 4,3%. Karena data tenaga kerja belum loyo, buat apa buru-buru dipangkas?

Dampak instannya ke instrumen investasi global:
*Saham Teknologi & Growth Boncos: Kenaikan yield tenor pendek meningkatkan tingkat diskonto, otomatis bikin valuasi masa depan saham growth makin mahal dan sulit dibela.

*Aset Safe-Haven: Dolar AS makin perkasa karena imbal hasilnya seksi, sementara emas dan Bitcoin tertekan karena pasar masuk mode risk-off.

Sentimen ke Bursa Efek Indonesia (BEI) & Rupiah:
* Ini bukan sinyal kiamat atau crash, tapi fiks jadi alarm waspada jangka pendek.

* Rupiah berisiko melemah kalau indeks dolar (DXY) terus menguat kenceng.

*Aliran dana asing (*foreign flow*) bakal jauh lebih selektif. Saham teknologi, properti, dan emiten berutang dolar tinggi bakal super sensitif.

*Sebaliknya, perbankan besar sekelas $BBCA, $BBRI, $BMRI diprediksi bakal lebih tebal bantalannya karena likuiditas dan kualitas aset yang kokoh.

Variabel wajib pantau selanjutnya: Pergerakan yield US Treasury 2 & 10 tahun, pergerakan DXY, rilis data inflasi bulanan AS, serta testimoni lanjutan para pejabat internal The Fed.",Thu Jun 18 01:13:22 +0000 2026,txtpersahaman,,False,7,3
inflation,2066382649082671552,"Kementerian Ekonomi menjangka kadar inflasi Malaysia kekal terkawal antara 1.5 dan 2.5 peratus sepanjang tahun ini meskipun berdepan tekanan daripada krisis bekalan tenaga dan ketidaktentuan geopolitik global.  

#BernamaNews 
#InfografikBernama 
#inflasi

 https://t.co/FBOb7MW0Ms",Mon Jun 15 04:49:49 +0000 2026,Bernama_Radio,Malaysia,True,2,2
inflation,2066379001623675323,"Kementerian Ekonomi menjangka kadar inflasi Malaysia kekal terkawal antara 1.5 dan 2.5 peratus sepanjang tahun ini meskipun berdepan tekanan daripada krisis bekalan tenaga dan ketidaktentuan geopolitik global.

#BernamaNews
#InfografikBernama
#inflasi https://t.co/V5KxwNyfrr",Mon Jun 15 04:35:20 +0000 2026,bernamadotcom,"Kuala Lumpur, Malaysia",True,5,1
inflation,2066361010454507727,"#Putrajaya Kementerian Ekonomi menjangka kadar inflasi Malaysia kekal terkawal antara 1.5 dan 2.5 peratus sepanjang tahun ini meskipun berdepan tekanan daripada krisis bekalan tenaga dan ketidaktentuan geopolitik global.

https://t.co/r8WfJkPbNU",Mon Jun 15 03:23:50 +0000 2026,hmetromy,Malaysia,True,1,0
inflation,2064663896535740436,"Kejutan Minyak Meningkatkan Inflasi Malaysia Kepada 1.9%

Sebanyak 70% isi rumah di negara ini berdepan tekanan kos sara hidup apabila kadar inflasi meningkat kepada 1.9% pada April 2026 berbanding 1.7% pada Mac lalu. 

https://t.co/31jJo3K5we https://t.co/FxOZlv1tYO",Wed Jun 10 11:00:07 +0000 2026,EkonomiRakyatMY,Kuala Lumpur,True,2,1
inflation,2064312883786523038,"BURSA SAHAM RUNTUH BERJAMAAH IMBAS BALASAN KE IRAN

Apakah sistem keuangan global yang selama ini kita anggap kokoh sebenarnya serapuh kartu yang mudah goyah? Temukan bagaimana ketegangan geopolitik di Selat Hormuz bisa memicu efek domino yang meruntuhkan bursa saham Asia hingga mengancam isi dompet Anda dalam waktu semalam.

Berikut adalah poin penting yang dibahas dalam video ini:

*Penghentian darurat bursa saham Korea Selatan akibat anjloknya indeks utamanya pasca bel pembukaan.

*Peran krusial Selat Hormuz sebagai jalur pasokan minyak dunia yang memicu guncangan pasokan terbesar dalam sejarah.

*Tiga pemicu utama di akhir pekan yang meledakkan pasar finansial global secara bersamaan.

*Jatuhnya nilai tukar mata uang won dan yen akibat intervensi devisa dan jebakan dolar Amerika Serikat.

*Ancaman inflasi pangan dan energi yang menggerus daya beli masyarakat serta memukul industri penerbangan.

*Langkah tenang China melepaskan ketergantungan dolar dengan memborong emas fisik secara masif.

*Risiko lingkaran setan utang Amerika Serikat yang mempercepat ketidakstabilan ekonomi global.

Saksikan analisis lengkapnya untuk memahami ke mana arah krisis ekonomi global ini bergerak dan bagaimana dampaknya terhadap masa depan keuangan kita.",Tue Jun 09 11:45:19 +0000 2026,Mata__Netizen62,"Jakarta Capital Region, Indone",False,44,13
inflation,2063483753557614716,"Ringgit diunjur berada antara RM4.02 dan RM4.04 sedolar minggu depan

#BHbisnes Kebuntuan rundingan AS-Iran boleh menyebabkan harga bahan api terus meningkat, mengakibatkan tekanan inflasi yang tinggi.

https://t.co/9JCtigb6pw",Sun Jun 07 04:50:39 +0000 2026,bharianmy,Malaysia,True,1,0
inflation,2062896236479565848,"Ringgit jatuh kepada RM4.02 sedolar dalam ketidaktentuan geopolitik berterusan

#BHbisnes Kebuntuan dalam rundingan antara AS dan Iran berpotensi mengekalkan harga bahan api pada paras tinggi, meningkatkan tekanan inflasi.

https://t.co/cPZ8ZsHGvC",Fri Jun 05 13:56:04 +0000 2026,bharianmy,Malaysia,True,4,1
inflation,2062493602677407971,"Ringgit jatuh kepada RM4 sedolar hari ini susulan ketegangan geopolitik tidak berkesudahan

#BHbisnes Kenaikan harga bahan api dijangka memberi tekanan terhadap inflasi global memandangkan gencatan senjata antara AS, rejim zionis Israel dan Iran masih sukar dicapai.

https://t.co/JZvPFsS01z",Thu Jun 04 11:16:08 +0000 2026,bharianmy,Malaysia,True,7,5
inflation,2062424229686231511,"Guys, ada satu orang di debat Head to Head CNN Indonesia yang menurut gue paling berani dan paling jujur dalam menggambarkan kondisi ekonomi Indonesia sekarang.

Prof. Ferry Latuhihin pakar ekonomi dan analis pasar modal tidak basa-basi. 
Tidak diplomatis. 
Langsung ke inti.

Dan apa yang dia katakan sangat sulit dibantah.

Pertama tentang prediksi yang bikin banyak orang tidak nyaman:

Ferry memprediksi rupiah bisa menyentuh Rp20.000 di Juni, Rp22.000 di Juli, dan Rp25.000 di akhir tahun.

Banyak yang langsung menolak prediksi ini. 
Tapi Ferry punya alasan yang sangat spesifik dan yang paling penting: 
track record-nya selama ini benar.

Dia sudah prediksi IHSG ambruk benar. 
Dia prediksi rating Indonesia di-downgrade benar. Dia prediksi dolar menembus Rp17.000 malah lewat.

Dan ini argumen intinya yang paling kuat:

""Kalau kamu bilang ini semua gara-gara faktor eksternal global coba lihat angkanya. 

Saat mata uang negara-negara Asia lain menguat terhadap dolar rupiah tetap melemah. 

Saat bursa Asia menghijau IHSG kita turun hampir 5% dalam sehari.""

""Jadi kalau kamu taruh semua blame di faktor global
you must be wrong. 
Karena boroknya ada di kita sendiri.""

Dan ini tentang apa yang Ferry sebut sebagai borok internal yang paling mengejutkan:

Sebelum perang Iran bahkan dimulai Fitch dan Moody's sudah menurunkan outlook Indonesia. 
Di angka pertumbuhan 5,11% yang seharusnya bagus lembaga rating justru memberikan sinyal negatif.

Kenapa? 
Karena mereka melihat sesuatu yang tidak bisa disembunyikan oleh angka pertumbuhan: 
kebijakan yang tidak bisa diprediksi dan tidak memberi kepercayaan kepada investor.

Contoh yang Ferry sebut: 
begitu PT DSI didirikan S&P langsung menggonggong dengan ancaman downgrade. 

Begitu Danantara diumumkan Fitch langsung memberikan rating sangat negatif.

""Ini bukan tentang apakah kebijakan itu niatnya baik. Pertanyaannya: 
apakah investor percaya kebijakan itu benar atau koplak?""

Dan ini tentang lingkaran setan yang paling sulit dipecahkan:

Kalau pemerintah mengeluarkan obligasi baru dengan kupon lebih tinggi untuk menarik investor yang pertama kena dampaknya adalah asuransi, dana pensiun, dan bank sebagai pemegang SBN yang ada sekarang. 

Nilai aset mereka turun. 
Loanable fund berkurang. 
Kredit ke ekonomi makin seret.

Tapi kalau tidak dinaikkan investor tidak mau masuk karena imbal hasilnya tidak sebanding dengan risiko.

""You cannot close the balloon here without it inflating somewhere else. 
What a big nonsense you say every time oh ekonomi kita kuat 5,6% pertumbuhannya.""

Dan ini yang paling relevan untuk kehidupan sehari-hari:

Ferry mengingatkan sesuatu yang sering dilupakan: 
Indonesia masih impor kedelai untuk tahu tempe, masih impor gandum untuk roti, masih impor gula, masih curiga impor beras, masih impor jagung, masih impor pupuk dan tentu saja masih bergantung impor minyak.

Artinya setiap kali rupiah melemah semua harga bahan pokok itu ikut naik. 
Bukan karena kebijakan harga domestik berubah. 
Tapi karena bahan bakunya sendiri lebih mahal dalam rupiah.

Dan kondisi ini diperparah oleh sesuatu yang Ferry sebut shrinkflation harga barang tidak naik tapi ukurannya mengecil. 

Ini tidak dihitung sebagai inflasi secara resmi tapi dampaknya ke kantong masyarakat sama saja.

Dan ini kalimat Ferry yang paling menohok tentang BI menaikkan suku bunga 50 basis poin:

""Diketawain sama market.""

Bukan karena langkahnya salah secara teori. 
Tapi karena hitungannya tidak masuk: 

kalau US Treasury yield 4% dan Indonesia harusnya membayar risk premium minimal 3% di atasnya karena rating yang lebih rendah berarti SBN seharusnya diperdagangkan di yield sekitar 10%. Tapi sekarang masih di bawah 7%.

Artinya: investor yang rasional tidak akan masuk. 
Dan yang sudah ada di dalam punya alasan kuat untuk keluar.

Dan ini yang paling penting dari seluruh analisis Ferry:

""Ini bukan temporary shock. 
Ini systematic shock. Bedakan itu.""

Temporary shock artinya ada gangguan dari luar yang akan reda sendiri. 

Systematic shock artinya ada masalah struktural di dalam sistem yang tidak akan selesai hanya dengan menunggu.

Dan selama tidak ada mitigasi risiko yang nyata — bukan sekadar pernyataan bahwa fundamental ekonomi kuat tekanan terhadap rupiah tidak akan berhenti.

""Purbaya bilang tenang aja ini temporary.
 Kalau temporary kenapa dari tahun lalu terus naik? Temporary apanya?

Ferry bukan sedang menakut-nakuti. 
Dia sedang menjalankan fungsi yang paling penting dalam ekonomi: memberikan sinyal yang jujur ketika sinyal resmi tidak mencerminkan realitas.

Dan realitasnya sekarang adalah: rupiah di Rp17.900 bukan hanya angka di layar. Itu adalah hasil akumulasi dari masalah kepercayaan yang sudah menggerus selama berbulan-bulan 

dari kebijakan yang tidak konsisten, dari program besar yang dipertanyakan tata kelolanya, dan dari narasi optimisme yang tidak didukung oleh tindakan mitigasi yang nyata.

Masalah kepercayaan tidak bisa diselesaikan dengan pidato. Hanya bisa diselesaikan dengan rekam jejak — dengan kebijakan yang konsisten, transparan, dan bisa diprediksi.

Dan sampai itu terjadi Ferry mungkin benar.
mungkin bulan depan kita akan bertemu 
rupiaah di 20.000/usd",Thu Jun 04 06:40:29 +0000 2026,LambeSahamjja,,False,1794,686
inflation,2062193225696501923,"Pertanyaan bagus, dan jujur jawaban detailnya susah ditebak. Karena kalau rupiah beneran tembus 20.000, dampaknya nyebar ke mana-mana. Harga barang impor naik, beban subsidi energi meledak, daya beli kelas menengah tambah turun, dll. Tapi yang lebih penting dari ""apa yang akan terjadi"" adalah fakta bahwa kita sudah mengarah ke sana, dan faktor penyebabnya bisa kita identifikasi dari sekarang.

Hari ini, 3 Juni 2026, rupiah ada di kisaran 17.900 per dolar, rekor terlemah sepanjang sejarah. Sejak awal tahun aja udah ambruk sekitar 6,8% dari posisi akhir 2025 di 16.670. Jarak dari sini ke 20.000 tinggal sekitar 12%. Kedengeran jauh? Tentu nggak, awal tahun rupiah masih di 16.670, sekarang udah 17.900. Sisa ke 20.000 tinggal 2.100 rupiah lagi.

Terus kenapa bisa separah ini? Gw lihat ada dua sisi yang jalan bareng dan saling dorong satu sama lain. Sisi pertama datang dari luar, dari global.
Kebetulan gw baru habis nonton video Leon Hartono yang rilis 29 Mei kemarin, dan dia ada ngebedah sisi ini. Inti argumennya simpel: jangan ukur kekayaan lu cuma pakai nominal rupiah, ukur pakai patokan global. Coba liat indeks dolar, yang ngukur seberapa kuat dolar dibanding mata uang-mata uang besar dunia. Sekarang angkanya di kisaran 99, padahal awal 2025 sempet di 109 dan malah anjlok ke 96 di Januari 2026. Artinya dolar lagi nggak segarang itu, tapi rupiah tetap cetak rekor. Itu sinyal bahaya.

Leon nunjukin kenapa modal asing kabur. Yield obligasi Amerika tinggi, sementara selisihnya sama obligasi kita cuma sekitar 2 persenan. Buat investor asing, ngapain nahan risiko negara berkembang kalau bedanya setipis itu? Mending balik ke Amerika. Dia juga bandingin sama mata uang yang justru kuat puluhan tahun kayak franc Swiss dan dolar Singapura. Rahasianya cuma tiga: inflasi rendah, neraca dagang surplus, dan institusi yang dipercaya.

Yang bikin gw merinding bagian akhir videonya. Leon bahas mata uang yang ambruk total kayak Lebanon dan Iran, dan akar masalahnya selalu sama: pemerintah cetak uang berlebihan sampe cadangan devisa abis, bank sentral kehilangan independensi, dan publik hilang kepercayaan. Gw nyimak sambil mikir, kok beberapa sinyal itu kerasa nggak asing ya buat kita...

Nah, sisi keduanya justru datang dari dalam negeri sendiri, dan ini yang pernah gw tulis di thesis April lalu, cuma datanya gw perbarui sampe hari ini. Fiskal kita udah ketarik kenceng. Defisit 2025 mentok di 2,92% PDB, dan asumsi APBN 2026 dibangun di atas minyak 70 dolar dan kurs 16.500. Dua-duanya udah meleset jauh, minyak nyentuh 90-100 dolar gara-gara perang di Timur Tengah. Tiap minyak naik 1 dolar, tekanan ke defisit nambah sekitar 6,8 triliun. Proyeksi pemerintah sendiri udah tunjukin defisit bisa mentok di 3,5% kalau harga minyak dan kurs terus kayak sekarang.

Dari sisi modal lebih ngeri lagi. Kepemilikan asing di surat utang negara tinggal sekitar 12,6%, terendah sejak 2006, padahal setahun lalu masih 14 persenan. Cadangan devisa yang dipake Bank Indonesia buat nahan rupiah turun dari 156,5 miliar dolar di Desember ke 146,2 miliar di April, dan BI ngaku udah bakar sekitar 10 miliar dolar buat intervensi. Inget ancaman MSCI mau nurunin Indonesia ke status frontier yang bikin pasar panik Januari kemarin? Itu untungnya batal, status kita ditahan di emerging bulan Mei. Tapi rupiah tetap jeblok juga. Artinya masalahnya lebih dalam dari sekadar satu indeks. Dan diam-diam, makin banyak utang pemerintah yang dibeli BI sendiri, sampe muncul pertanyaan soal independensi bank sentral. Inget tiga akar masalah versi Leon tadi?

Jadi balik ke pertanyaan awal. Yang paling nyesek bukan cuma angka 20.000-nya. Rupiah sekarang cetak rekor terlemah lawan dolar Singapura di 14.000 dan ringgit Malaysia di 4.500. Bukan cuma lawan dolar AS.
Pemerintah dah gerak sih, seperti kita tau ada aturan wajib parkir hasil ekspor mulai 1 Juni, Danantara digerakkan beli saham di bursa buat nahan IHSG, ada BI Rate di 5,25%. Tapi Moody's hari ini kasih Danantara outlook negatif, langsung ngikutin kondisi Indonesia. Artinya lembaga yang dipake buat nahan masalah kredibilitasnya sama persis kayak masalah yang mau ditahan. Pertanyaannya: cukup nggak semua itu, sebelum 20.000 berubah dari skenario jadi headline?",Wed Jun 03 15:22:33 +0000 2026,AvelinoGuido28,,False,20,7
inflation,2061854767492833359,https://t.co/VUsvTtcZ7r,Tue Jun 02 16:57:38 +0000 2026,Fdhilonn,,False,82,27
inflation,2061816817585389674,"𝐉𝐚𝐬𝐚 𝐀𝐍𝐖𝐀𝐑 𝐝𝐚𝐧 𝐊𝐞𝐫𝐚𝐣𝐚𝐚𝐧 𝐌𝐚𝐝𝐚𝐧𝐢.

👍Gaji & pencen kakitangan awam naik 15%,
👍gaji minimum swasta naik RM1,700, 
👍Nilai RM meningkat lebih 9.8% kepada RM3.88- Tertinggi sejak 2011
👍KDNK 2025 meningkat 6.3%
👍Pelaburan Diluluskan RM426.7 Tertinggi dalam Sejarah Negara
👍Kadar Inflasi rendah 1.4%
👍Kadar Pengangguran Terendah 2.9%
👍Indeks Rasuah Terendah CPI 54
👍Pengumpulan Harta dan tunai melalui Rasuah dan Penyelewengan RM15.5 Billion
👍Sistem Budi95 berjaya atasi pelbagai masalah subsidi bersasar lebih RM8 Billion setahun
👍Hutang Bersih Negara menurun 
👍Rizab Negara melebihi USD128 Billion 
👍OPR makin rendah 2.75%
👍menyerap lebih 15,000 perjawatan kedoktoran dlm negara
👍bonus stiap tahun 
👍veteran tentera tak berpencen dpt RM500 sebulan,
👍STR naik lebih tinggi dari BRIM 3 kali ganda
👍SARA & Mykasih naik kpd 5.4juta penerima RM100 sebulan,
👍Masalah beras tempatan selesai dan beras murah berbanding 2020
👍harga sawit dan getah naik, 
👍harga belian padi naik,
👍Pendapatan LHDN tertinggi dalam Sejarah
👍dividen Syariah KWSP tertinggi dlm sejarah, 
👍bantuan persekolahan naik RM150,
👍subsidi nelayan, petani, penoreh naik,
👍flysiswa naik RM400
👍pelaburan Negeri makin tinggi setiap tahun hingga mencatat tertinggi dlm Sejarah bagi beberapa negeri spt Sarawak, Pahang, Perak, Melaka, N Sembilan dan Kedah melalui MIDA dan MITI
👍bantuan Sekolah Agama DAN sekolah Pondokdikembalikan, 
👍tandas sekolah & gerai2 dinaiktaraf, 
👍sewa tapak bazar Ramadhan dr ribuan diturunkan jd RM400 - RM500 shj,
👍harga ayam, daging, telur menurun & stabil, 
👍harga minyak masak jatuh lebih 20%
👍semua harga bahan mentah juga menurun
👍majlis ilmu subur, ulama² dunia datang dan iktiraf Kerajaan skrg,
👍FELDA dinaik tarafkan, 
👍Malaysia dapat No 1 kedudukan dunia dalam ODIN,
👍Sistem Kehakiman, polis, SPRM dan PBT yg bebas melaksanakan tugas tanpa gangguan politik
👍SAPURA yang rugi bertahun² tiba² untung RM100juta+,
👍MAS untung 3 tahun berturut², 
👍Jumlah hasil cukai LHDN tinggi menaik lebih 20%
👍PMX disanjungi di seluruh dunia politik & ulama',
👍Jemputan Majlis Ulama' sedunia kpd PM yg pertama dlm sejarah sebagai tetamu khas,
👍Diiktiraf oleh seluruh Ulama' Muktabar dunia sebagai Pemimpin Islam paling dihormati dan seluruh Ulama' mendoakan Rahmat dan Keberkatan buat beliau dan Negara Malaysia
👍Anwar Ibrahim kini berjaya menduduki tangga ke-11 dalam senarai 500 Individu Muslim Paling Berpengaruh Dunia 2024. Paling tinggi kedudukannya di antara PM yg ada dlm sejarah
👍Menjadi Ketua Pemimpin yang mempertahankan Palestin dan Negara2 Islam sejagat
👍Tarif Elektrik makin turun 20%
👍mula menyertai BRICS utk elakkan pengaruh kuasa besar dan jalankan pelaburan lebih erat
👍Pelaburan Infineon dan Invidia lebih RM25Billion di Kulim, Melaka dan Johor
👍peningkatan kemahiran Vokasional melalui TVET untuk kemahiran teknikel dan AI bagi Rakyat
👍Membasmi kemiskinan tegar
👍Membasmi rasuah dan salahguna kuasa.
👍Mengurangkan kadar cukai jalan bagi kenderaan diesel (terbaru)
👍 Mewujudkan elaun RM250 kpd setiap pelajar Tingkatan 6 seperti pljr matrikulasi. 

Bayangkan kalau Anwar jadi PM 5  tahun lagi ? Saya yakin kita mencapai negara maju yg berpendapatan tinggi dan kepesatan pembangunan moden dan sophistikated.",Tue Jun 02 14:26:50 +0000 2026,lady_bugg11,,False,304,73
inflation,2061706032532029616,"#kualalumpur Harga minyak mentah Brent berpotensi melonjak sehingga AS$115 berbanding AS$85.63 setong berikutan kemuncak ketegangan geopolitik di Timur Tengah, sekali gus meningkatkan risiko tekanan inflasi global dan kos import yang lebih tinggi kepada Malaysia 

https://t.co/ScWpikYO2Y",Tue Jun 02 07:06:37 +0000 2026,hmetromy,Malaysia,True,5,0
inflation,2061288699120517191,https://t.co/8Mfo5EKGiL,Mon Jun 01 03:28:17 +0000 2026,OSL_ID,Indonesia,False,7,2
inflation,2058026622037704728,"Guys, Ferry Latuhihin baru bicara lagi. 
Dan seperti biasa tiga prediksi sebelumnya sudah terbukti semua dia tidak menarik kata-katanya.

""Saya masih yakin Juli dolar ke Rp22.000.""

Bukan ugal-ugalan. 
Bukan menakut-nakuti. 
Tapi analisis yang disampaikan dengan sangat tenang oleh orang yang rekam jejaknya bicara sendiri.

Dan sebelum gue lanjut ada satu hal yang harus diluruskan dulu.

Soal tuduhan ""agen Soros"" ini yang paling menggelikan:

Setiap kali Ferry memperingatkan bahaya langsung dicap agen Soros. 
Agen asing. 
Mau menghancurkan Indonesia.

Ferry langsung jawab: 
Agen itu orang dalam. 
Mana ada orang di luar pagar kayak kita disebut agen. Insulting my intelligence.

Dan Prof. Rhenald Kasali menambahkan: 
Yang namanya Soros itu business entity bukan political entity. Motifnya cari untung. 

Dia itu seperti white hacker kalau lihat celah dia masuk. 
Dia bukan mau jatuhkan rezim. 
Dia warning bahwa kebijakan Anda salah.

Artinya: 
Soros menyerang mata uang suatu negara bukan karena benci negara itu. 

Tapi karena kebijakan negaranya sendiri yang menciptakan celah. 

Pound sterling Inggris dihajar Soros. 
Bank of England dibobol. 
Bukan karena Inggris punya musuh tapi karena kebijakannya salah.

Dan kalau Indonesia diserang spekulan bukan karena ada agen. 
Tapi karena kebijakan kita sendiri yang menciptakan celah itu.

Dan ini diagnosa Ferry yang paling menohok:
Saat krisis Asia 1998 Thailand, Malaysia, Korea Selatan, Indonesia jatuh bersamaan.
Itu fenomena regional. Contagion effect.

Sekarang? Kita jatuh sendiri.
Currency Malaysia menguat terhadap dolar kita melemah. 
Currency Korea menguat kita melemah. 
Currency Thailand menguat kita melemah.

""Saat currency lain menguat terhadap dolar kita tetap melemah. 
Berarti boroknya memang borok kita sendiri. 
Bukan systemic risk. Unique risk. 
Kita satu-satunya.""

Dan ini lebih berbahaya dari 1998. 
Karena di 98 kita jatuh bersama ASEAN dan bangkit bersama ASEAN. Sekarang kita jatuh sendiri. Dan harus bangkit sendiri. Tanpa momentum regional yang membantu.

Dan ini rantai kausalitas yang Ferry jelaskan:
Harga minyak sekarang 117 dolar per barel padahal asumsi APBN hanya 70 dolar. 
Perang Iran tidak akan selesai dalam hitungan bulan. 

Ferry yakin bisa 5 tahun ke depan. 
Iran punya kepentingan menjaga harga minyak tinggi karena itu sumber devisa utamanya.

Setiap kenaikan 1 dolar per barel di atas asumsi APBN tambahan beban fiskal Rp6,7 triliun. 
Selisih 47 dolar berarti tekanan ratusan triliun.

Lalu: beban subsidi melambung defisit melebar kepercayaan turun rupiah melemah biaya impor naik inflasi naik daya beli turun.

Dan April 2026 inflasi masih single digit. 
Tapi Ferry yakin: Mei 2026 double digit.

Karena produsen sudah mulai beli bahan baku di harga minyak baru yang dua kali lipat dan belum di-pass through ke harga akhir. Sekarang sudah mulai dipass through.

Dan ini soal kabinet yang paling berani Ferry bilang:
""108 menteri dan wakil menteri tidak ada satu pun yang jelas orang-orangnya.""

""Amerika cuma punya 16 menteri.
 Negara kita yang income per kapitanya 1/20 Amerika punya 108. 
Pemborosan yang sangat dahsyat.""

""Beda sama zaman Soeharto. 
Soeharto cuma lulus sekolah rakyat tapi yang diambil Sumitro Joyo Hadikusumo, Wijoyo Nitisastro, Sumarlin, Emil Salim. 

Teknokrat semua. 
Begitu kabinet Prabowo diumumkan 
pasar langsung baca: 
dolar mulai naik sistematis.""

Ini bukan soal suka atau tidak suka orangnya. 
Ini soal bagaimana pasar membaca sinyal dari komposisi kabinet. 

Dan pasarnya sudah membaca hasilnya terlihat dari rupiah yang terus melemah sejak hari pertama kabinet diumumkan.

Dan ini soal kebijakan antimarket yang Ferry sebut:
Ojek online dipaksa komisi 8%. 
Ferry langsung bilang: ""Tukang ojek sendiri tidak setuju loh. 

Mereka sadar kalau Gojek dan Grab kolaps 7 juta ojek online jadi pengangguran. 
Tiap satu ojeker menghidupi tiga orang.""
Danantara dibentuk untuk kelola aset ribuan triliun. Badan ekspor satu pintu dibentuk untuk atasi under invoicing. 

Ferry bilang: ""Ini kayak BPPC dulu Badan Penyangga dan Pemasaran Cengkeh. Akhirnya petani cengkeh di Manado kaing-kaing. Pohonnya pun akhirnya enggak ada.""

Dan sekarang sudah terjadi: 
buyers batu bara internasional 
mulai pindah ke Australia. 
Bukan karena Australia lebih murah. 

Tapi karena tidak ada kepastian supply dari Indonesia. ""Saya deal dengan government entity saya tidak tahu apakah mereka bisa commit.""

TBS sawit petani sudah anjlok 20% baru beberapa hari setelah kebijakan ekspor satu pintu diumumkan.

Dan ini yang paling mengerikan dari analisis Ferry:

""Outlook 5 tahun ke depan saya: very grim.""
""50% anggota Apindo:
tidak akan ekspansi 5 tahun ke depan. 
68% anggota Apindo:
tidak akan rekrut karyawan 1 tahun ke depan.""

Ini bukan ngarang. 
Ini data langsung dari pelaku usaha di lapangan.
Dan recovery-nya tidak akan cepat seperti 98. 
Di 98 ada IMF yang menolong. 
Ada momentum regional. 
Ada kepercayaan terhadap institusi.

Sekarang: ""Saya yakin IMF pun tidak mau membantu kita.""

Kenapa? Karena masalah kita bukan masalah likuiditas jangka pendek yang bisa diselesaikan dengan pinjaman darurat. 

Masalah kita adalah structural problem dan institutional problem yang jauh lebih sulit dan jauh lebih lama untuk diselesaikan.

Dan Prof. Rhenald Kasali menutup dengan satu kalimat yang paling tepat:

""Ancaman terbesar dari suatu turbulensi bukanlah turbulensi itu sendiri tetapi adalah denial. Penyangkalan.""

Dan itulah yang sedang terjadi. Prabowo bilang orang desa tidak pakai dolar. 

Purbaya bilang fundamental kuat. 
Perry mengganti definisi stabilitas. 
The Economist disebut bego.

Sementara IHSG turun 22% sepanjang tahun berjalan. Rupiah di Rp17.700. Investor kabur. 40 triliun keluar dari pasar saham hanya di Q1.

Bukan karena dia mau Indonesia hancur. 
Tapi karena dia melihat data yang sama yang dilihat oleh seluruh investor asing yang sedang keluar dari pasar Indonesia dan tidak ada sinyal dari pemerintah bahwa ada yang akan berubah.

""Pemerintah ini asik membangun mimpi tapi tidak membangun ekonomi.""

Dan rakyat yang tidak pernah pegang dolar yang makan tempe dari kedelai impor, yang isi gas dari tabung yang harganya naik, yang cari kerja di pasar yang sudah mulai menutup lowongan mereka yang menanggung semua tagihannya.",Sat May 23 03:25:57 +0000 2026,LambeSahamjja,,False,200,79
inflation,2057702908712702031,"Ketakutan Barat dan para sekutunya terhadap melemahnya rupiah.

Melihat layar Indeks Harga Saham Gabungan (IHSG) yang belakangan ini kerap dihiasi warna merah, mayoritas analis finansial konvensional akan langsung menyodorkan rumus yang sama: inflasi global, kebijakan suku bunga The Fed, atau sentimen pasar yang sedang memburuk. 

Namun, benarkah dinamika ini murni urusan angka-angka matematis ekonomi? Ataukah ada riak geopolitik yang lebih besar di bawah permukaannya?

Jika kita mau melihat lebih jeli, warna merah pada IHSG saat ini bukanlah tanda kelemahan ekonomi domestik kita. Sebaliknya, itu adalah ""ongkos"" yang harus dibayar ketika sebuah bangsa memutuskan untuk berhenti mendiktekan nasibnya pada kemauan global. 

Ini adalah respons dari ketakutan Amerika Serikat dan sekutu baratnya terhadap pelemahan rupiah serta arah politik ekonomi Presiden Prabowo Subianto yang ingin membawa Indonesia berdiri di atas kaki sendiri (berdikari) sebuah langkah berani yang mengingatkan kita pada era Presiden Soeharto.

Menghidupkan Kembali 'Hantu' Nasionalisme Soeharto
Sejarah mencatat bahwa di bawah kepemimpinan Presiden Soeharto, Indonesia sempat mencapai puncak kepercayaan diri ekonominya. 

Lewat swasembada pangan dan pembangunan industri strategis nasional, Indonesia membuktikan bahwa negara berkembang tidak harus selalu menjadi ""pelayan"" bagi kepentingan industri negara-negara maju.

Hari ini, spirit yang sama dihidupkan kembali oleh Prabowo. Kebijakan hilirisasi yang diperluas, ambisi swasembada energi, hingga ketahanan pangan total adalah sinyal jelas kepada dunia: 

Indonesia tidak lagi sekadar menjual tanah airnya secara murah untuk memakmurkan bangsa lain. Namun, sejarah juga mengajarkan kita bahwa kemandirian selalu memicu kegeraman global. 

Ketika Soeharto mulai enggan tunduk pada syarat-syarat berat IMF yang mencekik kedaulatan bangsa pada akhir 1990-an, seketika itu pula kekuatan finansial barat ""menghukum"" Indonesia lewat spekulasi mata uang dan pasar modal.

Mengapa Amerika dan Sekutunya Geram?
Bagi Washington dan negara-negara sekutunya, Indonesia yang mandiri adalah sebuah anomali yang berbahaya. 

Selama puluhan tahun, tatanan ekonomi global dirancang agar negara-negara kaya sumber daya alam seperti kita tetap menjadi pemasok bahan baku mentah.

Ketika Prabowo menegaskan bahwa Indonesia harus mengolah kekayaannya sendiri dan berhak menentukan mitranya tanpa perlu meminta restu dari barat, kenyamanan para raksasa global ini terusik. 

Mereka kehilangan kontrol, kehilangan akses terhadap bahan baku murah, dan yang paling krusial, mereka kehilangan pengaruh hegemoninya di kawasan Asia Tenggara.

Pasar Saham Sebagai Senjata Tekanan Psikologis

Di sinilah korelasi antara merahnya IHSG dan geopolitik itu terjadi. Pasar saham kita, suka atau tidak, masih sangat sensitif terhadap pergerakan modal asing (foreign capital).

Ketika sebuah pemerintahan menunjukkan sikap nasionalisme yang kuat dan menolak untuk disetir oleh kepentingan asing, para investor global sering kali menggunakan capital outflow (penarikan modal) sebagai senjata. Mereka menciptakan kepanikan artifisial di pasar saham. 

Tujuannya jelas: 

memberikan tekanan psikologis kepada pemerintah agar melunakkan kebijakannya dan kembali ""tunduk"" pada aturan main barat.

Warna merah di papan bursa adalah bentuk ""protes"" dari sistem kapitalisme global yang geram melihat Indonesia yang mulai berani mendongak dan menatap setara negara-negara adidaya.

Kita harus memilih cara pandang. Kita bisa ikut panik melihat IHSG yang memerah seolah-olah ekonomi kita sedang runtuh, atau kita bisa melihatnya dengan kepala tegak sebagai bagian dari perjuangan merebut kedaulatan yang sejati.

Menjadi bangsa yang merdeka secara politik itu mudah, tetapi menjadi merdeka secara ekonomi membutuhkan keberanian ekstra. Jika warna merah di IHSG hari ini adalah harga yang harus dibayar agar anak cucu kita kelak menikmati hasil bumi Indonesia seutuhnya bukan dinikmati oleh korporasi di New York atau London maka itu adalah harga yang sangat layak untuk dibayar.

Indonesia sedang bersiap untuk berdiri di atas kakinya sendiri. Dan riak di pasar saham hanyalah ujian kecil bagi sebuah bangsa yang sedang bergerak menjadi raksasa baru dunia.",Fri May 22 05:59:38 +0000 2026,G3nX_files,"Tanjung Priok, Indonesia",False,13,6
inflation,2057028923058491661,https://t.co/PzjihsH1DF,Wed May 20 09:21:27 +0000 2026,Web3Recapio,Indo / Global,False,3,0
inflation,2056912751461863767,"Nampaknya media antarabangsa pun semakin kurang yakin dengan peluang PMX.

Pertama, media asing SCMP lapor peluang Anwar Ibrahim untuk kekal sebagai PM bagi penggal kedua kini semakin tipis dan berisiko.

Kedua, SCMP juga lapor dia mungkin perlu mengadakan pilihan raya lebih awal sebelum tekanan ekonomi, kenaikan harga barang dan krisis subsidi minyak menjadi lebih parah.

Kalau tunggu sampai pemotongan subsidi, harga minyak dan inflasi benar-benar menggigit rakyat, kemarahan pengundi mungkin lebih besar.

Malah, SCMP cadang Anwar mungkin sedang pertimbang pilihan raya mengejut sebelum krisis subsidi bahan api memaksanya potong perbelanjaan atau naikkan harga minyak, sekali gus melemahkan peluang dia untuk menang.

Maksudnya, strategi politik dia mungkin begini:
Minta mandat dulu.
Naik harga RON95 kemudian.",Wed May 20 01:39:50 +0000 2026,HalimCrypto, 208018.bitmap 🟧,False,55,21
inflation,2054392227359863166,"Bursa Asia Merah Berjamaah, Investor Pantau Iran dan Inflasi AS
https://t.co/jKUaMIabIn",Wed May 13 02:44:10 +0000 2026,cnbcindonesia,Jakarta Capital Region,False,0,0
inflation,2054107218904301576,"Harga minyak mentah dunia menurun 8.5 peratus minggu pertama Mei

Ekonomi Malaysia kekal stabil dengan inflasi terkawal dan pertumbuhan KDNK positif

#SinarHarian #hargaminyakdunia #menurun #ekonomiMalaysia #kekalstabil

https://t.co/WgQfonjNk5",Tue May 12 07:51:39 +0000 2026,SinarOnline,Malaysia,True,2,0
inflation,2052867930757661110,"The Telegraph: Trump Kini Menghadapi Tiga Pilihan; Semuanya BURUK

Opsi 1: Mengalah pada Iran

Jika Trump segera mencapai kesepakatan dengan Tehran untuk membuka Selat Hormuz dan menurunkan harga minyak, ia akan dituduh melakukan ""penyerahan diri"" di dalam negeri AS. Hal ini akan dianggap sebagai kegagalan total dari kebijakan tekanan maksimum (maximum pressure).

Opsi 2: Meningkatkan ketegangan militer

Setiap upaya untuk membuka Selat Hormuz secara paksa atau menyerang infrastruktur utama Iran dapat memicu perang regional skala penuh. Opsi ini akan mendorong harga minyak melampaui $150, membawa bursa saham global ke ambang kehancuran, dan menjerat AS dalam rawa konflik yang jauh lebih besar daripada Irak dan Afganistan.

Opsi 3: Mempertahankan status quo

Jika ia tidak melakukan apa-apa dan hanya menunggu, tingginya harga energi dan inflasi yang diakibatkannya (harga bensin mencapai $6 di AS) akan mendorong ekonomi global ke jurang resesi. Dalam skenario ini, Iran akan terus melanjutkan ekspor tidak resminya, dan elektabilitas Trump dalam jajak pendapat domestik akan merosot lebih jauh.",Fri May 08 21:47:09 +0000 2026,SoftWarNews,Yemen,False,209,50
inflation,2052825570950644131,"PORTOFOLIO ORANG KAYA BUKAN CUMA 1 ASET

Mereka nyebar modal ke banyak sektor biar tetap aman saat market chaos

Ini strategi diversifikasi 8 aset yang sering dipakai investor besar:

- SAHAM GLOBAL
Masuk ke perusahaan dunia lewat indeks seperti S&P 500

- OBLIGASI
Pegang surat utang negara atau korporasi buat jaga stabilitas

- PROPERTI
Investasi rumah tanah apartemen atau REITs penghasil cashflow

- KOMODITAS
Main di emas minyak dan sektor energi sebagai pelindung inflasi

- KRIPTO
Bitcoin dan aset digital dengan risiko tinggi tapi potensi return besar

- PRIVATE EQUITY
Taruh modal ke bisnis private yang belum masuk bursa

- CASH
Minimal simpan cash buat cadangan dan peluang dadakan

- EMERGING MARKET
Lirik saham negara berkembang dengan potensi pertumbuhan tinggi

Intinya jangan taruh semua uang di satu tempat

Investor besar fokus jaga alokasi aset bukan sekadar cari cuan cepat",Fri May 08 18:58:50 +0000 2026,vespamatic96,"Bali, Indonesia",False,13,3
inflation,2052635702190551310,"Malaysia menegaskan komitmen teguh untuk terus memperkukuh kesepaduan ASEAN dalam mendepani tantangan global yang semakin meruncing, khususnya krisis geopolitik yang memberi kesan langsung terhadap aspek keterjaminan tenaga dan makanan serta kestabilan rantaian bekalan serantau. Dalam Sidang Kemuncak ASEAN ke-48 hari ini, saya menekankan bahawa tiada negara mampu menghadapi kemelut ini secara bersendirian, justeru kerjasama kolektif dan perpaduan serantau yang berpaksi pada solidariti ASEAN mesti terus diperkasa. 

Malaysia turut menyuarakan dukungan terhadap pemacuan ASEAN Power Grid, pengukuhan mekanisme keselamatan petroleum serantau, serta keperluan memperluas jaringan kerjasama strategik termasuk menerusi ASEAN-GCC-China demi menjamin daya tahan tenaga jangka panjang. Dalam soal keterjaminan makanan pula, ASEAN perlu bertindak lebih tuntas melalui penyelarasan stok kecemasan makanan dan pengukuhan mekanisme simpanan beras APTERR agar rantau ini tidak terus terdedah kepada inflasi makanan dan gangguan bekalan.

Pada masa yang sama, keselamatan warga ASEAN di kawasan bergolak turut menjadi keutamaan bersama. Kita mesti memperhebat perkongsian maklumat, kerjasama diplomatik dan mekanisme tindak balas kecemasan demi melindungi kebajikan rakyat ASEAN di luar negara. Walhasil, ASEAN harus terus kekal sebagai wahana kestabilan, keterangkuman dan daya tahan serantau dalam dunia yang semakin berantakan dan terpecah dengan persaingan geopolitik.

#MalaysiaMADANI 
#YakinMADANI 
#ASEAN48",Fri May 08 06:24:22 +0000 2026,anwaribrahim,Malaysia,True,148,58
inflation,2052591277250892037,https://t.co/39M87ejHOB,Fri May 08 03:27:50 +0000 2026,syfaeth,"Jakarta Pusat, DKI Jakarta",False,12,4
inflation,2052201923508576566,"Guys, Prof. Mahfud MD baru ngomong blak-blakan di podcast Escape Clause dan ini bukan omongan yang dibuat-buat untuk viral. 

Ini adalah evaluasi serius dari mantan Ketua Mahkamah Konstitusi dan mantan Menko Polhukam tentang kondisi hukum dan demokrasi Indonesia hari ini.

Soal MBG dan kalimat yang paling jujur:

""Kesalahan tata kelolanya itu memang lebih menonjol dari keberhasilannya.""

Mahfud tidak menolak MBG sebagai program. Dia bilang programnya bagus karena memihak rakyat kecil. 

Tapi dari data yang dia terima tentang komposisi pengeluaran MBG dari total anggaran yang triliunan, hanya Rp340 miliar yang langsung digunakan untuk belanja makanan.

Sisanya? Untuk hal-hal yang tidak langsung berkaitan dengan kebutuhan perut orang miskin.

Mahfud juga menyoroti laporan ke presiden yang mengklaim MBG sudah menyembelih 19.000 sapi. 

Dia bertanya dengan sangat sederhana: 
sehari berapa sapi yang bisa disembelih kalau sasarannya jutaan orang? 

Dan kenyataannya di lapangan tidak ada daging yang kelihatan.

Soal 33.000 anak keracunan Mahfud bilang itu bukan angka kecil kalau terjadi berulang-ulang di seluruh Indonesia. 

Satu kejadian di dua tempat mungkin bisa dimaklumi. Tapi ini berkali-kali dan penjelasan pihak MBG sendiri tidak masuk akal.

Dan yang paling ironis: ada SMA terbaik di Jogja dengan siswa dari keluarga kaya 44 orang keracunan. 

Sementara Mensos pernah berkata yang keracunan adalah yang tidak biasa makan enak. 
Faktanya terbalik.

Soal kriminalisasi pengkritik dan ini yang paling mengkhawatirkan:

Saiful Mujani dikritik, dipolisikan. 
Feri Amsari dikritik, dipolisikan. 
Tuduhan yang dipakai: makar.

Mahfud yang mantan Ketua MK langsung membedah ini secara hukum:

Makar itu secara hukum adalah tindakan fisik untuk membuat presiden atau wakil presiden tidak berdaya, atau menggulingkan susunan pemerintahan. 

Bukan sekadar menyatakan pendapat bahwa presiden salah. 

Bukan sekadar mengkritik kebijakan. Bukan sekadar menyerukan impeachment yang merupakan mekanisme konstitusional.

""Misalnya saya nyatakan pendapat Presiden tidak benar ini. 
Apa salahnya? 
Kok lalu dibilang mau makar?""

Dan Mahfud bahkan mengajukan sesuatu yang sangat menarik: 

pasal makar yang justru lebih tepat diterapkan adalah pada orang-orang yang menjual pasir Indonesia ke Singapura sehingga wilayah Indonesia secara fisik berkurang karena Singapura reklamasi menggunakan pasir itu dan batas wilayah bergeser. 

Itu secara harfiah ""menyerahkan sebagian wilayah ke pihak asing.""

""Kenapa tidak itu yang ditangkap?
Yang jelas-jelas makar menjual wilayah ke orang asing.""

Soal politik luar negeri yang tidak jelas arahnya:
Mahfud blak-blakan bilang posisi Indonesia dalam geopolitik sekarang tidak jelas dan agak kacau.

Bebas aktif secara konsep berarti tidak memihak blok manapun. 
Tapi kalau kita sudah condong ke satu arah itu bukan nonblok lagi, itu sudah ""go to block.""

Soal tanker Indonesia yang masih tertahan di Selat Hormuz sementara kapal Malaysia dan Thailand bisa lewat dengan lebih mudah Mahfud tidak bisa menjawab secara teknis tapi mengakui bahwa persepsi publik bahwa Indonesia dianggap lebih pro-Amerika adalah pertanyaan yang sah dan perlu dijawab oleh pemerintah.

Soal Prabowo yang sudah lebih dari 50 kali ke luar negeri dalam satu setengah tahun Mahfud tidak menyerang, tapi dia bilang:

""Begitu banyak gitu orang yang didatangi juga jengah. Ini orang datang terus kalau orang bergurau, sudah tahu masalahnya, ngapain lagi datang?""

Dan yang lebih penting: hasilnya apa yang dikomunikasikan ke publik? Itu yang belum jelas.
Soal ""inflasi pengamat"" yang disebut Seskab Teddy:

Mahfud punya jawaban yang sangat elegan untuk ini.

Pengamat itu tidak punya SK. 
Tidak ada yang mengeluarkan sertifikat pengamat.
Jadi kalau ada banyak orang yang menyebut diri pengamat itu bukan inflasi, itu dinamika demokrasi.

Tapi yang menarik adalah respons balik dari masyarakat: inflasi yang sebenarnya bukan di pengamat, tapi di pejabat. 

Terlalu banyak jabatan, terlalu banyak wakil menteri, terlalu banyak posisi yang tidak sesuai latar belakang dan akibatnya sistem tidak jalan karena orang bingung harus ikut arahan siapa.

""Menteri dengan wakilnya tidak cocok. 
Dirjen ke bawah tidak bisa kerja karena takut salah ngikutin yang mana?""
Peringatan yang paling serius dari seluruh obrolan ini:

Mahfud menutup dengan sesuatu yang perlu digarisbawahi:

""Kalau kesalahan menumpuk berakumulasi, bayarnya ke depan. 
Di suatu saat akan terjadi sesuatu seperti biasa kita ini selalu begitu. 
Kalau tidak dibenahi dari sekarang.""

Ini bukan ancaman. 

Ini adalah pola yang sudah terbukti berulang kali dalam sejarah Indonesia. Pelanggaran yang dibiarkan, kesalahan yang ditumpuk, ruang kritik yang dipersempit semua itu tidak hilang begitu saja. 

Mereka terakumulasi dan meledak di waktu yang tidak terduga.

Dan Mahfud berbicara dari pengalaman panjang sebagai orang yang ada di dalam sistem — sebagai hakim konstitusi, sebagai menteri, sebagai akademisi. Dia tahu bagaimana pola ini bekerja.

MBG programnya bagus tapi tata kelolanya bermasalah dan harus dievaluasi transparan. Kriminalisasi pengkritik dengan label makar adalah penyalahgunaan hukum yang berbahaya dan tidak berdasar secara konstitusional. 

Politik luar negeri kita tidak punya narasi yang jelas. Dan sistem birokrasi yang terlalu gemuk membuat pemerintahan tidak efektif.

Semua itu bisa diperbaiki kalau ada kemauan dan keberanian untuk mengakui masalahnya.

Yang Mahfud khawatirkan adalah kalau semua itu terus dibiarkan sambil orang-orang yang mengingatkan terus dilaporkan ke polisi.",Thu May 07 01:40:41 +0000 2026,LambeSahamjja,,False,16,12
inflation,2051897955108741603,"Ada juga terfikir, pada peringkat mana Kerajaan Malaysia akan mula berbelanja lebih (defisit lebih tinggi) untuk bantu sektor yang terjejas dengan krisis bekalan hari ini. 

Agak jelas Kerajaan masih menyasarkan nisbah defisit 3.5% kepada KDNK seperti dibentangkan dalam belanjawan 2026. 

Penghalang kepada pakej rangsangan adalah inflasi sebab krisis harini adalah krisis bekalan yang menyebabkan kejutan bekalan manakala permintaan masih belum menunjukkan tanda-tanda akan perlahan. 

Sebarang pakej rangsangan melalui pinjaman berskala besar macam Thailand buat akan meningkatkan kadar inflasi yang sudah mula menunjukkan tekanan. 

Ini yang berlaku pada tahun 2022, harga komoditi termasuk minyak meningkat, subsidi pukal dikekalkan, pent-up demand, perbelanjaan Kerajaan terus berkembang menggunakan dana Covid-19 dan pinjaman/hutang dan inflasi melonjak. 

Bantuan secara bersasar seperti sekarang lebih berkesan berbanding blanket stimulus package.",Wed May 06 05:32:49 +0000 2026,syahir,Malaysia,True,65,35
cost_of_living,2091396494301491606,"Minyak Masak Makin Mudah Ditemui, Inilah Hasil Reformasi – Fuziah Salleh

Oleh Mynewshub

KUALA LUMPUR – Timbalan Menteri Perdagangan Dalam Negeri dan Kos Sara Hidup (KPDN), Datuk Dr Fuziah Salleh menyifatkan bekalan minyak masak paket bersubsidi yang kini lebih mudah ditemui sebagai antara hasil reformasi yang dapat dirasai rakyat.

Beliau berkata, perkara itu berdasarkan perkongsian seorang pengguna yang mendakwa minyak masak paket bersubsidi sebelum ini sukar diperoleh, namun kini stoknya lebih mudah ditemui di pasaran.

“Katanya, kalau dahulu memang susah hendak mendapatkan minyak masak ini, sekarang pergi ke mana-mana pun, insya-Allah stok lebih mudah ditemui.

“Inilah Reformasi yang kita mahu rakyat rasai,” katanya menerusi satu hantaran di media sosial.

Menurut Fuziah, KPDN memperkenalkan sistem eCOSS dan Mobile eCOSS bagi memantau pengedaran minyak masak paket bersubsidi dengan lebih menyeluruh, bermula daripada rantaian bekalan sehingga sampai kepada pengguna.

Katanya, berdasarkan perbandingan antara Januari hingga April 2025 dengan tempoh sama pada 2026, aduan berkaitan kegiatan menyorok stok mencatatkan penurunan sebanyak 66.15 peratus.

Dalam tempoh sama, aduan kurang atau tiada bekalan turun 24.47 peratus, penjualan bersyarat menurun 6.19 peratus manakala aduan peniaga enggan menjual berkurangan 1.15 peratus.

Fuziah berkata, Mobile eCOSS turut menggunakan eKYC dan MyDigital ID bagi mengesahkan identiti pengguna, manakala sejak 1 Mac 2026, pembelian minyak masak paket bersubsidi hanya dibenarkan kepada warganegara Malaysia.

Menurutnya, sehingga 3 Julai lalu, lebih 5.2 juta rakyat Malaysia telah berdaftar menggunakan Mobile eCOSS.

“Bagi saya, ukuran kejayaan sesuatu dasar bukan sekadar pada sistem atau angka, tetapi apabila rakyat sendiri mula merasakan bekalan lebih mudah diperoleh.

“Kita akan terus memperkemas pemantauan supaya minyak masak paket bersubsidi ini benar-benar sampai kepada rakyat Malaysia yang berhak,” katanya. - MYNEWSHUB 

Sumber Info/Foto: Akaun Media Sosial Fuziah Salleh",Sun Aug 23 05:25:55 +0000 2026,mynewshub,Malaysia,True,9,4
cost_of_living,2089371806763470907,"Perhimpunan Agung UMNO 2026 Perlu Ambil Keputusan Berani Selepas Diserang PKR, DAP 

Oleh Mynewshub 

KUALA LUMPUR - UMNO perlu mempunyai keberanian untuk membuat keputusan yang besar dan penting dalam Perhimpunan Agung UMNO (PAU) 2026.

Exco Pemuda UMNO, Muhamad Nur Aizat Noor Azam berkata, UMNO perlu buat keputusan berani demi maruah parti selepas dihentam oleh Parti Keadilan Rakyat (PKR) dan DAP.

'Keputusan yang mendengar suara ahli dan akar umbi. Dan yang paling penting keputusan yang mengambil kira perubahan sentimen orang Melayu dan Islam yang saya lihat semakin kembali mendekati UMNO.

""Keputusan pilihan raya di Johor dan Negeri Sembilan telah menghantar isyarat yang cukup jelas. Momentum ini jangan disia-siakan,"" katanya dalam satu hantaran di media sosial.

Terdahulu, Muhamad Nur Aizat berkata, UMNO dihentam, dikritik dan diserang oleh jurucakap DAP dan PKR, namun mereka masih memilih untuk terus kekal dalam kerajaan.

Kata beliau, ia bermaksud UMNO boleh dihentam, dikritik dan dipersalahkan, tetapi apabila sampai soal kelangsungan kerajaan UMNO diperlukan.

Dalam pada itu, katanya, PAU 2026 perlu membuat keputusan berani demi rakyat yang semakin penat mendengar slogan dan propaganda politik.

""Kos sara hidup masih menghimpit. Harga barang terus menjadi keluhan. Kehidupan rakyat semakin mencabar.

""Malah sekarang pergerakan harian pun terpaksa dikira dan dikawal kerana kuota subsidi minyak yang tidak mencukupi bagi sebahagian rakyat,"" katanya. 

Dalam keadaan seperti itu, kata beliau, UMNO perlu kembali menjadi suara rakyat, bukan semata-mata memikirkan bagaimana mahu terus berada dalam kerajaan.

""Apakah kedudukan dan hala tuju yang terbaik untuk UMNO, untuk orang Melayu dan Islam serta untuk rakyat Malaysia keseluruhannya?

""Kalau parti lain boleh bermesyuarat, berbahas dan membuat keputusan mengenai kedudukan mereka dalam kerajaan, UMNO juga berhak menilai kedudukan dan hala tujunya sendiri.

""Demi maruah UMNO. Demi perjuangan yang kita warisi. Dan demi mengembalikan keyakinan rakyat kepada parti ini. Kita nantikan 9 hingga 12 September ini.

""Mungkin PAU 2026 masanya untuk UMNO membuat satu keputusan besar demi maruah parti, demi suara akar umbi dan demi mengembalikan keyakinan orang Melayu kepada UMNO,"" katanya. - MYNEWSHUB 

Sumber Info/Foto: Akaun Media Sosial Aizat Reko",Mon Aug 17 15:20:32 +0000 2026,mynewshub,Malaysia,True,13,4
cost_of_living,2088185254712676518,"Untung bersih suku kedua Affin Bank susut kepada RM127.52 juta

#BHbisnes Konflik AS-Iran meningkatkan tekanan kos sara hidup di Malaysia dan menghimpit sentimen serta perbelanjaan pengguna.

https://t.co/bNjDpP9sln",Fri Aug 14 08:45:35 +0000 2026,bharianmy,Malaysia,True,0,0
cost_of_living,2077763692905763063,"Kerajaan tiada rancangan ubah harga RON95 bersubsidi pada kadar RM1.99 seliter

#BHbisnes Selaras dengan penegasan Perdana Menteri, kerajaan tidak  bercadang menaikkan harga minyak ketika rakyat masih berdepan ketidaktentuan bekalan global, tekanan kos sara hidup. 

https://t.co/JS4Q1RHBZP",Thu Jul 16 14:34:02 +0000 2026,bharianmy,Malaysia,True,1,1
cost_of_living,2077035157949923493,Fakta membuktikan harga RON95 bersubsidi Malaysia pada RM1.99 seliter masih antara yang terendah berbanding beberapa negara pengeluar minyak. Komitmen Kerajaan MADANI melalui BUDI MADANI memastikan subsidi terus dinikmati golongan yg layak sambil melindungi kos sara hidup rakyat. https://t.co/0koFy4uf8i,Tue Jul 14 14:19:05 +0000 2026,AziezahCinTa,ATAS BUMI ,False,2,0
cost_of_living,2077030730631446908,"Rakyat didahulukan, subsidi diteruskan. Malaysia kekal antara negara yang menawarkan harga minyak lebih rendah demi meringankan kos sara hidup rakyat. 🇲🇾 https://t.co/DPNX5WQR9R",Tue Jul 14 14:01:30 +0000 2026,Dewi_Pejuang23,Petaling,False,12,0
cost_of_living,2069212482535907498,"#BeritaFMT Konflik Asia Barat belum reda walaupun ada perjanjian damai baharu. Mengapa harga minyak masih boleh naik dan kesan kepada kos sara hidup?

Artikel Penuh: https://t.co/Z31nkwnusL",Tue Jun 23 00:14:34 +0000 2026,fmtoday,Malaysia,True,1,0
cost_of_living,2068939704775635343,"Pengguna diesel Sabah menyambut baik penurunan harga minyak kerana mampu mengurangkan kos sara hidup dan harga barangan

Berita selanjutnya di ruangan komen

#themalaysiapress #taatsetia #bangsamalaysia #informasiberfaktamembukaminda https://t.co/FFpAZpNI74",Mon Jun 22 06:10:39 +0000 2026,TMPNews_,Malaysia,True,7,1
cost_of_living,2066422236203135192,"Dua bulan lalu, Kerajaan Negeri Selangor telah mengumumkan Pakej Pengukuhan Daya Tahan Selangor (PPDTS) Fasa 1 sebagai langkah proaktif dalam menghadapi ketidaktentuan ekonomi dan geopolitik susulan konflik yang berlaku di Timur Tengah.

Pakej ini dirangka hasil siri perbincangan dan sesi libat urus yang bermula pada 1 April lalu bersama pakar-pakar dalam bidang sosioekonomi, geopolitik, industri dan tenaga bagi menilai impak semasa serta mengenal pasti langkah intervensi yang bersesuaian untuk rakyat dan ekonomi negeri.

Pada peringkat awal, sebanyak RM140 juta diperuntukkan bagi melaksanakan tujuh program utama yang disusun untuk membantu meringankan kos sara hidup, memperkukuh keterjaminan bekalan makanan serta meningkatkan daya tahan ekonomi negeri.

Keputusan ini turut mengambil kira konteks unik Malaysia yang berjaya mengekalkan kestabilan ekonomi hasil pelbagai langkah dan strategi yang dilaksanakan oleh Kerajaan Persekutuan, sekali gus menampan kesan krisis global daripada memberi impak yang lebih besar kepada rakyat.

Alhamdulillah, hari ini PPDTS Fasa 1 telah dilancarkan secara rasmi. Semoga segala inisiatif yang diperkenalkan dapat dimanfaatkan sebaiknya oleh rakyat dan menjadi antara ikhtiar penting dalam memastikan kesejahteraan, kestabilan ekonomi serta ketahanan Selangor terus terpelihara, insya-Allah.

Layari laman sesawang https://t.co/xqP8wNGcFJ untuk maklumat lanjut.

#KitaSelangor",Mon Jun 15 07:27:08 +0000 2026,AmirudinShari,"Gombak, Selangor",True,18,7
cost_of_living,2064922854844662057,"Ketika negara berdepan risiko gangguan bekalan minyak, bukan harga minyak saja yang naik, kos sara hidup pun makin tinggi. Persoalannya, adakah subsidi sekadar menutup masalah sementara? Jika mahu bersedia untuk masa depan, adakah strategi kita benar-benar mencukupi? https://t.co/UnUcypKdhr",Thu Jun 11 04:09:07 +0000 2026,MalaysiaMdk,malaysia,True,529,99
cost_of_living,2064599986843853146,"Ketegangan geopolitik dunia bukan sahaja menjejaskan negara terlibat, malah turut memberi kesan kepada Malaysia melalui kenaikan harga minyak, gangguan rantaian bekalan dan kos sara hidup yang semakin mencabar. ⛽📦💰

#RancakkanMADANI
#MADANIBekerja
#TaatSetia
#JabatanPenerangan https://t.co/WfBh218aZq",Wed Jun 10 06:46:09 +0000 2026,JPenerangan,Wilayah Persekutuan Putrajaya,True,80,67
cost_of_living,2064329037196198272,"Hari ini, saya mempengerusikan Mesyuarat Majlis Penasihat Perpaduan Negara (MPPN) Bilangan 1 Tahun 2026.

Pada masa ini, kita melihat dunia diuji oleh ketegangan geopolitik di Asia Barat. Impak daripada krisis ini tidak terhad kepada sempadan negara tersebut sahaja, malah Malaysia turut terkesan terutamanya dalam bentuk peningkatan harga minyak, gangguan rantaian bekalan dan kos sara hidup yang semakin mencabar. 

Kenaikan harga barang dan tekanan kos harian ini menimbulkan keresahan dan kebimbangan dalam kalangan masyarakat. Namun, kita harus memastikan bahawa tekanan ekonomi ini tidak menghakis ikatan perpaduan masyarakat. 

Majlis ini turut berperanan untuk membawa naratif yang tepat kepada rakyat bagi membetulkan persepsi rakyat yang salah, menenangkan keadaan dan menggalakkan masyarakat agar tidak mudah terpengaruh dengan provokasi media sosial akibat tekanan ekonomi.

Hasil perbincangan Mesyuarat MPPN ini akan diangkat untuk makluman dan persetujuan Jemaah Menteri dalam masa terdekat.

Saya juga menyeru kepada semua Ahli Majlis untuk terus bekerjasama rapat dengan pihak KPN. Komitmen padu semua Ahli MPPN dapat menyokong dan memperkukuh peranan KPN demi memelihara keharmonian serta keutuhan integrasi nasional.

#PETRA 
#MalaysiaMadani
#MadaniBekerja

Kuala Lumpur l 9 Jun 2026 l Selasa",Tue Jun 09 12:49:30 +0000 2026,PetraJayaMP,Malaysia,True,8,3
cost_of_living,2064317054141038978,"Seleweng Diesel Subsidi Tumpas, Nilai Sitaan Cecah RM2 Juta #mgflash

Kegiatan penyelewengan minyak diesel bersudsidi secara haram berjaya ditumpaskan di sebuah premis di Teluk Panglima Garang, Kuala Langat  dalam serbuan Ops Tiris 4.0, semalam.

Operasi sekitar jam 5 petang ke atas premis tanpa nombor itu dijalankan Kementerian Perdagangan Dalam Negeri dan Kos Sara Hidup (KPDN) Selangor berdasarkan risikan dua minggu yang dilakukan.

#malaysiagazette
#selewengdiesel",Tue Jun 09 12:01:53 +0000 2026,MalaysiaGazette,Kuala Lumpur,True,7,8
cost_of_living,2063626261034098960,"𝗠𝗔𝗟𝗔𝗬𝗦𝗜𝗔 𝗦𝗘𝗥𝗧𝗔𝗜 𝗠𝗘𝗦𝗬𝗨𝗔𝗥𝗔𝗧 𝗢𝗣𝗘𝗖 𝗗𝗔𝗡 𝗢𝗣𝗘𝗖+ 𝗞𝗔𝗟𝗜 𝗞𝗘-𝟰𝟭

YB Tn Hj. Akmal Nasrullah Hj Mohd Nasir, Menteri Ekonomi mengetuai delegasi Malaysia ke Mesyuarat Peringkat Menteri Pertubuhan Negara Pengeksport Petroleum (OPEC) dan Bukan OPEC (OPEC+) Ke-41 bersama 21 buah negara lain yang berlangsung secara dalam talian malam ini.

1. Memperkukuh Kestabilan Pasaran Minyak Global

Mesyuarat berkala ini menjadi platform penting untuk membincangkan perkembangan pengeluaran minyak mentah dalam kalangan negara pengeluar OPEC dan OPEC+.

Penyertaan Malaysia dalam mesyuarat OPEC+ sejak Disember 2016 mencerminkan komitmen negara untuk terus mengikuti perkembangan pasaran tenaga global, khususnya dalam suasana ketidaktentuan geopolitik semasa susulan konflik di Eropah dan Asia Barat.

Perkembangan ini memberi kesan langsung kepada kestabilan pasaran minyak dunia, pergerakan harga minyak mentah seterusnya mempengaruhi pendapatan negara, kedudukan fiskal Kerajaan dan kos sara hidup rakyat.

2. Kepentingan kepada Ekonomi dan Fiskal Negara

Peranan OPEC kekal penting dalam membantu mengimbangi bekalan dan permintaan pasaran minyak dunia, selain memastikan paras harga minyak yang lebih stabil dan munasabah.

Malaysia berpandangan bahawa tindakan kolektif OPEC+ adalah penting bagi menyokong kestabilan pasaran tenaga global, di samping memastikan keputusan yang dibuat mengambil kira perkembangan semasa ekonomi dunia dan kepentingan negara pengeluar.

Delegasi Malaysia turut disertai oleh Ketua Setiausaha Kementerian Ekonomi, pegawai-pegawai kanan kementerian, Kedutaan Besar Malaysia di Austria dan PETRONAS.

#KementerianEkonomi
#OPEC
#OPECPlus
#Tenaga
#EkonomiMADANI",Sun Jun 07 14:16:55 +0000 2026,EkonomiMalaysia,Putrajaya Federal Territory,True,6,2
cost_of_living,2063625090928136572,"Kita terus jaga kepentingan Malaysia, pastikan bekalan minyak negara kekal stabil 💪🏻💪🏻💪🏻

Seperti yang saya kongsi semalam, malam ini saya mengetuai delegasi Malaysia ke Mesyuarat Peringkat Menteri Pertubuhan Negara-Negara Pengeksport Petroleum (OPEC) bersama 21 buah negara lain yang dijalankan secara atas talian.

Bila konflik geopolitik di Asia Barat tak surut, maka kita perlu ambil serius bagi setiap kesannya kepada rakyat biasa. Ketidaktentuan yang berpanjangan di rantau tersebut bukan sahaja menjejaskan kestabilan politik dan keselamatan global, malah turut memberi kesan langsung kepada pasaran tenaga dunia, khususnya harga minyak mentah.

Penglibatan Malaysia amat penting bagi memastikan Malaysia seiring dengan perkembangan semasa serta hala tuju pasaran minyak global. 

Konflik yang berterusan di Eropah dan Asia Barat berpotensi mencetuskan turun naik harga minyak yang boleh menjejaskan pendapatan negara, kedudukan fiskal dan kos sara hidup rakyat.

Kita perlu memastikan keseimbangan antara bekalan dan permintaan minyak dunia. Melalui kerjasama negara-negara pengeluar minyak, OPEC berusaha mengekalkan kestabilan pasaran serta menyokong paras harga yang munasabah dan mampan.

Delegasi Malaysia ke mesyuarat ini turut dihadiri pegawai-pegawai kanan Kementerian Ekonomi, Kedutaan Besar Malaysia di Austria dan pengurusan PETRONAS.",Sun Jun 07 14:12:16 +0000 2026,akmalnasir,"Johor Bahru, Johor",True,99,27
cost_of_living,2061372331428299122,"Daulat Tuanku: Bukti Kukuh Kestabilan Adalah Kunci Utama Masa Depan Anak-Anak Kita.

Kadang-kadang bila kita buka berita luar negara, perang meletus sana sini, iklim dunia makin melampau, dan harga barang sedunia naik mendadak, mesti terdetik rasa bimbang di hati kita, kan? ""Macam mana la masa depan anak-anak nanti? Boleh ke kita bertahan?""

Kerisauan tu sangat berasas dan anda tak sendirian. Kita bukan hidup di dalam buih yang kebal. Apabila dunia luar bergelora dengan tekanan ekonomi global dan perubahan teknologi yang pantas, tempiasnya pasti terasa sampai ke periuk nasi kita. Memang penat memikirkan cabaran kos sara hidup hari ini.

Tapi sedar tak, dalam diam, kita sangat beruntung kerana negara kita masih dipayungi payung kestabilan. Sempena Hari Keputeraan rasmi YDP Agong hari ini, PM Anwar Ibrahim mengingatkan kita kembali tentang kekuatan besar yang kita ada: Perpaduan dan Tata Kelola yang baik. 

Kerajaan faham akan beban yang digalas rakyat. Sebab itu, berpandukan titah ketat Tuanku untuk memerangi rasuah dan golongan yang membolot kekayaan, Kerajaan sedang bertungkus-lumus membina 'perisai' untuk kita:
✅ Mengemudi ribut ekonomi: Kadar pengangguran kita kekal rendah, dan pelabur asing kembali yakin mencurah dana ke dalam negara.
✅ Menyekat ketirisan wang negara: Penyasaran subsidi minyak dilakukan secara cermat supaya bantuan jatuh tepat ke tangan rakyat yang benar-benar memerlukan, bukan dibolot warga asing atau golongan maha kaya.
✅ Membuka peluang baharu: Reformasi dan transformasi digital sedang rancak berjalan demi menyediakan peluang pekerjaan yang lebih bermutu tinggi untuk anak muda kita.

Usaha membendung kos sara hidup ini memang dilakukan secara berperingkat dan berhemah. Ia bukan magis sekelip mata, tapi kerja keras nyata untuk memastikan perlindungan jangka panjang buat kita semua.

Selagi institusi Raja terus memayungi keamanan, dan Kerajaan kekal fokus menjaga kebajikan rakyat berbanding poket sendiri, kita berada di landasan yang betul. Jom sama-sama kita doakan keharmonian negara dan sokong usaha kestabilan ini. Malaysia ini rumah kita, kalau bukan kita yang teguhkan, siapa lagi? Daulat Tuanku! 🇲🇾✨

#daulattuanku #sultanibrahim #malaysiamadani #anwaribrahim",Mon Jun 01 09:00:36 +0000 2026,jasonyew,Kuala Lumpur,True,83,14
cost_of_living,2059461998040252808,"Diplomasi Matang PMX: Perisai Terbaik Rakyat di Lautan Bergelora 

Bayangkan perasaan keluarga pelaut kita. Berhari-hari berdebar menanti khabar dari Selat Hormuz tatkala ketegangan memuncak di Timur Tengah.

Kita di sini mungkin sekadar membaca berita tentang perang, serangan dron, dan konflik geopolitik di skrin telefon. Tapi bagi seorang bapa yang mencari rezeki di lautan luas, setiap detik ketegangan itu adalah soal hidup dan mati. Tambahan pula, laluan perdagangan maritim dan keselamatan tenaga negara kita amat bergantung kepada perairan strategik ini; jika ia bergelora, kos sara hidup kita di tanah air pasti terkesan.

Di sinilah kita melihat nilai sebenar seorang pemimpin yang dihormati di persada global. Perbualan telefon Datuk Seri Anwar Ibrahim dengan Presiden Iran, Dr Masoud Pezeshkian, bukan sekadar bertukar ucapan Aidilfitri. Ia membuahkan hasil nyata—menjamin pelepasan dan keselamatan kapal Malaysia di Selat Hormuz baru-baru ini.

Sementara negara-negara lain mungkin memilih jalan kekerasan, Kerajaan kita membuktikan bahawa diplomasi yang matang, hikmah, dan hubungan persahabatan mampu menjadi pelindung terbaik rakyat kita. Kelantangan dan pendirian konsisten PMX mengecam kekejaman pencerobohan, serta keberanian membela nasib mereka yang tidak berdosa, telah meletakkan nama Malaysia tinggi di mata dunia. Kita tidak tunduk, kita bersuara, dan kita dihormati.

Dalam dunia yang semakin tidak menentu, kita memerlukan seorang nakhoda yang tenang, berwibawa, dan pantas bertindak mempertahankan nyawa serta maruah negara. Mari kita terus bersatu hati, menyokong usaha penstabilan kerajaan ini, dan mendoakan kesejahteraan berterusan buat tanah air kita. Kestabilan negara bermula dari kebijaksanaan kepimpinannya. 

#diplomasipmx #malaysiamadani #anwaribrahim #keadilanuntuksemua",Wed May 27 02:29:37 +0000 2026,jasonyew,Kuala Lumpur,True,67,9
cost_of_living,2059256643200668114,"💫 Salam Aidiladha 1447H 💫

Aidiladha mengingatkan kita kepada kisah agung peristiwa pengorbanan Nabi Ibrahim AS dan anaknya, Nabi Ismail AS yang menguji ketaatan, keikhlasan dan keyakinan kepada Allah SWT dalam menghadapi ujian yang sangat besar. Ia memberi pengajaran bahawa setiap cabaran memerlukan kesabaran, pengorbanan dan kebersamaan untuk diharungi.

Allah SWT berfirman:
“Sesungguhnya bersama kesukaran itu ada kemudahan.” (Surah Al-Insyirah: 6)

Ketika ini, dunia sedang berdepan pelbagai ketidaktentuan akibat konflik geopolitik yang memberi kesan kepada bekalan tenaga, rantaian makanan dan kos sara hidup global. Dalam suasana mencabar ini, semangat Aidiladha tersebut perlu kita garap agar kekal tenang, saling membantu, berjimat cermat, dan mengutamakan kebersamaan demi kesejahteraan bersama.

Aidiladha juga mengingatkan kita bahawa kekuatan sebenar sesebuah negara bukan hanya pada kemajuan pembangunan, tetapi pada rakyatnya yang bersatu hati, saling peduli dan sanggup berkorban demi masa depan bersama. Alhamdulillah, Malaysia terus kekal aman dan stabil hasil usaha berterusan Kerajaan MADANI dalam memastikan kebajikan rakyat sentiasa terpelihara walaupun dunia luar sedang bergelora.

Buat para jemaah Malaysia yang sedang melaksanakan ibadah haji, saya mendoakan agar dipermudahkan segala urusan, dikurniakan haji mabrur dan semoga selamat pulang ke tanah air.

 Selamat Hari Raya Aidiladha. 🕋 

Ikhlas daripada,
Azalina Othman Said",Tue May 26 12:53:37 +0000 2026,AzalinaOthmanS,"Pengerang, Johor",True,12,3
cost_of_living,2057651426604839318,"Seleweng Diesel Bersubsidi Tumpas, Dikesan Guna Fleet Card Pihak Lain #MGFlash

Kegiatan penyelewengan minyak diesel bersubsidi berjaya ditumpaskan dengan merampas kira-kira 43,000 liter cecair menerusi operasi khas di Bukit Mertajam, Pulau Pinang, pada 20 Mei lalu.

Operasi sekitar jam 2 petang itu dilaksanakan oleh Kementerian Perdagangan Dalam Negeri dan Kos Sara Hidup (KPDN) Putrajaya bersama Polis Diraja Malaysia (PDRM) Cawangan Khas Bukit Aman.

#malaysiagazette
#selewengdiesel
#dieselbersubsidi",Fri May 22 02:35:04 +0000 2026,MalaysiaGazette,Kuala Lumpur,True,3,1
cost_of_living,2057409186775154797,"Kegiatan Seleweng Minyak Masak Subsidi Tumpas, Nilai Sitaan RM300,000 #MGFlash 

Kementerian Perdagangan Dalam Negeri dan Kos Sara Hidup (KPDN) Selangor melakukan sitaan bernilai kira-kira RM300,000 susulan serbuan ke atas sebuah premis dipercayai terlibat kegiatan penyelewengan minyak masak paket bersubsidi di Shah Alam, hari ini.  

Operasi yang itu dilakukan kira-kira jam 1.00 petang itu membawa kepada penahanan lima lelaki dan seorang wanita tempatan berusia bawah 40 tahun bagi membantu siasatan.",Thu May 21 10:32:29 +0000 2026,MalaysiaGazette,Kuala Lumpur,True,1,0
cost_of_living,2057279665925153278,"Ketika dunia berdepan konflik geopolitik, perang dagang, krisis tenaga dan tekanan kos sara hidup — adakah Malaysia memerlukan pilihan raya dalam masa terdekat atau kestabilan politik lebih utama ketika ini?

Landskap politik Malaysia semakin berpecah, tanda demokrasi semakin matang atau petunjuk politik negara semakin tidak stabil? 

Siapa sebenarnya paling untung — rakyat, parti kecil atau gabungan besar?

#DialogTigaPenjuru, Khamis 8.30 malam
#AWANInews",Thu May 21 01:57:49 +0000 2026,501Awani,Malaysia,True,1,1
cost_of_living,2056939563558559961,"Lori Bonded Disyaki Seleweng Diesel Guna Fleet Card #MGFlash

Kementerian Perdagangan Dalam Negeri dan Kos Sara Hidup Selangor mengesan sebuah lori bonded disyaki cuba menyeleweng diesel bersubsidi menggunakan fleet card di sebuah stesen minyak di Jalan Batu Tiga Lama, Selangor semalam.

#malaysiagazette
#diesel
#seleweng",Wed May 20 03:26:22 +0000 2026,MalaysiaGazette,Kuala Lumpur,True,7,2
cost_of_living,2056284766115373551,"𝐊𝐑𝐈𝐒𝐈𝐒 𝐓𝐄𝐍𝐀𝐆𝐀 𝐆𝐋𝐎𝐁𝐀𝐋: 𝐃𝐔𝐍𝐈𝐀 𝐁𝐄𝐑𝐃𝐄𝐏𝐀𝐍 𝐂𝐀𝐁𝐀𝐑𝐀𝐍 𝐁𝐄𝐒𝐀𝐑

Ketegangan geopolitik yang tercetus susulan serangan ke atas Iran pada 28 Februari 2026 telah mencetuskan gelombang ketidaktentuan global dan memberi kesan langsung terhadap kestabilan bekalan tenaga dunia.

Gangguan di Selat Hormuz, yang merupakan laluan strategik perdagangan minyak antarabangsa, bukan sahaja menjejaskan rantaian bekalan global malah menyebabkan harga minyak mentah melonjak serta kos tenaga meningkat di pelbagai negara.

Situasi ini turut memperlihatkan berlakunya supply-side crisis, apabila bekalan barangan dan perkhidmatan terganggu akibat hambatan fizikal dalam sistem logistik dan perdagangan antarabangsa. Kesan domino daripada krisis tersebut akhirnya memberi tekanan kepada kuasa beli rakyat apabila kos sara hidup meningkat dan bekalan barangan tertentu menjadi semakin terhad.

Malaysia akan terus memantau perkembangan semasa secara dekat serta memperkukuh tahap kesiapsiagaan nasional bagi memastikan kestabilan ekonomi, keselamatan tenaga dan kesejahteraan rakyat sentiasa terpelihara.

#JabatanPerdanaMenteri
#RancakkanMADANI
#MalaysiaMADANI
#MADANIBekerja

@shamsulazribakr 
@MalaysiaPMO",Mon May 18 08:04:26 +0000 2026,jpmgov_,,False,34,27
cost_of_living,2055262213938794689,"Menyedari cabaran kos sara hidup yang meningkat akibat ketidaktentuan geopolitik global, MOT memperkukuh peralihan kepada penggunaan pengangkutan awam sebagai solusi mobiliti yang lebih mampan dan berdaya mampu milik. https://t.co/X4eEzNy4f3",Fri May 15 12:21:11 +0000 2026,MOTMalaysia,Putrajaya,True,14,14
cost_of_living,2055220691893694643,"Kementerian Perdagangan Dalam Negeri dan Kos Sara Hidup (KPDN) Perak, membuka siasatan terhadap satu kes melibatkan sebuah kenderaan disyaki menggunakan nombor pendaftaran asing, yang tular mengisi petrol RON95 di sebuah stesen minyak di Ayer Tawar dekat Manjung, baru-baru ini. 
#harianmetro #mymetro

https://t.co/ZMH0FJ0fU9",Fri May 15 09:36:11 +0000 2026,hmetromy,Malaysia,True,2,0
cost_of_living,2054153278565605630,"Kononnya 60% peratus rakyat Malaysia guna kurang dari 150 litre petrol sebulan😏

Pastu yang lagi 40% yang guna lebih dari 150 liter kerana terpaksa kerja jauh, bawak anak-anak ke sekolah dll tak perlu subsidi kah?

Bongok punya timbalan menteri!
Korang ahli parlimen dan menteri semua takde kesan pun sebab dah dapat banyak elaun.

Cuba korang sendiri tarik balik elaun-elaun yang boros sebelum cakap banyak boleh tak?

Daripada sibuk nak kacau kuota rakyat biasa yang tengah lemas bergelut dengan kos sara hidup, kenapa tak tarik terus subsidi RON95 untuk golongan maha kaya (T20)? Pakar ekonomi sendiri dah buat kira-kira, lebih 30% daripada keseluruhan subsidi RON95 dinikmati oleh T20. Kalau kerajaan tarik subsidi minyak diorang, negara boleh jimat gila-gila sampai RM1.5 bilion sebulan! Kenapa nak tindas rakyat marhaen sedangkan yang kaya-raya masih sedap tuang minyak murah?

Nah ini elaun-elaun yang korang sebagai Ahli Parlimen dan Menteri/Timbalan dapat:

1. Ahli Parlimen (Dewan Rakyat)
Ahli Parlimen menerima elaun bulanan tetap dan pelbagai kemudahan tambahan untuk perjalanan rasmi. Setakat Mei 2026, pecahan ringkasnya adalah seperti berikut:

• Elaun Petrol/Perjalanan Bulanan Tetap: Anggaran RM1,500.
• Elaun Pemandu: Anggaran RM1,500 sebulan (untuk menggaji pemandu peribadi).
• Tuntutan Perbatuan (Mileage): Untuk tugas rasmi, Ahli Parlimen boleh menuntut perbatuan (RM1.00 per km untuk 500km pertama; RM0.90 per km untuk seterusnya).
• Tol & Parkir: Boleh dituntut sepenuhnya dengan resit.

2. Menteri & Timbalan Menteri
Menteri menerima tahap faedah yang lebih tinggi selaras dengan kedudukan eksekutif, dan semuanya dipermudahkan oleh sumber kerajaan:

• Kenderaan Rasmi: Disediakan kereta rasmi kerajaan (biasanya model premium seperti Toyota Vellfire).
• Penyelenggaraan & Bahan Api: Kos petrol, penyelenggaraan, dan pemandu ditanggung sepenuhnya oleh kerajaan.
• Kad Petrol: Diberikan kad petrol armada khas tanpa perlu buat ""tuntutan""; ia dibayar terus oleh kementerian.
3. Pembaziran Konvoi & Polis Pengiring (Outrider)

Belum kira lagi pembaziran bahan api yang melampau bila korang bergerak ke hulu ke hilir! Asal pergi majlis atau urusan rasmi je, berderet konvoi mengekor. Ada polis pengiring (outrider), kereta escort depan belakang, campur lagi dengan kenderaan rombongan pegawai. Berapa banyak liter petrol kenderaan-kenderaan konvoi ni bakar macam air setiap hari? Masa rakyat marhaen berpeluh kira liter minyak nak hantar anak pergi sekolah, korang dengan bangganya membazirkan minyak untuk konvoi VIP yang melebih-lebih!

Kiraan Anggaran Penjimatan Kalau Elaun Korang Ditarik Balik:

• Elaun Petrol & Pemandu MP (222 orang x RM3,000): RM666,000
• Kos Petrol/Penyelenggaraan Kereta Rasmi Menteri & Timbalan (Anggaran RM6,000 x 55 orang): RM330,000
• Anggaran Tuntutan Perbatuan (Purata konservatif RM1,000 x 222 MP): RM222,000
• JUMLAH: Anggaran RM1,218,000 sebulan
Ya, kami tahu nilai penjimatan RM1.2 juta sebulan dari elaun korang ni hanyalah celah gigi atau 'negligible' kalau nak dibandingkan dengan bilion ringgit bajet negara atau penjimatan subsidi T20. Tapi ini soal PRINSIP! Ini soal kepimpinan melalui teladan!

Kalau rakyat kat bawah ni disuruh ikat perut, potong kuota, dan kongsi keperitan ekonomi yang makin menekan, korang yang duduk di atas tu patut rasa susah sama-sama. Bukannya hidup senang-lenang, jalan tak payah fikir duit minyak, dan bazirkan bahan api dengan konvoi sana-sini sebab semuanya ditaja oleh duit cukai kami!

Cakap tak serupa bikin! Puih!",Tue May 12 10:54:40 +0000 2026,spotben,Kuala Lumpur,True,10,1
cost_of_living,2054152561268318260,"Kononnya 60% peratus rakyat Malaysia guna kurang dari 150 litre petrol sebulan😏

Pastu yang lagi 40% yang guna lebih dari 150 liter kerana terpaksa kerja jauh, bawak anak-anak ke sekolah dll tak perlu subsidi kah?

Bongok punya timbalan menteri!
Korang ahli parlimen dan menteri semua takde kesan pun sebab dah dapat banyak elaun.

Cuba korang sendiri tarik balik elaun-elaun yang boros sebelum cakap banyak boleh tak?

Daripada sibuk nak kacau kuota rakyat biasa yang tengah lemas bergelut dengan kos sara hidup, kenapa tak tarik terus subsidi RON95 untuk golongan maha kaya (T20)? Pakar ekonomi sendiri dah buat kira-kira, lebih 30% daripada keseluruhan subsidi RON95 dinikmati oleh T20. Kalau kerajaan tarik subsidi minyak diorang, negara boleh jimat gila-gila sampai RM1.5 bilion sebulan! Kenapa nak tindas rakyat marhaen sedangkan yang kaya-raya masih sedap tuang minyak murah?

Nah ini elaun-elaun yang korang sebagai Ahli Parlimen dan Menteri/Timbalan dapat:

1. Ahli Parlimen (Dewan Rakyat)
Ahli Parlimen menerima elaun bulanan tetap dan pelbagai kemudahan tambahan untuk perjalanan rasmi. Setakat Mei 2026, pecahan ringkasnya adalah seperti berikut:

• Elaun Petrol/Perjalanan Bulanan Tetap: Anggaran RM1,500.
• Elaun Pemandu: Anggaran RM1,500 sebulan (untuk menggaji pemandu peribadi).
• Tuntutan Perbatuan (Mileage): Untuk tugas rasmi, Ahli Parlimen boleh menuntut perbatuan (RM1.00 per km untuk 500km pertama; RM0.90 per km untuk seterusnya).
• Tol & Parkir: Boleh dituntut sepenuhnya dengan resit.

2. Menteri & Timbalan Menteri
Menteri menerima tahap faedah yang lebih tinggi selaras dengan kedudukan eksekutif, dan semuanya dipermudahkan oleh sumber kerajaan:

• Kenderaan Rasmi: Disediakan kereta rasmi kerajaan (biasanya model premium seperti Toyota Vellfire).
• Penyelenggaraan & Bahan Api: Kos petrol, penyelenggaraan, dan pemandu ditanggung sepenuhnya oleh kerajaan.
• Kad Petrol: Diberikan kad petrol armada khas tanpa perlu buat ""tuntutan""; ia dibayar terus oleh kementerian.
3. Pembaziran Konvoi & Polis Pengiring (Outrider)

Belum kira lagi pembaziran bahan api yang melampau bila korang bergerak ke hulu ke hilir! Asal pergi majlis atau urusan rasmi je, berderet konvoi mengekor. Ada polis pengiring (outrider), kereta escort depan belakang, campur lagi dengan kenderaan rombongan pegawai. Berapa banyak liter petrol kenderaan-kenderaan konvoi ni bakar macam air setiap hari? Masa rakyat marhaen berpeluh kira liter minyak nak hantar anak pergi sekolah, korang dengan bangganya membazirkan minyak untuk konvoi VIP yang melebih-lebih!

Kiraan Anggaran Penjimatan Kalau Elaun Korang Ditarik Balik:

• Elaun Petrol & Pemandu MP (222 orang x RM3,000): RM666,000
• Kos Petrol/Penyelenggaraan Kereta Rasmi Menteri & Timbalan (Anggaran RM6,000 x 55 orang): RM330,000
• Anggaran Tuntutan Perbatuan (Purata konservatif RM1,000 x 222 MP): RM222,000
• JUMLAH: Anggaran RM1,218,000 sebulan
Ya, kami tahu nilai penjimatan RM1.2 juta sebulan dari elaun korang ni hanyalah celah gigi atau 'negligible' kalau nak dibandingkan dengan bilion ringgit bajet negara atau penjimatan subsidi T20. Tapi ini soal PRINSIP! Ini soal kepimpinan melalui teladan!

Kalau rakyat kat bawah ni disuruh ikat perut, potong kuota, dan kongsi keperitan ekonomi yang makin menekan, korang yang duduk di atas tu patut rasa susah sama-sama. Bukannya hidup senang-lenang, jalan tak payah fikir duit minyak, dan bazirkan bahan api dengan konvoi sana-sini sebab semuanya ditaja oleh duit cukai kami!

Cakap tak serupa bikin! Puih!",Tue May 12 10:51:49 +0000 2026,spotben,Kuala Lumpur,True,15,11
cost_of_living,2054051484061647284,"Cabaran tetap wujud.
Konflik US-Iran terus memberi kesan kepada ekonomi dunia.
Kos sara hidup dan tekanan global juga belum reda.

Tetapi di tengah suasana yang tidak menentu ini, keyakinan terhadap Malaysia masih ada.
Dan keyakinan itu penting.",Tue May 12 04:10:10 +0000 2026,islah_rasmi,,False,2,0
cost_of_living,2047543955517280690,"Kenapa kos sara hidup dan kos bisnes bakal naik lagi? Ini puncanya.

1. Kapal tangki terakhir sebelum perang Iran baru saja sampai ke destinasi. Stok sedia ada sekarang adalah stok lama.

2. Selat Hormuz yang menjadi laluan utama kini terkesan. Bekalan selepas perang bermula masih menjadi tanda tanya.

3. Kesannya meluas. Bukan sekadar harga minyak tapi juga baja dan bahan mentah industri petrokimia.

Memetik perkongsian Dato Nik Hasyudeen, kita jangan hanya fokus pada harga RON95 yang belum naik. Lihat sekeliling, ramai usahawan mula rasa tekanan kos.

Nasihat penting: Jangan biarkan krisis berlalu tanpa kita ambil langkah proaktif untuk bertahan. Masa untuk jadi lebih strategik.",Fri Apr 24 05:11:35 +0000 2026,SantapanMinda,"Selangor, Malaysia",True,4,2
cost_of_living,2047155069116993610,"Lagi Cubaan Seleweng Bekalan Diesel #MGFlash

Lagi cubaan seleweng bekalan diesel dipatahkan Kementerian Perdagangan Dalam Negeri Dan Kos Sara Hidup (KPDN) Selangor.  

Dalam kejadian pada 22 April lalu, anggota unit rondaan bermotorsikal (URB) di bawa Ops Tiris 4.0 mengesan sebuah lori jenis tanker yang mencurigakan, sedang membuat pengisian diesel di sebuah stesen minyak di Pandamaran, Klang.",Thu Apr 23 03:26:17 +0000 2026,MalaysiaGazette,Kuala Lumpur,True,1,0
cost_of_living,2045476190954414087,"Kekuatan negara tidak hanya bergantung kepada dasar ekonomi semata-mata, bahkan meliputi perpaduan rakyat dalam mendepani isu seperti kenaikan harga minyak dunia yang memberi kesan langsung kepada kos sara hidup.

https://t.co/OQcoNyeqH7

#sinarharian #beritaterkini",Sat Apr 18 12:15:01 +0000 2026,SinarOnline,Malaysia,True,3,1
cost_of_living,2045453060991070352,"2 Lelaki Seleweng Minyak Diesel Dicekup #MGFlash 

Dua lelaki ditahan dalam serbuan Pasukan Simpanan Persekutuan (PSP) Bukit Aman bersama Kementerian Perdagangan Dalam Negeri dan Kos Sara Hidup (KPDN) Negeri Sembilan di sebuah premis di Jalan Sepang, Lukut, malam tadi. https://t.co/Zk220JR9w5",Sat Apr 18 10:43:07 +0000 2026,MalaysiaGazette,Kuala Lumpur,True,2,0
cost_of_living,2045158703775858920,"KENYATAAN MEDIA

Mesyuarat Majlis Kerja Tertinggi (MKT) UMNO yang berlangsung di Melaka pada 17 April 2026 bersamaan 28 Syawal 1447H telah mengadakan perbincangan dan membuat beberapa ketetapan sebagaimana berikut:

1. Menyokong dan mendukung penuh gagasan Rumah Bangsa yang dicetuskan oleh YAB Presiden UMNO untuk menerima kembali tanpa syarat mana-mana ahli yang digantung, dipecat atau keluar parti atas apa jua faktor.  Antara nama-nama pemohon yang telah diputuskan oleh MKT termasuk YB Dato’ Sri Hishammuddin Tun Hussein, En Khairy Jamaluddin Abu Bakar, Tan Sri Syed Hamid Syed Jaafar Albar dan 6,252 bekas pimpinan serta ahli di peringkat UMNO Bahagian dan Cawangan seluruh Malaysia.

2. Selaras dengan Fasal 5.2 Perlembagaan UMNO, Majlis Kerja Tertinggi juga telah membuat pindaan terhadap Peraturan Keahlian UMNO dengan membolehkan pendaftaran secara atas talian bagi mempermudahkan kemasukan ahli baharu terutamanya di kalangan anak-anak muda.

3. Menyedari cabaran kos sara hidup yang dialami oleh rakyat akibat kenaikan harga minyak dan inflasi global disebabkan kesan peperangan di Iran, Majlis Kerja Tertinggi menyarankan agar negeri-negeri yang diterajui oleh pimpinan UMNO khususnya Johor, Melaka, Perak dan Pahang agar memfokuskan bantuan-bantuan tambahan kepada pelbagai kelompok masyarakat yang terkesan. 

4. Sempena minggu Sambutan 80 Tahun UMNO yang akan berlangsung dari 1hb Mei hingga 5hb Mei 2026 di World Trade Centre, Kuala Lumpur beberapa program utama akan dilangsungkan termasuk Konvensyen 80 Tahun UMNO, Kongres Pendidikan Bumiputera, Karnival Keusahawanan dan Pendidikan termasuklah Majlis Khas Ramah Mesra Pemuda dan Puteri UMNO bersama ahli-ahli baharu.

5. Selaras dengan Fasal 10.15 Perlembagaan UMNO, Majlis Kerja Tertinggi telah memberikan kebenaran kepada sayap-sayap parti Wanita, Pergerakan Pemuda dan Pergerakan Puteri untuk mengadakan persidangan peringkat cawangan secara hibrid atau gabungan antara kehadiran secara fizikal dan secara atas talian khususnya dalam tahun yang tiada pemilihan parti.

SUA UMNO",Fri Apr 17 15:13:26 +0000 2026,DrZahidHamidi,Malaysia,True,56,26
cost_of_living,2044363929057632571,"KPDN Rampas 14,870 Liter Diesel Tanpa Permit Di Pahang #MGFlash 

Kementerian Perdagangan Dalam Negeri dan Kos Sara Hidup Pahang merampas hampir 15 ribu liter minyak diesel yang disimpan tanpa permit sah di sebuah tapak pembinaan di Mukim Penor, Kuantan. https://t.co/TSrFeb6OWS",Wed Apr 15 10:35:17 +0000 2026,MalaysiaGazette,Kuala Lumpur,True,3,1
cost_of_living,2044049142629183557,"🌍 Krisis tenaga bukan sekadar soal minyak!

Ia turut memberi kesan kepada kos sara hidup, rantaian bekalan dan kestabilan ekonomi negara. ⚠️📦📈

#RancakkanMADANI
#MADANIBekerja
#TaatSetia
#JabatanPenerangan https://t.co/p57k4Gn28P",Tue Apr 14 13:44:26 +0000 2026,JPenerangan,Wilayah Persekutuan Putrajaya,True,87,76
cost_of_living,2043890848333766995,"Malaysia berdepan tempias risiko konflik berpanjangan AS-Iran

#BHbisnes Ancaman utama bukan konflik ketenteraan secara langsung, tetapi kejutan harga tenaga dan tekanan kos sara hidup yang menuntut rakyat tidak membazir, buat pembelian panik.

https://t.co/4xb5aoTYiW",Tue Apr 14 03:15:26 +0000 2026,bharianmy,Malaysia,True,3,0
cost_of_living,2043675928837181725,"Kuching | 13 April 2026 | Isnin

Mempengerusikan Mesyuarat Penubuhan Pasukan Petugas Khas Ops Tiris 4.0 (Bersepadu) Peringkat Negeri Sarawak di Kuching, petang tadi.

Terima kasih  Datuk Amar Mohamad Abu Bakar Marzuki, Setiausaha Kerajaan Negeri Sarawak yang dapat bersama menghadiri mesyuarat hari ini dan bersetuju untuk menjadi pengerusi bersama dengan Setiausaha Persekutuan dalam ‘task force’ ini nanti.  Turut sama Datuk Armizan Mohd Ali, Menteri Perdagangan Dalam Negeri dan Kos Sara Hidup (KPDN).

Mesyuarat Jemaah Menteri pada 8 April 2026  telah mempersetujui syor untuk penugasan sementara anggota Polis di stesen-stesen minyak berisiko di sempadan sebagai peluasan kepada penempatan secara statik penguat kuasa KPDN bagi membanteras ketirisan bahan api.

Berdasarkan data semasa, KPDN telah mengenal pasti 151 buah stesen minyak yang perlu dipantau rapi. Daripada jumlah tersebut:

i) 87 buah stesen minyak terletak di kawasan sempadan; dan
ii) 64 merupakan stesen minyak di kawasan berisiko tinggi. Ini merujuk kepada stesen minyak yang merekodkan peningkatan jualan mendadak yang tidak sepadan dengan demografi penduduk setempat dan lokasi yang sering menjadi tumpuan sindiket menggunakan kenderaan berpendaftaran asing atau kenderaan dengan tangki ubah suai.

Daripada  87 stesen minyak di sempadan ini, 22 stesen di Sarawak (Limbang, Lubok Antu, Lundu) akan dipantau oleh PDRM melalui kerjasama bersepadu ini. Langkah ini membolehkan penguat kuasa KPDN memberikan tumpuan dan fokus kepada lokasi-lokasi berisiko berlaku ketirisan barang kawalan khususnya bahan api termasuklah 16 lokasi Persatuan Nelayan Negeri Sarawak (PANESA) yang menempatkan depoh diesel untuk kegunaan nelayan, 25 stesen minyak tanpa jenama (unbranded station), 153 skid tank persendirian berpermit dan juga jeti-jeti haram yang menjalankan aktiviti bunkering di sungai-sungai negeri Sarawak.

Penguat kuasa KPDN juga akan memberi tumpuan kepada kestabilan harga dan bekalan barangan kawalan yang lain.

Melalui OPS Tiris 4.0 (Bersepadu) yang bermula 16 Mac hingga 12 April 2026:
 • 13,759 pemeriksaan telah dijalankan
 • 239 kes direkodkan, melibatkan:
 • 99 kes diesel (rampasan lebih RM3.1 juta)
 • 61 kes petrol RON95 (RM95,387.65)
 • 30 kes LPG (RM45,103.34)
 • 49 kes barangan kawalan lain (minyak masak, gula, tepung)

Jumlah rampasan keseluruhan mencecah RM11 juta, dengan Sarawak sahaja mencatat RM6.7 juta daripada 48 kes.

Kejayaan ini adalah hasil kerja keras rakan-rakan strategik kita daripada PDRM, Pasukan Gerakan Am (PGA), Pasukan Polis Marin (PPM), Jabatan Imigresen (JIM), APMM, dan Agensi Kawalan dan Perlindungan Sempadan (AKPS).

Saya juga menyeru rakyat Sarawak untuk menyertai inisiatif KITA GEMPUR (Gerakan Membasmi Manipulasi dan Ketirisan). Jadilah mata dan telinga kami. Kerjasama erat antara Kerajaan Persekutuan dan Negeri Sarawak adalah kunci utama untuk memastikan kedaulatan ekonomi kita terpelihara demi kesejahteraan generasi akan datang.

#kitagempur
#MalaysiaMADANI",Mon Apr 13 13:01:25 +0000 2026,PetraJayaMP,Malaysia,True,6,3
cost_of_living,2043274602990948812,"⁠Tular Stok Habis Ketika Isi Diesel: Stesen Minyak Tiada Sistem Auto Cut-Off #MGFlash 

Sebuah stesen minyak di Jalan Segambut dekat ibu negara yang tular berhubung kejadian meter pam merekodkan jumlah bayaran walaupun bekalan diesel habis didapati tidak dilengkapi sistem pengesanan isipadu automatik sebaliknya, hanya bergantung kepada pemeriksaan manual.

Kementerian Perdagangan Dalam Negeri dan Kos Sara Hidup (KPDN) berkata, penemuan itu adalah hasil siasatan yang dijalankan di stesen minyak terbabit. 

#malaysiagazette #stokdieselhabis",Sun Apr 12 10:26:42 +0000 2026,MalaysiaGazette,Kuala Lumpur,True,7,3
cost_of_living,2042830286577373354,"Kementerian Perdagangan Dalam Negeri dan Kos Sara Hidup (KPDN) Sabah memohon supaya fasiliti Tentera Laut Diraja Malaysia (TLDM) dapat digunakan dalam usaha memperkukuh operasi membanteras penyelewengan subsidi minyak, khususnya di kawasan pesisir dan sempadan negeri itu.

Pengarahnya, Shahril Nizam Shahidin berkata, usaha itu dilihat mampu membantu KPDN memperluas capaian operasi terutama dalam menangani aktiviti penyeludupan serta penyelewengan barangan kawalan seperti petrol dan diesel. https://t.co/pwJDy1v4kD",Sat Apr 11 05:01:08 +0000 2026,BuletinTV3,"Jalan Riong, Bangsar, KL",True,5,0
cost_of_living,2042825368542023767,"Kementerian Perdagangan Dalam Negeri dan Kos Sara Hidup (KPDN) Sabah memohon supaya fasiliti Tentera Laut Diraja Malaysia (TLDM) dapat digunakan dalam usaha memperkukuh operasi membanteras penyelewengan subsidi minyak, khususnya di kawasan pesisir dan sempadan negeri Sabah. #harianmetro #mymetro
 https://t.co/HBYU1N9Qol",Sat Apr 11 04:41:36 +0000 2026,hmetromy,Malaysia,True,0,0
cost_of_living,2042532789506183302,"5 #BeritaPalingPopularBH hari ini

// Bekalan minyak April, Mei dijangka terkawal, 6 kapal Malaysia tunggu giliran lalu Selat Hormuz - Anwar
KUALA LUMPUR: Datuk Seri Anwar Ibrahim mengesahkan enam daripada tujuh kapal Malaysia sudah belayar melepasi Selat Hormuz dan kini dalam perjalanan membawa bekalan minyak mentah ke negara ini.
https://t.co/toAsRyeLo8

// Warga asing bina penempatan dalam ladang sawit, 15 kediaman dan 4 stor diroboh
SHAH ALAM: Koloni warga Indonesia dikesan menjadikan ladang sawit sebagai lokasi penempatan setinggan bagi mengelak status mereka yang menetap secara tidak sah dikesan pihak berkuasa.
https://t.co/XgH6arLRQk

// KKM pertimbang naikkan upah, elaun, elak jururawat berhijrah
PUTRAJAYA: Kementerian Kesihatan (KKM) akan mempertimbang untuk menaikkan upah atau elaun jururawat dalam usaha mengatasi masalah 'perang gaji' bagi mengelak mereka berhijrah ke luar negara.
https://t.co/tFsANd56Fj

// Keperluan harian, makanan faktor utama pengeluaran Akaun Fleksibel
KUALA LUMPUR: Laporan penyelidikan terbaharu Kumpulan Wang Simpanan Pekerja (KWSP) mendedahkan realiti kos sara hidup di negara ini menerusi pemerhatian terperinci terhadap data pengeluaran kewangan ahli.
https://t.co/skNmUwPtMX

// 'Cuci tangan' jadi mat rempit, raih 5 angka jadi 'influencer' permotoran
KUALA LUMPUR: Jika dulu Muhammad Khairul Khairuddin, 26. sering diperlekeh dan dihina, termasuk digelar mat rempit serta sampah masyarakat.
https://t.co/BwjvsvNZ9q",Fri Apr 10 09:19:00 +0000 2026,bharianmy,Malaysia,True,0,0
cost_of_living,2042158393264398792,"Ketua Pemuda Umno, Dr Akmal Saleh senada dengan Ketua Penerangan PAS Ahmad Fadhli Shaari berhubung cara kerajaan negara jiran, Thailand mengendalikan kenaikan kos sara hidup dan menurunkan harga barangan asas susulan kenaikan harga minyak akibat perang di Asia Barat.

Akmal dalam kenyataannya di media sosial, hari ini menarik perhatian mengenai tindakan kerajaan Thailand menyemak semula formula harga minyak yang membolehkan harga bahan api itu turun serta-merta apabila harga pasaran dunia merosot.

“Di Malaysia harga minyak kita terus meningkat akibat formula penentuan harga minyak Malaysia ditentukan oleh purata harga bagi minggu sebelumnya.

“Jadi mungkin kerajaan Malaysia boleh melihat semula formula yang digunakan oleh Thailand untuk menentukan harga minyak ataupun cari semula raja formula yang sebelum ini kata boleh turunkan minyak,” katanya. 

Berita penuh: https://t.co/ilbjGNFe32",Thu Apr 09 08:31:17 +0000 2026,mkini_bm,Kuala Lumpur,True,55,14
cost_of_living,2041507987425292396,"#BuletinBernama: Pelajar Malaysia di luar negara secara keseluruhannya berada dalam keadaan selamat walaupun berdepan cabaran kos sara hidup susulan situasi geopolitik semasa.

#digitalbernamatv #konflik #asiabarat #KPT #pelajar #selamati https://t.co/EdxurdeXm1",Tue Apr 07 13:26:48 +0000 2026,BernamaTV,Kuala Lumpur,True,0,0
cost_of_living,2041472216920203689,"Ketemu Duta Besar Republik Islam Iran ke Malaysia, Valiollah Mohammadi, di sela-sela Kuala Lumpur–Ankara Dialogue awal hari ini.

Dalam suasana ketidaktentuan susulan krisis Asia Barat, saya menzahirkan penghargaan Malaysia atas keputusan Iran membenarkan kapal minyak negara melalui Selat Hormuz. 

Langkah ini amat penting dalam memastikan kelangsungan bekalan tenaga, sekali gus membantu mengekang tekanan terhadap kos sara hidup rakyat dan menyokong kestabilan ekonomi negara.

//

Today, I met the Ambassador of the Islamic Republic of Iran to Malaysia, Valiollah Mohammadi, on the sidelines of the Kuala Lumpur–Ankara Dialogue.

Amid the uncertainties arising from the West Asian crisis, I conveyed Malaysia’s appreciation for Iran’s decision to allow our oil tankers to pass through the Strait of Hormuz.

#MalaysiaMADANI
#MADANIbekerja
#YakinMADANI",Tue Apr 07 11:04:39 +0000 2026,anwaribrahim,Malaysia,True,1862,348
cost_of_living,2041456560233148426,"Konflik Iran-Israel: Apa Implikasinya Kepada Malaysia?
 
Konflik Iran–Israel memberi kesan kepada ekonomi Malaysia melalui kenaikan harga minyak global. Kenaikan ini meningkatkan hasil sektor tenaga dan negara, namun dalam masa sama menambah tekanan terhadap kos logistik, subsidi bahan api serta kos sara hidup. 

(1/3)",Tue Apr 07 10:02:27 +0000 2026,EkonomiRakyatMY,Kuala Lumpur,True,7,4
cost_of_living,2041445163617423411,"#BernamaGlobal: Pelajar Malaysia di luar negara secara keseluruhannya berada dalam keadaan selamat walaupun berdepan cabaran kos sara hidup susulan situasi geopolitik semasa

#digitalbernamatv #pelajar #Malaysia #selamat #geopolitik https://t.co/l2ir6olXoP",Tue Apr 07 09:17:09 +0000 2026,BernamaTV,Kuala Lumpur,True,1,0
jobs,2092900398856282209,"𝐌𝐀𝐋𝐀𝐘𝐒𝐈𝐀 𝐏𝐄𝐑𝐊𝐔𝐊𝐔𝐇 𝐄𝐊𝐎𝐒𝐈𝐒𝐓𝐄𝐌 𝐌𝐄𝐃𝐓𝐄𝐂𝐇, 𝐏𝐀𝐂𝐔 𝐏𝐄𝐑𝐓𝐔𝐌𝐁𝐔𝐇𝐀𝐍 𝐄𝐊𝐎𝐍𝐎𝐌𝐈 𝐁𝐄𝐑𝐍𝐈𝐋𝐀𝐈 𝐓𝐈𝐍𝐆𝐆𝐈

YB Tuan Haji Akmal Nasrullah, Menteri Ekonomi hari ini menyampaikan ucaptama bertajuk “Driving Medical Technology for Sustainable Economic Growth” bersempena International Medical Device Exhibition and Conference (IMDEC) 2026 di Kuala Lumpur Convention Centre (KLCC), Kuala Lumpur.

Dalam ucaptamanya, YB Menteri menekankan bahawa industri peranti perubatan bukan sekadar menyokong sektor kesihatan, malah merupakan pemacu pelaburan, eksport, teknologi, pekerjaan berkemahiran tinggi dan inovasi tempatan. Ini adalah double dividend dalam MedTech. 

Pada 2025, eksport peranti perubatan Malaysia bernilai RM34.54 bilion, manakala sebanyak RM4.0 bilion pelaburan diluluskan merangkumi 46 projek yang berpotensi mewujudkan 3,393 peluang pekerjaan.

Selaras dengan aspirasi RMK13, Malaysia perlu bergerak daripada kekuatan sebagai hab pembuatan kepada ekonomi berasaskan penciptaan nilai dengan meningkatkan keupayaan dalam reka bentuk, R&D, teknologi, pengkomersialan dan pemilikan harta intelek.

Kerajaan juga akan terus menarik pelaburan berkualiti yang mampu memperkukuh rantaian bekalan domestik, pemindahan teknologi, pekerjaan berkemahiran tinggi serta penyertaan syarikat Malaysia dalam aktiviti bernilai lebih tinggi bagi mencapai matlamat ""Made by Malaysia"".

#KementerianEkonomi 
#MADANIBekerja 
#taatsetia 
#MadeByMalaysia
#IMDEC2026",Thu Aug 27 09:01:53 +0000 2026,EkonomiMalaysia,Putrajaya Federal Territory,True,1,0
jobs,2092608387435663832,"Bagaimana jika kamu bisa hodl sebuah RWA saham yang memberikan yield 12% dan berpotensi mendapatkan airdrop?

yuk kenalan sama printer uang dari Michael Saylor yaitu $STRC https://t.co/EX1f5uMnSR",Wed Aug 26 13:41:33 +0000 2026,bukanpamanmu,Desolate #328,False,8,0
jobs,2092488469863948592,"Persekutuan Pekilang-Pekilang Malaysia (FMM) menyifatkan cadangan Kongres Kesatuan Sekerja Malaysia (MTUC) supaya gaji minimum dinaikkan kepada RM3,100 sebagai keterlaluan dan tidak seimbang dengan keadaan ekonomi semasa.

Presiden FMM, Datuk Jacob Lee Chor Kok berkata, kenaikan sebanyak RM1,400 itu tidak boleh dilihat secara berasingan daripada pertumbuhan produktiviti, kemampuan perniagaan, inflasi, peluang pekerjaan dan kesannya terhadap keseluruhan struktur gaji.",Wed Aug 26 05:45:02 +0000 2026,EkonomiRakyatMY,Kuala Lumpur,True,12,3
jobs,2092420059612565608,"Majikan dalam sektor bermargin kecil mungkin mengurangkan pekerja, menaikkan harga atau mengecilkan operasi sekiranya gaji minimum dinaikkan kepada RM3,100 sebulan.

Persekutuan Majikan-Majikan Malaysia (MEF) memberi amaran, lonjakan daripada kadar semasa RM1,700 itu bukan sekadar menambah gaji pokok kerana turut meningkatkan caruman wajib, bayaran kerja lebih masa dan faedah pekerjaan.

Presidennya, Datuk Dr. Syed Hussain Syed Husman berkata, kemampuan syarikat, keadaan ekonomi dan perbezaan antara setiap sektor perlu dinilai sebelum satu kadar baharu diwajibkan kepada semua majikan.

Beliau turut berpandangan, pendapatan pekerja sepatutnya berkembang mengikut peningkatan kemahiran, produktiviti dan tanggungjawab supaya kenaikan berkenaan dapat dikekalkan dalam jangka panjang.

Pendirian itu dibuat selepas Kongres Kesatuan Sekerja Malaysia (MTUC) mencadangkan gaji kehidupan RM3,100 dijadikan rujukan dalam semakan gaji minimum berikutan peningkatan kos keperluan asas.

Sumber: Utusan Malaysia",Wed Aug 26 01:13:12 +0000 2026,thereportermy,Malaysia,True,1,0
jobs,2092261015719383176,"MBWP mengetengahkan dua gagasan berimpak tinggi, Batik Seri MADANI dan MFIX, bagi membuka lebih banyak peluang pekerjaan, mengkomersialkan karya tempatan serta memperkasa belia sebagai pemilik ekonomi kreatif negara.

#AWANInews
#AWANI745

https://t.co/0EJohs10Tr",Tue Aug 25 14:41:13 +0000 2026,501Awani,Malaysia,True,0,0
jobs,2091713306507796630,"Syukur Alhamdulillah, saya berpeluang menghadiri sesi perbincangan meja bulat bersama Maybank Singapore dan Singapore Manufacturing Federation (SMF) yang menghimpunkan wakil daripada 39 syarikat dan organisasi merentasi sektor kewangan, pembuatan dan kejuruteraan, kesihatan, ekonomi digital, infrastruktur serta utiliti.

Dalam sesi ini, saya berkongsi rekod pencapaian ekonomi Johor bagi tahun 2025 yang menunjukkan prestasi amat memberangsangkan. Ekonomi negeri mencatat pertumbuhan 8.0 peratus, tertinggi di Malaysia, dengan KDNK mencecah RM170.9 bilion. Johor turut merekodkan RM110 bilion pelaburan yang diluluskan, manakala dalam kawasan JS-SEZ, sebanyak RM77 bilion melibatkan hampir 400 projek yang dianggarkan mampu mewujudkan kira-kira lebih 24,500 peluang pekerjaan baharu.

Saya turut berkongsi usaha Kerajaan Negeri melalui Pelan Transformasi Ekonomi Johor (JETP) untuk memastikan pertumbuhan ekonomi membawa manfaat langsung kepada rakyat. Melalui Johor Talent Development Council (JTDC), pembangunan bakat diselaraskan dengan keperluan sebenar industri menerusi kerjasama bersama syarikat, universiti dan institusi TVET di Johor.

Usaha menarik pelaburan dan membangunkan bakat ini tentunya memerlukan kerjasama erat dengan rakan industri dan institusi kewangan. Saya merakamkan penghargaan kepada Maybank yang telah memudah cara hampir RM20 bilion pembiayaan dan pelaburan berkaitan JS-SEZ, serta SMF yang aktif membawa syarikat meneroka peluang di Johor. Kerjasama ini membantu membawa lebih banyak pelaburan berkualiti, teknologi, kepakaran dan peluang perniagaan ke negeri ini.

Semoga kerjasama Johor-Singapura terus diperkukuh agar pertumbuhan yang sedang berlaku dapat mempercepat pembangunan negeri secara menyeluruh, sekali gus memastikan kemajuan ekonomi Johor benar-benar dirasai oleh Bangsa Johor hari ini dan pada masa hadapan. Insya-Allah.

Allah Peliharakan Sultan
Allah Berkati Johor
Kepada Allah Kita Berserah

#BangsaJohor #MajuJohor #JSSEZ #JTDC #IMFCJ",Mon Aug 24 02:24:49 +0000 2026,onnhafiz,"Johore, Malaysia",True,34,5
jobs,2091507593131004020,"Rumah BUMN BRI Bawa Keripik Pisang Lokal Tembus Pasar Malaysia dan Hong Kong

Akurat Info, Sidoarjo - Penguatan ekonomi kerakyatan turut membuka peluang bagi pelaku Usaha Mikro, Kecil, dan Menengah ( UMKM ) untuk mengembangkan usahanya hingga menjangkau pasar yang lebih luas. PT Bank Rakyat Indonesia (Persero) Tbk atau BRI menjadi salah satu pihak yang mendorong proses tersebut melalui pendampingan berkelanjutan lewat program Rumah BUMN BRI .

Salah satu UMKM yang merasakan pendampingan tersebut adalah PT WWA Andik Sukses, produsen olahan keripik pisang asal Sidoarjo, Jawa Timur. Berawal dari usaha rumahan, bisnis yang dirintis Wiliyah Wiji Astutik itu kini berkembang dan mampu menjangkau pasar lokal hingga internasional.

Wiliyah memulai usaha tersebut pada 2019 dengan memanfaatkan hasil panen pisang yang melimpah di lingkungan tempat tinggalnya. Kala itu, pisang umumnya hanya dijual dalam kondisi mentah dengan nilai jual yang relatif rendah. Melihat kondisi tersebut, Wiliyah mencoba mengolah pisang menjadi produk bernilai tambah. Dari langkah sederhana itu, usaha keripik pisang yang dirintisnya perlahan berkembang menjadi bisnis yang memiliki pasar lebih luas.

Berbekal semangat kewirausahaan dan keinginan untuk membantu perekonomian keluarga, Wiliyah mulai merintis usaha pengolahan keripik pisang dari dapur rumah dengan peralatan sederhana. Perjalanan awal tentu tidak mudah. Ia harus melalui berbagai tahapan eksperimen untuk menemukan formula terbaik, mulai dari tingkat kerenyahan, teknik pengolahan, hingga varian rasa yang sesuai dengan selera pasar.

“Awalnya banyak uji coba untuk mendapatkan rasa dan tekstur yang tepat. Saya ingin membuat camilan yang enak, berkualitas, dan bisa dinikmati semua kalangan,” ujar Wiliyah.

Kerja keras tersebut membuahkan hasil. Produk keripik pisang yang dihasilkan memiliki cita rasa khas yang menjadi pembeda di pasaran. Salah satu keunggulan utamanya adalah penggunaan rasa alami pisang tanpa tambahan gula, sehingga pelanggan dapat menikmati manis asli dari buah pisang. Bentuk produknya pun unik, bulat tipis menyerupai keripik kentang, namun tetap mempertahankan karakter khas pisang.

Keunikan tersebut menjadi salah satu faktor yang membuat produk Keripik Pisang Visang semakin diminati pasar. Varian pisang manis menjadi produk best seller yang paling banyak dicari pelanggan.

Perjalanan usaha Wiliyah semakin berkembang ketika ia bergabung dengan Rumah BUMN BRI pada tahun 2021. Informasi mengenai program tersebut ia peroleh dari rekan sesama pelaku UMKM binaan di desanya. Ketertarikannya muncul karena melihat banyaknya program pengembangan usaha yang ditawarkan BRI kepada para pelaku UMKM.

Sejak bergabung, Wiliyah merasakan dampak signifikan terhadap perkembangan usahanya. Menurutnya, Rumah BUMN BRI memberikan dukungan yang tidak hanya berupa pelatihan, tetapi juga pendampingan nyata yang membantu UMKM tumbuh lebih kompetitif.

“Rumah BUMN sangat berpengaruh dalam perjalanan usaha saya. Mulai dari pengembangan kemasan hingga perluasan relasi bisnis, semuanya sangat membantu,” ungkapnya.

Melalui Rumah BUMN BRI, Wiliyah mendapatkan akses terhadap berbagai program peningkatan kapasitas usaha seperti kurasi BRIncubator, partisipasi dalam BRILiaNpreneur, bazar klaster di Regional Office Surabaya, pelatihan desain kemasan, fotografi produk, digital marketing, hingga penguatan kapasitas melalui ekosistem e-commerce.

Rangkaian program tersebut membantu usahanya bertransformasi dari UMKM tradisional menjadi bisnis yang lebih adaptif terhadap perkembangan pasar modern. Tidak hanya meningkatkan kualitas produk, pendampingan tersebut juga memperluas akses pasar secara signifikan.

Saat ini, penjualan produk dilakukan melalui kanal penjualan offline dan digital. Dengan dukungan pemasaran yang semakin kuat, jangkauan pasar PT WWA Andik Sukses kini tidak hanya melayani konsumen lokal, tetapi juga telah merambah pasar internasional seperti Malaysia Malaysia dan Hong Kong.

Dalam mendukung operasional bisnis sehari-hari, Wiliyah juga memanfaatkan berbagai layanan perbankan dari BRI, seperti Tabungan Simpedes dan QRIS BRI. Kehadiran layanan digital seperti BRImo dinilai semakin mempermudah pengelolaan transaksi usaha.

“Manfaat yang paling terasa adalah transaksi menjadi jauh lebih mudah. Dengan BRImo dan QRIS BRI, pembayaran dari pelanggan jadi lebih praktis dan efisien,” jelasnya.

Saat ini, usaha PT WWA Andik Sukses telah mempekerjakan delapan tenaga kerja, sekaligus membuka lapangan pekerjaan bagi masyarakat sekitar. Hal ini mencerminkan bagaimana pertumbuhan UMKM tidak hanya berdampak pada peningkatan pendapatan pelaku usaha, tetapi juga menciptakan multiplier effect bagi ekonomi lokal.

Ke depan, Wiliyah menargetkan usahanya dapat menjangkau pasar global yang lebih luas. Ia juga berencana menambah varian rasa baru serta menghadirkan kemasan yang lebih ekonomis agar produknya dapat menjangkau lebih banyak segmen konsumen.

Corporate Secretary BRI, Dhanny, menegaskan bahwa kisah PT WWA Andik Sukses merupakan cerminan nyata bagaimana pemberdayaan UMKM dapat mendorong penguatan ekonomi kerakyatan.

“BRI meyakini bahwa UMKM merupakan tulang punggung perekonomian nasional sekaligus motor penggerak ekonomi kerakyatan. Melalui Rumah BUMN, BRI terus menghadirkan ekosistem pemberdayaan yang komprehensif, mulai dari peningkatan kapasitas usaha, penguatan kualitas produk, perluasan akses pasar, hingga akselerasi digitalisasi bisnis,” ujarnya.

Ia menambahkan, transformasi UMKM tidak hanya berorientasi pada pertumbuhan bisnis, tetapi juga pada penciptaan dampak ekonomi yang lebih luas bagi masyarakat.

“Dari usaha yang dirintis dari rumah hingga mampu menembus pasar internasional, kisah ini menunjukkan bahwa UMKM Indonesia memiliki potensi besar untuk berkembang. BRI akan terus memperkuat perannya sebagai mitra strategis bagi UMKM agar semakin banyak pelaku usaha yang naik kelas, berdaya saing global, dan menjadi motor penggerak ekonomi nasional,” tutur Dhanny.

(*)

Baca berita terkini dan terpercaya di Berita Akurat Info

https://t.co/sgpRougn1F",Sun Aug 23 12:47:23 +0000 2026,media_akurat,,False,0,0
jobs,2091453694911148348,"Pembiayaan Inklusif, Obligasi Sosial Berkelanjutan BRI Raih IDX Channel Anugerah ESG 2026

Akurat Info, Jakarta - Komitmen PT Bank Rakyat Indonesia (Persero) Tbk ( BRI ) dalam mengembangkan keuangan berkelanjutan mendapat apresiasi melalui Anugerah Utama di ajang IDX Channel Anugerah ESG 2026 .

Penghargaan tersebut diberikan atas inisiatif Penerbitan Social Bond 2025: Mendorong Keuangan Inklusif Berkelanjutan, yang menjadi bagian dari upaya BRI memperluas pembiayaan inklusif melalui instrumen pendanaan berkelanjutan.

Ajang IDX Channel Anugerah ESG 2026 diselenggarakan di Main Hall Bursa Efek Indonesia (BEI), Jakarta, pada Rabu (29/7). Mengusung tema Beyond Compliance: Leveraging ESG to Create Long-Term Corporate Value, ajang ini memberikan apresiasi kepada perusahaan dan tokoh inspiratif yang dinilai konsisten dalam menerapkan prinsip Environmental, Social, and Governance (ESG).

Tahun ini, penghargaan diberikan kepada 30 perusahaan dari 11 sektor usaha berdasarkan lima aspek penilaian, yakni strategy and policy, leadership commitment, ESG performance, stakeholder participation, serta ESG reporting.

Sejalan dengan semangat tersebut, penerbitan Social Bond BRI mencerminkan penerapan prinsip ESG yang diwujudkan melalui inovasi pendanaan berkelanjutan. Melalui instrumen ini, BRI menghimpun dana dari pasar modal yang selanjutnya dialokasikan secara khusus untuk mendanai maupun membiayai kembali (financing and refinancing) berbagai proyek sosial yang memenuhi kriteria dalam kerangka Social Finance Framework BRI.

Kerangka ini mengacu pada Social Bond Principles dari ICMA, Social Loan Principles, serta POJK Nomor 51/POJK.03/2017 tentang Penerapan Keuangan Berkelanjutan bagi Lembaga Jasa Keuangan, Emiten, dan Perusahaan Publik, POJK Nomor 18 Tahun 2023 tentang Penerbitan dan Persyaratan Efek Bersifat Utang dan Sukuk Berlandaskan Keberlanjutan, dan Taksonomi Keuangan Berkelanjutan Indonesia (TKBI).

Kerangka tersebut memastikan dana obligasi dialokasikan secara terukur untuk pembiayaan yang memberikan manfaat bagi masyarakat prasejahtera, kelompok yang belum memperoleh akses memadai terhadap layanan esensial, perempuan, dan kelompok rentan lainnya.

Social Bond BRI memperoleh peringkat idAAA (Triple A) dari PEFINDO dan mencatat permintaan investor sebesar 1,31 kali dari target penerbitan. Pada 2026, BRI kembali menerbitkan Social Bond senilai Rp5 triliun. Dalam laporan dampak Social Bond tahun 2025, BRI mencatat bahwa pembiayaan Kredit Usaha Rakyat (KUR) Mikro telah memberikan akses pinjaman perbankan pertama kepada 44.694 nasabah dan meningkatkan akses usaha pada 23.422 nasabah.

Sementara itu, pembiayaan mikro melalui KUPEDES turut berkontribusi terhadap penciptaan 59.091 lapangan kerja pada segmen UMKM. Capaian ini turut mendukung Tujuan Pembangunan Berkelanjutan, khususnya SDG 1 Tanpa Kemiskinan, SDG 2 Tanpa Kelaparan, dan SDG 8 Pekerjaan Layak dan Pertumbuhan Ekonomi.

Direktur Legal and Compliance BRI Mahdi Yusuf menyampaikan bahwa penerbitan Social Bond secara berkelanjutan menunjukkan komitmen BRI dalam memperkuat pendanaan yang berorientasi pada dampak sosial.

“Melalui Social Bond, BRI memperluas akses layanan keuangan, memperkuat usaha masyarakat, dan mendukung penciptaan lapangan kerja. Penghargaan ini semakin menguatkan komitmen kami untuk memastikan setiap instrumen pendanaan berkelanjutan dapat menghasilkan manfaat yang nyata, terukur, dan tepat sasaran,” ungkap Mahdi.

CEO IDX Channel Syafril Nasution mengatakan bahwa ajang penghargaan ini tidak hanya menjadi bentuk apresiasi bagi perusahaan yang konsisten menerapkan prinsip keberlanjutan, tetapi juga diharapkan dapat mendorong semakin banyak korporasi memperkuat komitmen terhadap ESG.

""Kami berharap penghargaan ini tidak hanya menjadi bentuk apresiasi, tetapi juga menjadi pemicu bagi semakin banyak perusahaan untuk memperkuat komitmen terhadap keberlanjutan, transparansi, tata kelola, dan inovasi,"" kata Syafril.

(*)

Baca berita terkini dan terpercaya di Berita Akurat Info

https://t.co/ZhJ6clIbE8",Sun Aug 23 09:13:12 +0000 2026,media_akurat,,False,0,0
jobs,2091439778298568819,"📈 Ekonomi terus berkembang
💪 Ringgit semakin kukuh
💰 STR &amp; SARA ringankan beban rakyat
⛽ Subsidi diperbetul, ketirisan ditangani
👷 Pasaran pekerjaan terus berkembang
🌏 Pelaburan dan daya saing negara diperkasa
⚖️ Reformasi serta tatakelola terus digerakkan",Sun Aug 23 08:17:54 +0000 2026,meljamilah,,False,1,0
jobs,2091393342919909635,"BIAR FAKTA BERBICARA❤️                                  

✅SELEPAS COVID-19, MALAYSIA BANGKIT DIBAWAH PENTADBIRAN KERAJAAN MADANI

✅Daripada pemulihan kepada pertumbuhan, Kerajaan MADANI membawa ekonomi Malaysia ke landasan yang lebih kukuh.
✅Ekonomi berkembang. Defisit mengecil. Pekerjaan bertambah. Pelaburan meningkat.

✅Inilah ukuran kepimpinan,bukan sekadar mengurus krisis, tetapi membawa Malaysia bangkit dan berkembang.

✅Jom kita tengok skala dari KDNK 

📈 KDNK: 3.6% (2023) → 5.1% (2024) → 5.2% (2025)
📉 Defisit fiskal: 5.0% → 4.1% → 3.7%
👷 Pengangguran: turun kepada 2.9% pada 2025
💰 Pelaburan: terus dipacu, khususnya sektor bernilai tinggi.

#malaysiamadani #MADANIBekerja #malaysiaku",Sun Aug 23 05:13:23 +0000 2026,AbdulMarya5679,,False,1,1
jobs,2091073410386604524,"MGPerak: Dewan Belia Perak Perlu Aktif Persiap Anak Muda Rebut Peluang Pekerjaan

IPOH – Dewan Belia Perak perlu memainkan peranan lebih aktif dalam memastikan anak muda negeri ini bersedia merebut peluang pekerjaan dan perniagaan yang bakal terhasil daripada pertumbuhan ekonomi serta pelaburan baharu.

Menteri Besar Perak, Datuk Seri Saarani Mohamad berkata, peranan itu penting bagi merapatkan jurang maklumat, kemahiran dan akses golongan muda kepada industri. -MGPerak

#mgperak #malaysiagazetteperak #MBPerak #SaaraniMohamad

Video : Syakir Yusof",Sat Aug 22 08:02:05 +0000 2026,MalaysiaGazette,Kuala Lumpur,True,0,0
jobs,2090853900291281120,"Membongkar Barah Ekonomi: Mengapa Mekanisme Levi Pelbagai Peringkat (MTLM) Wajib Dilaksanakan Segera di Malaysia

Oleh: Slayingwolf selepas menonton YBM podcast sdra Rafizi Dan sdra Sum.

Ekonomi Malaysia kini berada di persimpangan yang kritikal. Selama berdekad-dekad, pertumbuhan industri negara disandarkan pada satu formula mudah: kebergantungan kepada tenaga buruh asing yang murah. Walaupun formula ini berjaya memacu pembangunan pada era 90-an, ia kini telah bertukar menjadi barah yang menyekat kemajuan ekonomi, menekan gaji rakyat tempatan, dan menyuburkan ekosistem rasuah berskala besar.

Bagi menghentikan kitaran ini, kerajaan telah merangka Mekanisme Levi Pelbagai Peringkat (Multi-Tier Levy Mechanism - MTLM). Walau bagaimanapun, pelaksanaannya telah ditangguhkan berkali-kali terbaharu sehingga tahun 2026 kononnya atas desakan kumpulan pelobi industri.

1. Memahami MTLM: Dari ""Kuota"" kepada ""Kawalan Harga Pasaran""

Sistem pengurusan buruh asing pada masa ini sangat bergantung pada kelulusan kuota. Sistem berasaskan kuota ini telah terbukti gagal kerana ia bersifat subjektif, terdedah kepada amalan rasuah, dan membuka ruang kepada campur tangan politik. Syarikat proksi dengan mudah boleh memanipulasi dokumen untuk mendapatkan kuota bagi pekerjaan yang sebenarnya tidak wujud.

Mekanisme Levi Pelbagai Peringkat (MTLM) direka untuk mengubah pendekatan ini dengan menggunakan instrumen fiskal (cukai dan penalti). Di bawah MTLM, kadar levi yang dikenakan ke atas majikan tidak lagi bersifat rata (flat rate). Sebaliknya, ia akan meningkat secara drastik berdasarkan peratusan pekerja asing di dalam sesebuah syarikat.

Sebagai contoh:

 * Tahap 1 (0% - 15% pekerja asing): Kadar levi biasa.

 * Tahap 2 (16% - 30% pekerja asing): Kadar levi berganda.

 * Tahap 3 (31% ke atas): Kadar levi penalti yang sangat tinggi.

Melalui struktur ini, kerajaan tidak lagi perlu ""menyekat"" kuota secara birokrasi. Pasaran akan dengan sendirinya menolak buruh asing kerana kos pengambilannya tidak lagi menguntungkan.

2. Empat Sebab Utama Mengapa MTLM Wajib Dilaksanakan

A. Memecahkan Siling Gaji Pekerja Tempatan (Ending Wage Suppression)

Punca utama gaji median rakyat Malaysia kekal stagnan (tidak berganjak) adalah kerana majikan mempunyai alternatif tenaga kerja yang murah. Apabila rakyat tempatan meminta gaji RM2,500 untuk menampung kos sara hidup, majikan boleh menolaknya dan beralih kepada buruh asing yang sanggup dibayar RM1,700.

Penyelesaian melalui MTLM:

Melalui pengiraan matematik mudah, jika MTLM dilaksanakan pada kadar yang drastik (contohnya levi Tahap 3 ditetapkan pada RM1,000 sebulan):

 * Kos Asal Buruh Asing: RM1,700 (gaji) + RM155 (levi biasa) = RM1,855 sebulan.

 * Kos Baharu dengan MTLM: RM1,700 (gaji) + RM1,000 (levi penalti) = RM2,700 sebulan.

Apabila kos mengambil buruh asing meningkat setara dengan kos buruh tempatan, majikan secara automatik akan memilih warganegara. Dana yang selama ini mengalir kepada pembayaran levi dan ejen akan dipaksa masuk ke dalam struktur gaji pekerja tempatan, sekali gus merangsang ekonomi domestik dengan ketara.

B. Membunuh Rantaian Mafia Korporat dan Amalan Rent-Seeking

Sistem berpusat sedia ada (seperti kelompangan dalam pengurusan platform FWCMS dan perekrutan ejen) telah mencipta sebuah ""mafia korporat"". Syarikat monopoli dan orang tengah mengaut keuntungan berbilion ringgit melalui yuran pemprosesan, manakala pegawai yang korup menerima suapan untuk meluluskan kuota.

Penyelesaian melalui MTLM:

Parasit ekonomi ini terus hidup bersandarkan...

To read more:
https://t.co/VdIGtneda1",Fri Aug 21 17:29:50 +0000 2026,bin_salle39329,,False,16,6
jobs,2090622941054771256,"#DariBilikBerita : Malaysia akan menyemak semula pemohon pelaburan baharu bagi memastikan aktiviti mereka menjana pekerjaan dan membawa manfaat ekonomi kepada negara.

#digitalbernamatv #anwaribrahim #pelaburan https://t.co/s0GBEFZaeo",Fri Aug 21 02:12:05 +0000 2026,BernamaTV,Kuala Lumpur,True,0,0
jobs,2090575584783180101,"Lowongan Kerja Lewat Program ANTAM IMPACT, Cek Syarat hingga Jadwal Pendaftaran

Akurat Info, Jakarta - PT Aneka Tambang Tbk ( ANTAM ), anggota dari MIND ID (Mining Industry Indonesia), BUMN Holding Industri Pertambangan merupakan perusahaan pertambangan, yang kini membuka program pengalaman kerja untuk fresh graduate dan early careers. Pendaftaran ditutup pada 28 Agustus 2026.

ANTAM didirikan sebagai BUMN pada 1968 melalui merjer beberapa perusahaan pertambangan nasional yang memproduksi komoditas tunggal. Pada 1997, ANTAM menawarkan 35% sahamnya ke publik dan mencatatkannya di Bursa Efek Indonesia, dikutip dari situs resmi ANTAM, Jumat (21/8/2026).

Program ANTAM IMPACT dirancang untuk memfasilitasi karier fresh graduate maupun early careers menjadi talenta profesional. Program ini termasuk pembelajaran terstruktur, pendampingan intensif dari pemimpin dan praktisi berpengalaman, serta pengalaman kerja nyata melalui berbagai penugasan. Pelamar bisa memilih dua job stream, yakni satu yang utama, dan satu yang eksploratif.

Berikut adalah rincian job stream yang ditawarkan:

Job Stream Operations

1. Exploration

Deskripsi Pekerjaan:

Kegiatan eksplorasi, mulai dari studi geologi, geofisika, pemetaan wilayah prospektif, pengeboran eksplorasi, hingga estimasi sumber daya dan cadangan.

Jurusan yang Dicari:

Teknik Geologi, Teknik Geofisika, Teknik Geodesi, Teknik Geomatika, Geografi, Teknik Pertambangan.

2. Mining

Deskripsi Pekerjaan:

Perencanaan tambang, pelaksanaan operasi penambangan, pengelolaan sumber daya mineral, hingga pengembangan proyek pertambangan.

Jurusan yang Dicari:

Teknik Pertambangan, Teknik Geologi.

3. Processing

Deskripsi Pekerjaan:

Pengoperasian, pengembangan, dan optimalisasi proses pengolahan serta pemurnian mineral.

Jurusan yang Dicari:

Teknik Metalurgi, Teknik Kimia.

4.  Project & Engineering

Deskripsi Pekerjaan:

Merancang, mengembangkan, dan mengoptimalkan teknologi, fasilitas produksi, sistem pemeliharaan, serta infrastruktur pendukung operasional perusahaan.

Jurusan yang Dicari:

Teknik Mesin, Teknik Elektro, Teknik Instrumentasi, Teknik Fisika, Teknik Sipil.

5.  Health, Safety & Environment

Deskripsi Pekerjaan:

Pengelolaan risiko operasional, pemantauan kepatuhan terhadap standar keselamatan, kesehatan kerja, dan lingkungan, serta berbagai inisiatif untuk menciptakan lingkungan kerja yang aman dan mendukung operasional yang berkelanjutan.

Jurusan yang Dicari:

K3, Teknik Pertambangan, Kesehatan Masyarakat, Teknik Lingkungan, Kehutanan, Manajemen Keberlanjutan (sustainability).

6.  Quality Control

Deskripsi Pekerjaan:

Melakukan pengujian laboratorium, analisis material, inspeksi kualitas, serta verifikasi parameter produksi untuk memastikan setiap produk memiliki kualitas yang konsisten serta memenuhi standar mutu yang ditetapkan.

Jurusan yang Dicari:

Teknik Geologi, Teknik Pertambangan, Teknik Kimia, Kimia.

1. Marketing

Deskripsi Pekerjaan:

Memasarkan produk, mengelola penjualan, mengoordinasikan logistik pengiriman, serta membangun hubungan yang baik dengan pelanggan.

Jurusan yang Dicari:

Manajemen Pemasaran, Manajemen Bisnis, Manajemen Keuangan, Ilmu Ekonomi.

2. Business Development

Deskripsi Pekerjaan:

Terlibat dalam pengembangan strategi bisnis, identifikasi peluang usaha, evaluasi investasi, serta pengembangan kemitraan strategis dan joint venture.

Jurusan yang Dicari:

Teknik Pertambangan, Teknik Metalurgi, Teknik Industri, Manajemen Keuangan, Manajemen Bisnis, Ilmu Ekonomi, Statistika, Sains Data.

3. Supply Chain Management

Deskripsi Pekerjaan:

Mengelola proses pengadaan, pengelolaan mitra kerja, manajemen inventori, logistik, dan distribusi.

Jurusan yang Dicari:

Manajemen Logistik, Teknik Industri, Teknik Mesin, Teknik Elektro, Ilmu Administrasi Bisnis, Ilmu Ekonomi, Hukum, Teknik Perkapalan, Teknik Kelautan, Manajemen Transportasi Laut.

4. Organization & Human Capital Management

Deskripsi Pekerjaan:

Berkontribusi dalam pengelolaan talenta, pengembangan kepemimpinan, pengembangan organisasi, penguatan budaya kerja, serta pengembangan kapabilitas karyawan.

Jurusan yang Dicari:

Teknik Industri, Sains Data, Perpajakan, Akuntansi, Hukum, Manajemen SDM, Sistem Informasi, Manajemen Informatika, Manajemen Keuangan, Statistika, Psikologi.

5. Legal & Compliance

Deskripsi Pekerjaan:

Terlibat dalam pengelolaan aspek hukum, kepatuhan, pengendalian internal, dan mitigasi risiko untuk memastikan setiap keputusan dan proses bisnis berjalan secara efektif, sesuai regulasi, serta selaras dengan prinsip tata kelola perusahaan yang baik.

Jurusan yang Dicari:

Hukum, Kebijakan Publik, Ilmu Administrasi Bisnis.

6. Finance & Accounting

Deskripsi Pekerjaan:

Berkontribusi dalam berbagai aspek pengelolaan keuangan, mulai dari penyusunan anggaran, pelaporan keuangan, treasury, perpajakan, hingga analisis investasi.

Jurusan yang Dicari:

Akuntansi, Perpajakan, Manajemen Keuangan.

7. Corporate Relation

Deskripsi Pekerjaan:

Terlibat dalam koordinasi dengan berbagai pemangku kepentingan, pengelolaan komunikasi korporasi, serta dukungan terhadap proses yang berkaitan dengan tata kelola perusahaan.

Jurusan yang Dicari:

Teknik Industri, Manajemen, Hukum, Komunikasi.

8. Information Technology

Deskripsi Pekerjaan:

Berkontribusi dalam berbagai inisiatif digital perusahaan, mulai dari pengembangan sistem informasi, pengelolaan infrastruktur teknologi, keamanan siber, hingga analisis data.

Jurusan yang Dicari:

Teknik Informatika, Sistem Informasi, Ilmu Komputer.

Kualifikasi Kandidat:

Dokumen yang Dibutuhkan:

Informasi lebih lanjut terkait tahapan pendaftaran, guidebook, serta detail pendaftaran dapat dilihat di situs:

https://t.co/mZFszVnb70

Baca berita terkini dan terpercaya di Berita Akurat Info

https://t.co/lz6CQhn3lV",Thu Aug 20 23:03:55 +0000 2026,media_akurat,,False,0,0
jobs,2090559668041265587,"PM Dijangka Buat Pengumuman Penting Pada 30 Ogos, 16 Sept

PERDANA Menteri Datuk Seri Anwar Ibrahim dijangka membuat beberapa pengumuman penting berkaitan negara pada malam sambutan ambang merdeka dan Hari Malaysia pada 16 Sept ini.

Bagaimanapun, beliau tidak mengulas lanjut mengenai perkara yang bakal diumumkan itu.

“Saya akan dengar, minta beberapa pandangan lain dikemukakan dan (menjelang) 31 Ogos tahun ini, saya akan buat satu dua pengumuman penting bagi negara... kemudian saya ke Kuching, 16 Sept Hari Malaysia.

“Jadi, 30 Ogos malam satu pengumuman, (selepas itu) 16 Sept, kemudian (akan ada pengumuman pada) awal Oktober (semasa) Belanjawan,” katanya pada sesi Temu Anwar sempena Majlis Perasmian Himpunan Anak Muda (HAMKA) Antarabangsa 2026 di Klang hari ini (semalam).

Anwar berkata demikian ketika menjawab soalan seorang mahasiswa mengenai langkah kerajaan bagi menjamin kebajikan dan keselamatan kewangan belia yang terlibat dalam ekonomi gig.

Perdana Menteri berkata kerajaan sedang memperkukuh perlindungan bagi pekerja ekonomi gig menerusi penubuhan Suruhanjaya Ekonomi Gig Malaysia (SEGiM) selain memperkenal rang undang-undang baharu berkaitan perniagaan kecil-kecilan.

Beliau berkata walaupun terdapat pandangan bahawa bantuan sedia ada masih belum mencukupi, kerajaan tetap perlu memastikan kebajikan golongan berkenaan terbela.

Dalam pada itu, Anwar berkata kerajaan akan mempermudah akses pembiayaan kepada graduan yang ingin memulakan perniagaan termasuk menerusi Tabung Ekonomi Kumpulan Usaha Niaga (TEKUN) Nasional.

Beliau berkata syarat sedia ada yang memerlukan pemohon mempunyai rekod perniagaan sebelum memperoleh pembiayaan perlu dilihat semula memandangkan keadaan ekonomi dan corak pekerjaan telah berubah.

“Jadi, saya hanya boleh sebut di sini saya akan dengar dan teliti... jika ada keupayaan, kita akan lakukan yang terbaik untuk belia,” katanya.

- Bernama",Thu Aug 20 22:00:40 +0000 2026,mynewshub,Malaysia,True,2,0
jobs,2090503857910821049,"17 Ogos 2026

Mengiringi Dato' Menteri Besar Selangor, Dato' Seri Amirudin Shari menyempurnakan perasmian SME Platinum Business Awards (PBA) 2026 Roadshow Shah Alam Grand Finale, yang menjadi destinasi terakhir jelajah PBA 2026 di seluruh negara.

Perusahaan kecil dan sederhana (PKS) merupakan tulang belakang ekonomi negara. Lebih 1.08 juta PKS merangkumi 96.1% daripada keseluruhan pertubuhan perniagaan di Malaysia, menyumbang 39.5% kepada KDNK serta menyediakan pekerjaan kepada 8.1 juta rakyat Malaysia. Apabila PKS berkembang dan menjadi lebih berdaya saing, ekonomi negara turut menjadi lebih kukuh.

Sebagai negeri peneraju ekonomi negara, Selangor mahu memastikan pertumbuhan pelaburan turut membuka ruang lebih luas kepada syarikat tempatan untuk berkembang. Melalui program seperti Invest Selangor Business Linkages & Advancement Programme (BLAST), kita menghubungkan PKS tempatan dengan syarikat multinasional, syarikat peringkat pertengahan serta pemain industri utama agar mereka dapat menyertai rantaian bekalan bernilai lebih tinggi.

Tema PBA tahun ini, “Governance • Digitalisation • Intelligence”, juga selari dengan keperluan perniagaan masa kini. Tadbir urus yang baik membina kepercayaan, pendigitalan meningkatkan produktiviti, manakala penggunaan data, teknologi dan kecerdasan buatan membolehkan keputusan perniagaan dibuat dengan lebih pantas dan tepat. Semua ini bukan lagi sekadar kelebihan, tetapi keperluan untuk kekal kompetitif.

Kerajaan Negeri Selangor akan terus bekerjasama dengan persatuan perniagaan, institusi kewangan, pemain industri serta agensi Kerajaan bagi membina ekosistem yang melahirkan bukan sekadar lebih banyak perniagaan, tetapi perniagaan yang lebih kukuh, inovatif dan berdaya tahan serta mampu mencipta pekerjaan berkualiti.

Tahniah kepada SME Association of Malaysia, SME Association of Selangor serta semua pihak yang menjayakan PBA 2026 Roadshow. Saya berharap lebih banyak syarikat dari Selangor tampil ke hadapan dan mendapat pengiktirafan di pentas nasional.",Thu Aug 20 18:18:54 +0000 2026,NajwanHalimi,,False,1,1
jobs,2090446291851477483,"Malaysia akan memperketat penelitian ke atas pemohon pelaburan baharu bagi memastikan operasi mereka mewujudkan pekerjaan dan memberi manfaat sebenar kepada ekonomi negara, kata Perdana Menteri Anwar Ibrahim.https://t.co/BD9S3hiJz9",Thu Aug 20 14:30:09 +0000 2026,TRTMelayu,Ankara,False,0,0
jobs,2090406781197685214,https://t.co/HcMX4ySand,Thu Aug 20 11:53:09 +0000 2026,ksampoh,United State Of America ,False,4,1
jobs,2090360498407592144,"Dari lulusan SMK hingga penyandang difabel, ribuan pencari kerja datang membawa keahlian, pengalaman, dan harapan untuk mendapatkan pekerjaan. #Ekonomi #AdadiKompas

https://t.co/qxdjlx4CaY",Thu Aug 20 08:49:14 +0000 2026,kompas_urbana,"Palmerah Selatan, Jakarta",False,0,0
jobs,2090357987839754663,"Dari lulusan SMK hingga penyandang difabel, ribuan pencari kerja datang membawa keahlian, pengalaman, dan harapan untuk mendapatkan pekerjaan. #Ekonomi #AdadiKompas 

https://t.co/54V2Bq4zji",Thu Aug 20 08:39:15 +0000 2026,hariankompas,"Palmerah, Jakarta",False,0,0
jobs,2090348986557432307,"Bagi rakyat, matlamatnya mudah: membuka lebih banyak peluang untuk belajar, mendapatkan pekerjaan yang sepadan dengan kemahiran, dan terus berkembang sepanjang kerjaya. Inilah bagaimana GEAR-uP Menaikkan Lantai, supaya apabila ekonomi Malaysia berkembang,",Thu Aug 20 08:03:29 +0000 2026,MOFmalaysia,Putrajaya Federal Territory,True,0,0
jobs,2090345246983131575,"Malaysia akan semak semula pemohon pelaburan baharu, pastikan jana manfaat ekonomi - Anwar

Ia bagi memastikan aktiviti syarikat menjana pekerjaan dan memberi manfaat kepada ekonomi serta perniagaan tempatan

#SinarHarian #Malaysia #semaksemula #permohonan #pelaburanbaharu

https://t.co/tv6vbxKieP",Thu Aug 20 07:48:38 +0000 2026,SinarOnline,Malaysia,True,0,0
jobs,2090342800399188418,"Syukur Alhamdulillah, hubungan erat dan kerjasama baik antara Johor dan Singapura terus membuka lebih banyak ruang untuk kita bergerak bersama, khususnya dalam menjayakan Johor-Singapore Special Economic Zone (JS-SEZ). Momentum yang dicapai setakat ini amat menggalakkan. Sejak Januari 2025, sebanyak 1,436 pertanyaan pelaburan telah diterima menerusi Invest Malaysia Facilitation Centre Johor (IMFC-J), termasuk 43 prospek pelaburan yang dirujuk oleh EDB dan Enterprise Singapore.

Dalam rangka lawatan kerja ke Singapura, saya berkesempatan bersarapan dan mengadakan perbincangan bersama Tuan Chee Hong Tat, Menteri Pembangunan Negara Singapura. Pertemuan ini menjadi satu lagi ruang untuk memperkukuh hubungan Johor-Singapura serta menyelaras langkah seterusnya bagi memastikan JS-SEZ bergerak daripada perancangan kepada pelaksanaan yang tersusun dan berkesan.

Antara yang diberikan perhatian ialah persediaan ke arah pelancaran Pelan Induk dan Pelan Tindakan Pelaburan JS-SEZ pada penghujung tahun ini, selain usaha menarik pelabur strategik berimpak tinggi, memperkukuh rantaian bekalan serta penglibatan PKS, dan memudahkan urusan perniagaan serta pergerakan barangan antara Johor dan Singapura.

Bagi Johor, kemasukan pelaburan perlu membawa nilai tambah yang lebih besar kepada ekonomi negeri. Ia bukan sahaja perlu mewujudkan lebih banyak pekerjaan berpendapatan tinggi untuk anak-anak Johor, malah membuka lebih banyak peluang kepada syarikat, vendor, PKS dan usahawan tempatan untuk berkembang bersama serta memastikan limpahan ekonomi JS-SEZ dapat dinikmati oleh negeri dan seluruh Bangsa Johor.

Secara keseluruhan pertemuan ini cukup positif dan pelbagai perkara dibincangkan secara terbuka. Terima kasih kepada Tuan Chee Hong Tat atas kesudian meluangkan masa serta komitmen untuk terus memperkukuh kerjasama ini. Semoga pertemuan ini menjadi satu lagi langkah penting dalam memperkukuh kerjasama Johor-Singapura, seterusnya melancarkan pelaksanaan JS-SEZ selain memastikan segala perancangan yang dipersetujui dapat dilaksanakan dengan baik dan sistematik. Insya-Allah.

Allah Peliharakan Sultan
Allah Berkati Johor
Kepada Allah Kita Berserah

#BangsaJohor #MajuJohor #JSSEZ #IMFCJ #JTDC",Thu Aug 20 07:38:54 +0000 2026,onnhafiz,"Johore, Malaysia",True,32,11
jobs,2090322929641013737,"📌 Kerajaan terbuka untuk menambah baik SST, guna pakai beberapa komponen GST tetapi menolak cukai terhadap rakyat termiskin secara menyeluruh
 
📌 Kerajaan akan mempercepat penggubalan RUU e-dagang, perkemas peraturan dan melindungi peniaga serta pengguna

📌 Jualan Ehsan Rahmah dalam talian akan diadakan pada 9 Sept sempena sambutan Hari Malaysia 2026

📌 Kerajaan akan teliti pemohon pelaburan baharu untuk memastikan manfaat ekonomi dan pekerjaan

📌 Malaysia tolak pelaburan Pelabuhan Klang dalam gudang, aktiviti transit tanpa manfaat pekerjaan dan ekonomi

-- PM Datuk Seri Anwar Ibrahim

#digitalbernamatv 
#edagang
#rakyat",Thu Aug 20 06:19:57 +0000 2026,BernamaTV,Kuala Lumpur,True,0,0
jobs,2090320124486341024,"📌 Kerajaan akan mempercepat penggubalan RUU e-dagang, perkemas peraturan dan melindungi peniaga serta pengguna 

📌 Jualan Ehsan Rahmah dalam talian akan diadakan pada 9 Sept sempena sambutan Hari Malaysia 2026

📌 Kerajaan akan teliti pemohon pelaburan baharu untuk memastikan manfaat ekonomi dan pekerjaan 

📌 Kerajaan terbuka untuk menambah baik SST, guna pakai beberapa komponen GST tetapi menolak cukai terhadap rakyat termiskin secara menyeluruh 

📌 Malaysia tolak pelaburan Pelabuhan Klang dalam gudang, aktiviti transit tanpa manfaat pekerjaan dan ekonomi 

- PM @anwaribrahim 

#BernamaNews",Thu Aug 20 06:08:48 +0000 2026,bernamadotcom,"Kuala Lumpur, Malaysia",True,4,0
jobs,2090312655298851098,"📌Kerajaan akan mempercepat penggubalan RUU e-dagang, perkemas peraturan dan melindungi peniaga serta pengguna

📌Jualan Ehsan Rahmah dalam talian akan diadakan pada 9 Sept sempena sambutan Hari Malaysia 2026

📌 Kerajaan akan teliti pemohon pelaburan baharu untuk memastikan manfaat ekonomi dan pekerjaan 

📌Kerajaan terbuka untuk menambah baik SST, guna pakai beberapa komponen  GST tetapi menolak cukai terhadap rakyat termiskin secara menyeluruh

📌Malaysia tolak pelaburan Pelabuhan Klang dalam gudang, aktiviti transit tanpa manfaat pekerjaan dan ekonomi

- PM Datuk Seri Anwar Ibrahim",Thu Aug 20 05:39:07 +0000 2026,Bernama_Radio,Malaysia,True,0,0
jobs,2090312493604450420,"📌Kerajaan akan teliti pemohon pelaburan baharu untuk memastikan manfaat ekonomi dan pekerjaan - PM @anwaribrahim 

📌 Kerajaan terbuka untuk menambah baik SST, guna pakai beberapa komponen GST tetapi menolak cukai terhadap rakyat termiskin secara menyeluruh - PM @anwaribrahim 

📌 Malaysia tolak pelaburan Pelabuhan Klang dalam gudang, aktiviti transit tanpa manfaat pekerjaan dan ekonomi - PM @anwaribrahim 

#BernamaBiz",Thu Aug 20 05:38:29 +0000 2026,BernamaBiz,Kuala Lumpur,True,0,0
jobs,2090295784717812041,"Bagi rakyat, matlamatnya mudah: membuka lebih banyak peluang untuk belajar, mendapatkan pekerjaan yang sepadan dengan kemahiran, dan terus berkembang sepanjang kerjaya. Inilah bagaimana GEAR-uP Menaikkan Lantai, supaya apabila ekonomi Malaysia berkembang,",Thu Aug 20 04:32:05 +0000 2026,MOFmalaysia,Putrajaya Federal Territory,True,0,0
jobs,2089693297216532926,"Pertumbuhan ekonomi Malaysia sebanyak enam peratus pada suku kedua 2026 perlu diterjemahkan kepada peningkatan gaji, peluang pekerjaan berkualiti dan kesejahteraan rakyat.

#AWANInews
#AWANI745

https://t.co/vogODVeKjZ",Tue Aug 18 12:38:01 +0000 2026,501Awani,Malaysia,True,0,0
jobs,2089673663595651306,"Malaysia perlu melangkau lebih daripada sekadar menjadi pengguna kecerdasan buatan (AI) dengan membangunkan dan memanfaatkan teknologi itu secara bertanggungjawab bagi menghasilkan penyelesaian yang memberi impak global.

Menteri Sains, Teknologi dan Inovasi Datuk Chang Lih Kang berkata usaha itu memerlukan tenaga kerja berkemahiran tinggi dan bersedia menghadapi masa depan,  selaras dengan peranan AI yang terus mengubah landskap industri, ekonomi serta corak kehidupan dan pekerjaan.

https://t.co/fKC9mWgzM4",Tue Aug 18 11:20:00 +0000 2026,Bernama_Radio,Malaysia,True,0,0
jobs,2089672374828560609,"Kita tak akan teragak-agak untuk pastikan pelaksanaan kerjasama strategik antara Malaysia dan Arm Holdings terus berjalan dengan lancar. 

Kali ini saya duduk bersama Naib Canselor dan Timbalan-Timbalan Naib Canselor dari 12 universiti awam untuk kita sama-sama semak to-do-list yang ada di peringkat pembangunan bakat.

Setiap universiti memberi komitmen untuk pastikan latihan Arm On-Demand giat dijalankan di peringkat universiti, sama ada secara fizikal mahupun atas talian.

Bakat-bakat ini kita perlu jaga sebaiknya sehingga tamat latihan dan pastikan mereka memanfaatkan latihan yang diperoleh dalam kerjaya mereka kemudian sebagai circuit designer.

Seperti yang saya nyatakan sejak awal di Kementerian Ekonomi, dasar yang baik hanya berhasil bila execution atau pelaksanaan dibuat bersungguh-sungguh.

Kerajaan juga sedang sedaya upaya menjayakan kerjasama ini supaya lebih banyak peluang pekerjaan bernilai dan bergaji tinggi.",Tue Aug 18 11:14:53 +0000 2026,akmalnasir,"Johor Bahru, Johor",True,61,16
jobs,2089659634584023361,"PKS merupakan nadi penting kepada pertumbuhan ekonomi, peluang pekerjaan dan mata pencarian jutaan rakyat Malaysia. Dalam kita bergerak ke arah aspirasi Negara AI menjelang 2030, kita perlu perincikan semula standard produktiviti, penembusan pasaran dan peluang-peluang bernilai tinggi.

Dan sebab itulah pelancaran Boost SME, sebuah penyelesaian kewangan digital bersepadu yang direka untuk memperkasa PKS Malaysia melalui perbankan digital yang pantas, pinjaman PKS, faedah dan rebat harian, serta penyelesaian pembayaran, sememangnya tepat pada masanya. 

Melalui platform ini, perniagaan dapat mengurus operasi dengan lebih cekap, memperoleh gambaran kewangan yang lebih jelas dan memberi tumpuan kepada perkara yang paling penting, iaitu memenuhi keperluan pelanggan dan mengembangkan perniagaan. Saya amat menggalakkan kerjasama berterusan antara Boost dan pemain PKS bagi mengatasi cabaran sedia ada serta memenuhi keperluan yang sentiasa berubah, sekali gus menjadikan platform ini sebagai pemacu perubahan dalam landskap PKS.

Perjalanan AI Malaysia dipacu oleh perniagaan, pekerja dan komuniti. Jika kita melaksanakannya dengan betul, transformasi digital akan membuka lebih banyak ruang dan mencipta peluang yang lebih luas untuk rakyat Malaysia mencipta kejayaan. 

#Boost #AINation #Fintech #SME",Tue Aug 18 10:24:15 +0000 2026,GobindSinghDeo,,False,8,3
jobs,2089608871845515500,"Hadir ke Majlis Libat Urus Belanjawan 2027 Malaysia MADANI: Menggapai di Langit, Mengakar di Bumi bersama YAB Perdana Menteri dan Menteri Kewangan pagi ini. Belanjawan 2027 perlu berpijak pada realiti rakyat dengan tumpuan kepada penciptaan pekerjaan, peningkatan pendapatan dan perlindungan sosial, termasuk memperluas peluang pekerjaan kepada golongan OKU.

Seperti ditekankan YAB Perdana Menteri, ekonomi penjagaan (care economy) juga perlu diperkasa. Perkhidmatan awam harus menjadi pemula dalam menyediakan persekitaran kerja lebih mesra keluarga, termasuk kemudahan asuhan dan penjagaan di tempat kerja, sekali gus meningkatkan penyertaan tenaga kerja, produktiviti dan mengurangkan beban kos keluarga.

#MalaysiaMADANI
#YakinMADANI
#MADANIBekerja
#ReformasiSatuKemestian
#TaatSetia

©️𝟮𝟬𝟮𝟲 𝗣𝗘𝗝𝗔𝗕𝗔𝗧 𝗞𝗘𝗧𝗨𝗔 𝗦𝗘𝗧𝗜𝗔𝗨𝗦𝗔𝗛𝗔 𝗡𝗘𝗚𝗔𝗥𝗔",Tue Aug 18 07:02:32 +0000 2026,shamsulazribakr,,False,29,9
jobs,2089569732580319551,"Petang semalam saya menyempurnakan perasmian SME Platinum Business Awards (PBA) 2026 Roadshow Shah Alam Grand Finale, yang menjadi destinasi terakhir jelajah PBA 2026 di seluruh negara.

Perusahaan kecil dan sederhana (PKS) merupakan tulang belakang ekonomi negara. Lebih 1.08 juta PKS merangkumi 96.1% daripada keseluruhan pertubuhan perniagaan di Malaysia, menyumbang 39.5% kepada KDNK serta menyediakan pekerjaan kepada 8.1 juta rakyat Malaysia. Apabila PKS berkembang dan menjadi lebih berdaya saing, ekonomi negara turut menjadi lebih kukuh.

Sebagai negeri peneraju ekonomi negara, Selangor mahu memastikan pertumbuhan pelaburan turut membuka ruang lebih luas kepada syarikat tempatan untuk berkembang. Melalui program seperti Invest Selangor Business Linkages & Advancement Programme (BLAST), kita menghubungkan PKS tempatan dengan syarikat multinasional, syarikat peringkat pertengahan serta pemain industri utama agar mereka dapat menyertai rantaian bekalan bernilai lebih tinggi.

PKS Selangor tidak seharusnya kekal sebagai pemain tempatan semata-mata. Kita mahu mereka memiliki keupayaan, keyakinan dan daya saing untuk menembusi pasaran serantau serta global.

Tema PBA tahun ini, “Governance • Digitalisation • Intelligence”, juga selari dengan keperluan perniagaan masa kini. Tadbir urus yang baik membina kepercayaan, pendigitalan meningkatkan produktiviti, manakala penggunaan data, teknologi dan kecerdasan buatan membolehkan keputusan perniagaan dibuat dengan lebih pantas dan tepat. Semua ini bukan lagi sekadar kelebihan, tetapi keperluan untuk kekal kompetitif.

Kerajaan Negeri akan terus bekerjasama dengan persatuan perniagaan, institusi kewangan, pemain industri serta agensi Kerajaan bagi membina ekosistem yang melahirkan bukan sekadar lebih banyak perniagaan, tetapi perniagaan yang lebih kukuh, inovatif dan berdaya tahan serta mampu mencipta pekerjaan berkualiti.

Tahniah kepada SME Association of Malaysia, SME Association of Selangor serta semua pihak yang menjayakan PBA 2026 Roadshow. Saya berharap lebih banyak syarikat dari Selangor tampil ke hadapan dan mendapat pengiktirafan di pentas nasional.

#KitaSelangor",Tue Aug 18 04:27:01 +0000 2026,AmirudinShari,"Gombak, Selangor",True,19,0
jobs,2089268288337698891,"Menurut laporan Berita Harian pada 24 Jun 2026, seramai 42,807 pekerja di Malaysia kehilangan pekerjaan dari Januari hingga 12 Jun 2026 berdasarkan data Pertubuhan Keselamatan Sosial (PERKESO).

https://t.co/L10XwUtqM4

'Yang sahih di RTM' https://t.co/puh8v7IMBw",Mon Aug 17 08:29:11 +0000 2026,beritartm,,False,0,0
jobs,2089254405367337460,"Pemuda PKR Selangor berkata, sebelum MB Kedah bercakap besar tentang cita-cita PN, PAS perlu menjawab satu persoalan mudah: apa sebenarnya yang mereka mahu tawarkan.

“Kalau belanjawan alternatif pun malas nak buat, tak perlulah sembang mahu tawan Selangor,” sindir timbalan ketuanya, Mohamad Shahrul Adnan.

Katanya Selangor menunjukkan prestasi yang baik selama ditadbir PH seperti kekal menjadi penyumbang terbesar kepada ekonomi Malaysia dan menjadi antara pusat utama pelaburan, perindustrian, perdagangan serta peluang pekerjaan.

Berita penuh: https://t.co/NtlHr7AO3i",Mon Aug 17 07:34:01 +0000 2026,mkini_bm,Kuala Lumpur,True,33,7
jobs,2089132308834242876,"Syukur Alhamdulillah, saya berkesempatan mengadakan pertemuan bersama YB Datuk Seri Johari Abdul Ghani, Menteri Pelaburan, Perdagangan dan Industri (MITI), bagi membincangkan hala tuju pelaburan dan pembangunan industri Johor, khususnya dalam memastikan pertumbuhan ekonomi negeri terus membuka lebih banyak peluang dan manfaat untuk negeri.

Johor mencatatkan pertumbuhan Keluaran Dalam Negeri Kasar (KDNK) sebanyak 8.0% pada tahun 2025, tertinggi dalam negara. Pencapaian ini memberi keyakinan untuk Johor terus melangkah ke hadapan, namun ukuran kejayaan kita bukan hanya pada jumlah pelaburan yang dibawa masuk tetapi sejauh mana pelaburan tersebut mampu mewujudkan pekerjaan berkualiti dan berpendapatan tinggi, membangunkan bakat tempatan serta memberikan manfaat secara langsung kepada Bangsa Johor.

Perbincangan ini turut menekankan bahawa setiap pelaburan yang hadir mesti membawa limpahan lebih luas kepada ekonomi tempatan. Ini termasuk membuka lebih banyak peluang kepada perusahaan mikro, kecil dan sederhana (PMKS), membangunkan vendor dan syarikat tempatan serta mengukuhkan rantaian bekalan dalam negeri.

Melalui kerjasama erat Kerajaan Negeri bersama Invest Johor dan Malaysian Investment Development Authority (MIDA), serta sokongan berterusan Kerajaan Persekutuan, kita menyasarkan lebih banyak pelaburan berkualiti dan projek bernilai tinggi di Johor, sekali gus mewujudkan lebih 200,000 peluang pekerjaan baharu untuk Bangsa Johor dan rakyat Malaysia menjelang 2030.

Insya-Allah, Johor akan terus menjadi antara enjin utama pertumbuhan ekonomi negara, menarik pelaburan berkualiti, memperkukuh industri dan memastikan setiap manfaat pembangunan kembali kepada rakyat. Semoga setiap usaha, perancangan dan ikhtiar dipermudahkan, sekali gus membawa kemakmuran serta masa depan yang lebih baik buat seluruh Bangsa Johor.

Allah Peliharakan Sultan
Allah Berkati Johor
Kepada Allah Kita Berserah

#BangsaJohor #MajuJohor #JohorBersih #JohorSelamat #XtifJohor",Sun Aug 16 23:28:51 +0000 2026,onnhafiz,"Johore, Malaysia",True,62,11
jobs,2088877330391531876,"Tulisan Denny Siregar ini mengingatkan kembali saat Mulyono dulu juga berjanji seperti ini.

Freeport dikuasai Indonesia.
Blok Mahakam kembali ke Pertamina.
SDA akan dikelola sendiri.
Mineral dan komoditas strategis akan diatur negara.
Indonesia akan menjadi negara besar, mandiri, berdaulat secara ekonomi.

Dulu kita disuguhi cerita tentang “51% Freeport milik Indonesia” seolah-olah setelah itu rakyat Indonesia otomatis hidup lebih sejahtera.

Blok Mahakam juga dikembalikan ke Pertamina dan dipresentasikan sebagai simbol kedaulatan energi.

Sekarang membualnya naik level !
Negara mau membuat bursa mineral dan komoditas strategis agar harga SDA bisa diatur dari dalam negeri.

Kedengarannya luar biasa.

Tapi pertanyaannya sederhana, setelah semua “kedaulatan” itu, rakyat dapat apa ?

Harga kebutuhan tetap naik.
Rakyat dijerat Pajak dan pungutan liar tapi di “legal”kan.
Lapangan pekerjaan sulit.
Gelombang besar PHK.
Daya beli masyarakat turun.

Jadi sekarang rakyat mulai alergi mendengar kata “demi rakyat”.

Karena selama bertahun-tahun rakyat sudah terlalu sering disuguhi presentasi tentang masa depan.

Yang dibicarakan selalu 10, 20, bahkan 30 tahun ke depan.
Tapi sementara rakyat hidupnya hari ini.

Tagihan hari ini.
Cicilan hari ini.
Harga kebutuhan hari ini.
Cari kerja hari ini.

Kalau memang SDA kita sudah semakin berdaulat, kalau negara semakin menguasai sumber daya strategis, kalau Indonesia semakin mandiri tapi kenapa rakyat justru semakin sering diminta berkorban ?

Dari Mulyono sampai pemerintahan sekarang, rakyat terus diminta percaya pada janji besar berikutnya.

Dulu : tunggu hasil hilirisasi.
Lalu : tunggu manfaat penguasaan SDA.
Sekarang : tunggu sistem baru, bursa baru, kebijakan baru.

Dan rakyat ?
Tetap disuruh menunggu sampai akhirnya beberapa pulau di RI minta MERDEKA !

Mungkin inilah hebatnya politik kita.

Kalau hasilnya belum terasa, solusinya bukan evaluasi tapi cukup bikin janji yang lebih besar.

Karena ternyata di Indonesia, masa depan selalu terdengar sangat indah..
sampai rakyat sadar bahwa mereka sudah menunggu terlalu lama.. ☕️

Btw ini si Densi sudah mulai masuk anying sepertinya..",Sun Aug 16 06:35:39 +0000 2026,Opposite6888,"Jakarta, Indonesia",False,108,51
jobs,2088518847552999931,"Di Melaka hari ini untuk bersama rakan-rakan seperjuangan dalam Kongres Nasional KEADILAN 2026. Dalam ucapan dasar, saya menghimbau ikrar perjuangan menerusi Deklarasi Permatang Pauh 28 tahun lalu, tatkala kita memilih jalan sukar untuk menongkah arus dengan merangkul kekuatan seluruh rakyat merentasi kaum, agama dan wilayah bagi membentuk Malaysia yang lebih demokratik, adil dan manusiawi.

Kita meneruskan cita-cita besar negarawan ulung Allahyarham Dato’ Onn Jaafar yang lebih awal membayangkan sebuah wadah politik melangkaui batas kaum demi masa depan negara.

Perjalanan kita telah melalui jalan raya dan penjara, kekalahan dan kemenangan, serta pengkhianatan yang hampir memusnahkan harapan. Dahulu kita menuntut perubahan. Hari ini, setelah diberikan amanah menentukan arah negara, tanggungjawab kita adalah melaksanakannya.

Alhamdulillah, kestabilan yang dibina bersama rakan-rakan telah memungkinkan beberapa perubahan penting dilaksanakan dalam keadaan ekonomi dunia yang amat mencabar. Namun Kongres ini juga medan untuk kita bermuhasabah dan mengakui bahawa masih ada keresahan rakyat yang belum ditangani sepenuhnya. Kita mesti mendengar dengan terbuka dan memperbaiki segala kelemahan dengan jujur.

Pertumbuhan ekonomi hanya bermakna apabila rakyat merasai peningkatan dalam kehidupan mereka. Pelaburan mesti menghasilkan pekerjaan dan gaji yang bermaruah, manakala pengukuhan fiskal harus meningkatkan kemampuan Kerajaan memperbaiki sekolah, hospital, pengangkutan dan perumahan serta membantu keluarga yang memerlukan.

Pada masa sama, kita masih bergelut dengan saki-baki kebobrokan dan pengkhianatan terhadap amanah rakyat dalam institusi seperti Tabung Haji dan FELDA. Saya tegaskan bahawa kita tidak akan melindungi atau membiarkan sesiapa terlepas, kerana perbuatan sakau segelintir manusia ini telah menyebabkan kita semua, sama ada Melayu, Cina, India, Bumiputera Sabah dan Sarawak serta yang lain, terpaksa menanggung akibatnya.

Jika kita tidak bertindak, kita dituduh lemah dan mengkhianati Reformasi. Kalau bertindak pula, kita dituduh berdendam. Katakanlah apa sahaja. Saya tegaskan bahawa sesiapa yang menyeleweng dan mengkhianati amanah rakyat mesti berhadapan dengan hukum serta keadilan.

Saya turut menyinggung usaha reformasi pendidikan yang mesti melahirkan anak Malaysia yang berilmu dan beradab, menguasai teknologi tanpa kehilangan kemanusiaan, berakar pada sejarah dan budayanya serta mampu berdiri sama tinggi dengan sesiapa sahaja di dunia.

Atas keyakinan terhadap kematangan mahasiswa, saya mengumumkan bahawa Kerajaan MADANI akan meneruskan reformasi ini dengan memansuhkan Akta Universiti dan Kolej Universiti 1971 (AUKU). Insya-Allah, cadangan pemansuhan ini akan dibawa ke Jemaah Menteri pada Rabu ini.

Kepada generasi pasca-Reformasi dan anak muda, warisan perjuangan ini tidak harus menjadi nostalgia yang membebankan. Saya tidak mahu kalian melalui segala liku dan ranjau yang ditempuh oleh generasi kami, namun ibrah daripada perjuangan itu mesti difahami. Hayati mengapa Reformasi bermula, kemudian tentukanlah maknanya untuk kalian. Saya mahu generasi ini lebih berani, lebih terdidik dan lebih bersedia mencabar pemikiran lama, termasuk pemikiran generasi kami sendiri.

Saya bertekad untuk menyempurnakan agenda perubahan yang masih belum tertunai. Justeru, saya mengajak seluruh kekuatan KEADILAN, Pakatan Harapan, rakan-rakan parti dalam Kerajaan MADANI, badan dakwah dan NGO untuk bersama dalam perjuangan ini, sekali gus melakar sejarah baharu sebuah negara yang lebih adil, bermaruah serta menjamin masa depan setiap rakyat.

Reformasi!

#KitaKEADILAN
#MemugarReformasiMembinaMADANI",Sat Aug 15 06:51:10 +0000 2026,anwaribrahim,Malaysia,True,210,46
jobs,2088508812584173909,"Ekonomi Malaysia tumbuh 6.0% pada suku kedua tahun ini, lebih tinggi daripada anggaran awal 5.8% dan lebih kukuh berbanding 5.4% pada suku pertama.

Alhamdulillah, ini satu pencapaian yang baik, terutamanya ketika negara berhadapan ujian Krisis Bekalan Global yang getir.

Tapi angka 6% sahaja tidak cukup. Persoalan yang lebih penting: rakyat rasa tak?

Gaji sektor swasta meningkat 4.2%. Tapi selepas mengambil kira kenaikan harga barang, peningkatan yang benar-benar dirasai pekerja hanya sekitar 2.2%.

Jadi kalau rakyat masih bertanya, “Ekonomi naik, tapi kenapa hidup masih terasa sempit?”, kerajaan kena dengar dan fahami keluhan mereka.

Begitu juga dengan PKS. Kalau ekonomi berkembang tetapi peniaga kecil masih bergelut dengan kos dan aliran tunai, kita tak boleh sekadar menunjuk kepada angka KDNK dan mengatakan semuanya baik.

Sememangnya, kerja kita belum selesai.

Berkat usaha kita semua, kita berjaya menaikkan siling ekonomi negara dan ini dapat dilihat melalui petunjuk ekonomi makro. Sekarang, fokus kita mesti beralih kepada mengangkat lantai ekonomi rakyat.

Untuk itu, kita perlu lihat langkah yang boleh memberi kesan terus kepada poket rakyat.

Kalau harga barang keperluan, minyak atau pengangkutan melonjak, bantuan sementara boleh disalurkan secara automatik kepada mereka yang layak, tanpa perlu memohon sekali lagi.

Bagi pemandu e-hailing, kita boleh lihat model insurans mengikut penggunaan, dengan platform turut menanggung sebahagian kos. Kalau mereka hanya memandu beberapa jam sehari, tak masuk akal kalau kos perlindungannya sama seperti mereka yang memandu sepenuh masa.

Untuk PKS pula, invois yang telah disahkan oleh kerajaan dan GLC patut dibayar dalam tempoh 14 hari. Kalau lewat, perlu ada pampasan. PKS tak patut terpaksa berhutang hanya kerana kerajaan atau GLC lambat membayar mereka.

Bayaran balik PTPTN juga boleh disesuaikan dengan pendapatan sebenar. Kalau pendapatan masih rendah atau seseorang kehilangan pekerjaan, bayaran boleh dikurangkan atau ditangguhkan sehingga mereka kembali mampu membayar.

Bantuan kepada mereka yang memerlukan tetap penting. Tapi kita juga mesti kurangkan beban bulanan rakyat dan beri mereka lebih ruang untuk menyimpan.

Kalau ekonomi negara naik, pendapatan dan taraf hidup rakyat mesti ikut naik.

Siling ekonomi sudah kita tinggikan. Sekarang lantainya pula mesti kita angkat.

Itulah #EkonomiRakyat.

#TZA

https://t.co/AxIcCwmyo6",Sat Aug 15 06:11:18 +0000 2026,tzafrul_aziz,Kuala Lumpur,True,46,9
jobs,2088318694367830044,"Dalam suasana dunia yang tak menentu ni (konflik geopolitik, isu bekalan minyak), prestasi 6% ni menunjukkan daya tahan ekonomi Malaysia yang agak baik 👍🏻.

Cuma perlu kita acknowledge jugak KUALITI pertumbuhan lebih patut kita titikberatkan, sama ada ia lebih inclusive, pertambahan pekerjaan yang berkualiti tinggi dan pengurangan jurang pendapatan.",Fri Aug 14 17:35:50 +0000 2026,theycallmearif,,False,14,1
jobs,2088194670665044441,"'Kejayaan ekonomi tidak diukur melalui angka pertumbuhan semata-mata' - Akmal Nasrullah

Ia perlu diterjemahkan kepada peningkatan pendapatan, peluang pekerjaan dan kuasa beli rakyat.

#SinarHarian #BeritaTerkini #ekonomi #pertumbuhan #Malaysia 

https://t.co/aB0Sc2pFf7",Fri Aug 14 09:23:00 +0000 2026,SinarOnline,Malaysia,True,0,0
jobs,2088176059737051509,"@NewsBFM Pertumbuhan KDNK 6% pada suku kedua 2026 merupakan petanda positif terhadap ketahanan ekonomi Malaysia. Namun, momentum ini perlu diteruskan dengan memastikan pertumbuhan yang kukuh benar-benar diterjemahkan kepada peningkatan pendapatan, peluang pekerjaan dan kesejahteraan rakya",Fri Aug 14 08:09:03 +0000 2026,sinsipe,Penang Island Malaysia,True,2,0
jobs,2087889337765761222,"Ketika mula mengambil tanggungjawab di Kementerian Ekonomi, saya berjanji untuk meneruskan inisiatif yang telah dirancang sebelum ini. 

Salah satunya KL20. 

Kita jual keupayaan Malaysia untuk menjadi hab start up di dunia. 

Kita tarik masuk syarikat pemula bernilai tinggi dari seluruh dunia.

Sebenarnya tak ada jalan singkat kalau nak anak tempatan kita ada peluang bekerja dalam syarikat-syarikat bernilai tinggi ni.

Kita percepatkan bidang kritikal ekosistem start up Malaysia - modal, bakat dan kualiti syarikat pemula.

Penciptaan pekerjaan yang berkemahiran dan bernilai tinggi, manfaatnya kita pulangkan kepada anak tempatan.

Duduk dan business as usual saja-saja bukan lagi pilihan kita.

Apa pula strategi baru Kementerian Ekonomi untuk KL20 tahun 2026 ? 

Kena tunggu.",Thu Aug 13 13:09:43 +0000 2026,akmalnasir,"Johor Bahru, Johor",True,85,20
jobs,2087864275213717521,"2.1 Juta Graduan Di Malaysia Kerja Di Bawah Kelayakan Akademik
 
Data Jabatan Perangkaan Malaysia (DOSM) menunjukkan jumlah pekerja berpendidikan tertiari yang bekerja dalam pekerjaan di bawah tahap kemahiran mereka meningkat daripada 1.4 juta orang pada 2018 kepada 2.1 juta orang pada 2025. Dari segi peratusan pula, ianya meningkat daripada 33.2% kepada 35.6% dalam tempoh yang sama, dengan paras tertinggi 37.5% dicatatkan pada 2021.",Thu Aug 13 11:30:08 +0000 2026,EkonomiRakyatMY,Kuala Lumpur,True,24,24
jobs,2087083137545420818,"𝐒𝐈𝐌𝐏𝐎𝐒𝐈𝐔𝐌 𝐏𝐄𝐑𝐉𝐀𝐖𝐀𝐓𝐀𝐍 𝐒𝐄𝐊𝐓𝐎𝐑 𝐀𝐖𝐀𝐌 𝟐𝟎𝟐𝟔 𝐏𝐀𝐂𝐔 𝐊𝐄𝐒𝐈𝐀𝐏𝐒𝐈𝐀𝐆𝐀𝐀𝐍 𝐓𝐄𝐍𝐀𝐆𝐀 𝐊𝐄𝐑𝐉𝐀 𝐌𝐀𝐒𝐀 𝐇𝐀𝐃𝐀𝐏𝐀𝐍

PUTRAJAYA, 11 Ogos 2026 – YBhg. Datuk Abd Shukor bin Mahmood, Timbalan Ketua Setiausaha Kanan (TKSUK), Jabatan Perdana Menteri (JPM), menghadiri Majlis Perasmian Simposium Perjawatan Sektor Awam 2026 yang berlangsung di Pusat Konvensyen Antarabangsa Putrajaya (PICC).

Bertemakan “Meneroka Masa Depan Pekerjaan Sektor Awam”, simposium ini menjadi platform strategik untuk menilai semula keperluan perjawatan dan kesiapsiagaan tenaga kerja sektor awam dalam mendepani perubahan landskap pekerjaan yang dipacu oleh kecerdasan buatan (AI), perubahan demografi, ekonomi hijau, ketidaktentuan geopolitik serta peningkatan ekspektasi rakyat.

Perbincangan memberi penekanan kepada keperluan merancang perjawatan secara lebih proaktif, prediktif dan berasaskan kemahiran, di samping memperkukuh kompetensi serta keupayaan warga perkhidmatan awam agar kekal relevan, adaptif dan berdaya saing.

Pendekatan ini penting bagi memastikan struktur perjawatan dan bakat sektor awam bukan sahaja memenuhi keperluan semasa, malah bersedia menjawab cabaran serta tuntutan perkhidmatan masa hadapan.

Kehadiran YBhg. Datuk TKSUK pada majlis ini mencerminkan komitmen dan sokongan berterusan JPM terhadap agenda transformasi pengurusan sumber manusia dan perjawatan sektor awam, selaras dengan aspirasi membangunkan perkhidmatan awam yang tangkas, berkeupayaan tinggi dan berpaksikan penyampaian perkhidmatan berimpak kepada rakyat.

#JabatanPerdanaMenteri
#RancakkanMADANI
#MalaysiaMADANI
#MADANIBekerja

@malaysiapmo
@shamsulazribakr",Tue Aug 11 07:46:10 +0000 2026,jpmgov_,,False,3,2
jobs,2087070630168403973,https://t.co/r8Tn6KqfA2,Tue Aug 11 06:56:28 +0000 2026,indonads_,Indonesia,False,24,3
jobs,2087010326646776261,"Timbalan Ketua Pengarah Perkhidmatan Awam (Pembangunan) Jabatan Perkhidmatan Awam (JPA), Datuk Dr. Mohd Bakhari Ismail merasmikan Simposium Perjawatan Sektor Awam di Pusat Konvensyen Antarabangsa Putrajaya (PICC), hari ini. 

Bertemakan “Meneroka Masa Depan Pekerjaan Sektor Awam”, simposium memberi tumpuan kepada perubahan landskap pekerjaan yang dipacu kecerdasan buatan (AI), demografi, ekonomi hijau, ketidaktentuan geopolitik dan peningkatan ekspektasi rakyat terhadap penyampaian perkhidmatan awam.

📸 Aidiel Zabidi | BERNAMA Radio",Tue Aug 11 02:56:51 +0000 2026,Bernama_Radio,Malaysia,True,0,0
jobs,2086745537429090584,"Ini dia 10 perkara penting dalam rangkuman kejayaan GEAR-uP 🇲🇾

Daripada pelaburan strategik, peluang pekerjaan, peningkatan pendapatan hinggalah kepada pengukuhan ekonomi negara . Apa yang sudah dicapai dan bagaimana GEAR-uP memberi impak kepada Malaysia?

Jom kita lihat 10 perkara penting ini. #NiagaAWANI #AWANInews",Mon Aug 10 09:24:40 +0000 2026,501Awani,Malaysia,True,0,0
jobs,2086732159231164729,"Menuju 100 Tahun  Malaysia Dan PADU Menggantikan Sistem Korup Berkerajaan

Oleh: [Slayingwolf]

Paradoks terbesar di Malaysia hari ini adalah realiti kemiskinan yang terus membarah di sebalik timbunan dana dan bantuan kerajaan. Kerajaan dan pelbagai agensi telah menstrukturkan pelbagai bentuk bantuan kewangan, perubatan, dan sosial khusus untuk golongan miskin, miskin tegar (B40), dan kumpulan rentan mengikut kategori umur dan keperluan semasa.

Senarai inisiatif ini, jika dilihat adalah amat komprehensif:
Bantuan Kewangan & Kehidupan: Sumbangan Tunai Rahmah (STR), Sumbangan Asas Rahmah (SARA), Bantuan Am Persekutuan/Negeri (BA), dan pendaftaran eKasih.
Pendidikan & Kanak-Kanak: Bantuan Kanak-Kanak (BKK) JKM, Bantuan Anak Pelihara (BAP) JKM, Bantuan Awal Persekolahan (BAP) KPM, dan Rancangan Makanan Tambahan (RMT).
Kesihatan & Golongan Rentan: Bantuan Warga Emas (BWE) JKM, Elaun Pekerja Cacat (EPC), Bantuan Penjagaan OKU & Pesakit Kronik Terlantar (BPT), Bantuan OKU Tidak Berupaya Bekerja (BTB), Bantuan Alat Tiruan/Sokongan (BAT), PeKa B40, dan Skim Perlindungan Nasional mySalam.
Sokongan Tambahan: i-Suri KWSP, dana Majlis Agama Islam / Pusat Zakat Negeri, serta pelbagai peruntukan berasingan dari hampir semua Kerajaan Negeri.

Namun, satu persoalan kritikal yang wajib ditanya: Dengan lambakan bantuan ini, mengapa masih ramai yang terperangkap dalam kemiskinan? Adakah majoriti rakyat terus dikurung dalam mentaliti ""Melayu Hamba"" dan sekadar berpuas hati menadah tangan kepada kelompok ""Melayu Bangsawan""?

Jaringan Gergasi: Siapa Sebenarnya Yang Disuap?

Mari kita kupas realiti ekosistem penjawat awam serta lambakan badan dan syarikat berkanun yang ditanggung sepenuhnya oleh wang negara:
Agensi Pembangunan, Ekonomi & Bumiputera
MARA, PUNB, TEKUN Nasional, PERNAS, TERAJU, Yayasan Peneraju Pendidikan Bumiputera.
Sektor Tanah & Wilayah: FELDA, FELCRA, RISDA, KESEDAR, KETENGAH, KEJORA, KEDA, PERDA.
Kewangan & Pelaburan: PNB, Lembaga Tabung Haji (TH), Lembaga Tabung Angkatan Tentera (LTAT), Ekuinas, Kumpulan Modal Perdana (KMP), Pelaburan Hartanah Berhad (PHB), UDA Holdings, Bank Rakyat, Agrobank.
Agama & Koperasi
YaPEIM, JAKIM, MAIN & JAIN, Perbadanan Wakaf Nasional Berhad (PWNB) / Yayasan Waqaf Malaysia, YADIM, ANGKASA.
Syarikat Pelaburan Kerajaan Negeri (GLC/GLIC) & Wilayah
Johor Corporation (JCorp), PKNS (Selangor), Perbadanan Islam Johor (PIJ), PKINK (Kelantan).
Kumpulan Yayasan: Yayasan Sabah, Yayasan Sarawak, Yayasan Terengganu, Yayasan Pahang, & Yayasan Selangor.
Sabah & Sarawak: SEDCO, SAFODA, SEDIA, RECODA, STIDC/PUSAKA, LCDA/PELITA, SALCRA, SLDB.
Sektor Agromakanan & Halal
NAFAS, LPP, LKIM, NEKMAT, HDC.
Pendidikan Tinggi
UiTM, Rangkaian Pendidikan & Kemahiran MARA, Matrikulasi KPM.
Semua entiti ini dikuasakan oleh Kumpulan Wang Disatukan Persekutuan (Federal Consolidated Fund), sebuah dana gergasi di mana lebih 70% daripadanya dijana terus melalui peluh rakyat dan syarikat yang membayar cukai kepada LHDN dan Jabatan Kastam Diraja Malaysia.

Pentadbiran & Perkhidmatan: KPM (termasuk PPD & JPN), KKM, barisan PTD yang menggubal dasar, Akauntan Negara, jurutera JKR, serta barisan hadapan di JPN, JPJ, JKM, dan Jabatan Tenaga Kerja.
Keselamatan & Penguatkuasaan: PDRM (dari Konstabel hingga KPN), Imigresen, Kastam, Jabatan Penjara, APMM, JBPM, dan APM.
Pertahanan: ATM (TDM, TLDM, TUDM) yang gajinya dibayar 100% daripada cukai persekutuan.
Kehakiman & Perundangan: Hakim, Majistret, Peguam Persekutuan, dan DPP di bawah AGC, di mana gaji dan pencen kehakiman dijamin oleh Perlembagaan.

Kesemua entiti kerajaan, GLC, GLIC, dan badan berkanun ini sememangnya membentuk satu jana kuasa ekonomi utama negara. Realitinya, sekitar 85% hingga 90% peluang pekerjaan dalam perjawatan ini didominasi oleh orang Melayu serta Bumiputera Sabah dan Sarawak.
​Setiap tahun, kerajaan memperuntukkan sekitar RM128 bilion untuk perbelanjaan mengurus yang merangkumi emolumen (gaji) dan bayaran pencen. 

👇
https://t.co/aTWvoNNIRs",Mon Aug 10 08:31:31 +0000 2026,bin_salle39329,,False,15,2
jobs,2086698957061906748,"Pagi ini di Bangi saya menyampaikan ucaptama sempena Human Ecology International Conference II (HEIC II) 2026. Sebagai alumni Universiti Putra Malaysia (UPM), saya berbesar hati dapat bersama warga akademik dan para penyelidik dalam persidangan tiga hari yang menghimpunkan kepakaran dalam bidang Ekologi Manusia dari dalam dan luar negara.

Dalam ucaptama bertajuk “From People to Policy: Sustaining Human Well-being in an Interconnected World”, saya berkongsi bagaimana pendekatan Ekologi Manusia melihat pembangunan secara menyeluruh, bahawa kehidupan rakyat saling berkait antara pendidikan, kesihatan, pekerjaan, perumahan, pengangkutan, teknologi dan alam sekitar.

Prinsip ini turut diterjemahkan dalam pentadbiran Selangor. Kekuatan ekonomi negeri bukanlah matlamat akhir, sebaliknya perlu diterjemahkan kepada kehidupan yang lebih baik, peluang yang lebih luas serta persekitaran yang membolehkan rakyat dan keluarga berkembang maju. Pendekatan ini juga menjadi asas kepada Rancangan Selangor Kedua (RS-2), yang menghubungkan pembangunan ekonomi dengan modal insan, kesejahteraan, daya tahan iklim dan tadbir urus yang berkesan.

Persidangan kali ini turut menghimpunkan rakan akademik dari rantau ASEAN, termasuk University of the Philippines Los Baños (UPLB) dan IPB University (Institut Pertanian Bogor), Indonesia, yang turut mempunyai bidang khusus dalam Ekologi Manusia. Kerjasama ini penting untuk memperluas penyelidikan, pertukaran ilmu dan jaringan serantau, di samping menghubungkan penyelidikan dengan dasar serta keperluan sebenar masyarakat.

Tahniah kepada semua pihak yang menjayakan HEIC II 2026. Semoga persidangan ini terus menghubungkan penyelidikan dengan dasar, universiti dengan masyarakat dan ilmu dengan penyelesaian sebenar demi kesejahteraan rakyat.

#KitaSelangor
#HEIC2026",Mon Aug 10 06:19:35 +0000 2026,AmirudinShari,"Gombak, Selangor",True,7,0
jobs,2086578731641139415,"“Kita mahu ekonomi berkembang, pelaburan bertambah, peluang pekerjaan diwujudkan dan pendidikan anak-anak terus diperkasakan.""
#AWANInews #AWANIpagi

https://t.co/zCeBbv1eZq",Sun Aug 09 22:21:51 +0000 2026,501Awani,Malaysia,True,2,1
jobs,2086286439499882810,"🗞 SINAR HARIAN: JMD 2026 perkasa rakyat ke arah negara AI 

🔴 Kementerian Digital menyasarkan sebanyak 500,000 capaian dan penglibatan secara fizikal serta dalam talian menerusi siri Jelajah Malaysia Digital (JMD) 2026 di lima lokasi terpilih seluruh negara.

Inisiatif itu dilaksanakan bagi memperluas akses rakyat kepada kemahiran, teknologi, peluang pekerjaan dan keusahawanan digital, selaras aspirasi Malaysia Digital 2030 (MD2030) serta usaha menjadikan Malaysia sebagai Negara AI menjelang 2030.

Menteri Digital, Gobind Singh Deo berkata, JMD membuktikan komitmen kerajaan untuk memastikan manfaat transformasi digital dapat dinikmati oleh semua rakyat.

""Melalui JMD, lebih ramai rakyat dapat mengakses kemahiran digital, teknologi baharu dan peluang ekonomi yang mampu meningkatkan taraf hidup serta memperkukuh daya saing negara. 

""Usaha ini juga merupakan sebahagian daripada komitmen kerajaan untuk membangunkan bakat digital yang bersedia menghadapi era kecerdasan buatan (AI), memperkukuh daya saing negara dan merealisasikan aspirasi Malaysia sebagai sebuah Negara AI menjelang tahun 2030.""

#JMD #AINation #P106 

https://t.co/ScQzL12PwP",Sun Aug 09 03:00:23 +0000 2026,GobindSinghDeo,,False,0,0
jobs,2086065452325958135,"Indonesia harusnya bisa belajar dari Negara Tetangga yaitu Malaysia. 

Malaysia juga menjaga daya beli dan pertumbuhan. Tapi mereka punya satu kerangka yang menurut gua menarik, 

Ekonomi MADANI “Raise the Ceiling, Raise the Floor.”
Raise the Ceiling bukan cuma soal membuat ekonomi tumbuh, tapi menaikkan kapasitasnya seperti investasi, industri bernilai tambah tinggi, digitalisasi, inovasi, dan produktivitas.

Sementara Raise the Floor fokus memastikan masyarakat ikut menikmati pertumbuhan lewat pekerjaan yang layak, pendidikan, kesehatan, dan perlindungan sosial.

Ini kemudian diterjemahkan ke kebijakan seperti National Semiconductor Strategy, NIMP 2030, dan GEAR-uP.

Jadi bukan soal stimulus vs tidak stimulus.

Malaysia juga menjaga demand. Tapi mereka juga sedang berusaha memperbesar kapasitas supply-nya.

Menurut gua, ini yang menarik dan relevan untuk dibandingkan dengan Indonesia.

Setelah stimulus selesai, apa yang berubah dari kemampuan kita untuk menghasilkan?

Stimulus can protect an economy today. Productivity determines how rich it becomes tomorrow.",Sat Aug 08 12:22:15 +0000 2026,Zaynnhann,Indonesia tapi bukan WNI,False,51,21
jobs,2086052654258729039,"500,000 peluang pekerjaan bernilai tinggi menanti rakyat Malaysia menjelang tahun 2030.

Ini antara impak terbesar ekonomi digital yang makmur nanti, dan bagi memastikan setiap rakyat Malaysia mampu menikmati manfaatnya, jurang digital harus kita rapatkan, dan peluang digital mesti sampai kepada setiap lapisan masyarakat.

Di sinilah pentingnya Jelajah Malaysia Digital (JMD). JMD mendekatkan hala tuju besar Malaysia Digital 2030 (MD2030) kepada rakyat, menerusi pelbagai peluang keemasan untuk meneroka kemahiran, kerjaya dan peluang keusahawanan yang mampu meningkatkan peluang mereka untuk mengambil bahagian dalam ekonomi digital.

Lebih istimewa lagi, inisiatif ini berlangsung di kawasan saya, P106 Damansara yang tercinta ini, dan JMD edisi Damansara Damai bakal menjadi titik permulaan untuk lebih banyak siri jelajah yang akan membawakan manifestasi Malaysia sebagai sebuah negara digital yang aman, makmur dan inklusif untuk semua.

Ayuh rakyat Malaysia, bersama-sama kita mara menuju masa depan yang lebih gemilang bersama! 

#JMD #AINation #P106 #Damansara #MDEC",Sat Aug 08 11:31:24 +0000 2026,GobindSinghDeo,,False,13,3
jobs,2086024084698411338,"𝐌𝐄𝐌𝐏𝐄𝐑𝐋𝐔𝐀𝐒 𝐊𝐄𝐑𝐉𝐀𝐒𝐀𝐌𝐀 𝐒𝐓𝐑𝐀𝐓𝐄𝐆𝐈𝐊 𝐌𝐀𝐋𝐀𝐘𝐒𝐈𝐀–𝐒𝐈𝐍𝐆𝐀𝐏𝐔𝐑𝐀

Seusai lawatan ke Ibu Pejabat Grab, saya meneruskan agenda lawatan kerja rasmi dengan mengadakan kunjungan hormat kepada Pemangku Menteri Tenaga Manusia Republik Singapura, PYT Jasmin Lau.

Pertemuan ini memberi ruang kepada kami untuk bertukar pandangan mengenai perkembangan semasa landskap tenaga kerja di kedua-dua negara, khususnya dalam aspek pembangunan bakat, kebajikan pekerja gig, peningkatan kemahiran, perluasan Skim Pengembara sebagai perlindungan sosial pekerja Malaysia serta persediaan tenaga kerja untuk menghadapi perubahan yang pesat dalam dunia pekerjaan.

Kami turut berkongsi pandangan mengenai pendekatan dan pengalaman kedua-dua negara dalam membangunkan ekosistem pekerjaan yang lebih progresif, inklusif dan mampan. Perbincangan turut menyentuh potensi kerjasama yang boleh diperkukuh dalam pembangunan kemahiran masa hadapan serta usaha memastikan tenaga kerja kekal berdaya saing seiring perkembangan teknologi dan kecerdasan buatan.

Malaysia dan Singapura mempunyai hubungan yang amat rapat, bukan sahaja dari sudut ekonomi dan perdagangan, malah melibatkan mobiliti tenaga kerja serta hubungan antara rakyat kedua-dua negara. Justeru, saya percaya terdapat ruang yang luas untuk kita terus memperkukuh kerjasama dan berkongsi kepakaran demi manfaat bersama.

Turut bersama dalam pertemuan ini ialah Pengarah Jabatan Program Perancangan Kewangan, Kementerian Tenaga Manusia Singapura, Pung Wan Qing; Pengarah Standard Pekerjaan dan Tempat Kerja Inklusif, Kementerian Tenaga Manusia Singapura, Gan Su Yi; Pengarah Bahagian Perancangan Korporat, Agensi Pembangunan Kemahiran dan Tenaga Kerja (SWDA), Kevin Lee; serta Timbalan Pengarah Strategi dan Pembangunan Ekosistem, Kementerian Tenaga Manusia Singapura, Lock Hong Quan.

Manakala delegasi Malaysia yang turut sama hadir ialah Pesuruhjaya Tinggi Malaysia ke Singapura, PYT Datin Paduka Anizan Siti Hajjar Adnin ; Timbalan Ketua Setiausaha KESUMA, Sutekno Bin Ahmad Belon ;  Setiausaha Bahagian Antarabangsa KESUMA, Datin Sri Norfaliza Binti Ismail ; Ketua Pegawai Eksekutif PERKESO, Dato' Sri Dr. Mohammad Azman Dato' Aziz Mohommed dan Ketua Pegawai Eksekutif Kumpulan Talent Corp Puan Biruntha Mooruthi.

Saya berharap pertemuan ini menjadi satu lagi langkah ke hadapan dalam memperkukuh hubungan strategik Malaysia–Singapura, khususnya dalam membangunkan tenaga kerja yang lebih berkemahiran, produktif dan bersedia menghadapi keperluan pekerjaan masa hadapan.

#KESUMA #YakinMADANI #MalaysiaMADANI #YangBerkhidmatRamanan",Sat Aug 08 09:37:52 +0000 2026,datoramanan,,False,30,28
jobs,2085923390133846186,"𝐋𝐀𝐖𝐀𝐓𝐀𝐍 𝐊𝐄𝐑𝐉𝐀 𝐊𝐄 𝐈𝐁𝐔 𝐏𝐄𝐉𝐀𝐁𝐀𝐓 𝐆𝐑𝐀𝐁 𝐃𝐈 𝐒𝐈𝐍𝐆𝐀𝐏𝐔𝐑𝐀

Hari ini, saya memulakan lawatan kerja rasmi di Singapura dengan mengadakan kunjungan ke ibu pejabat Grab.

Sepanjang kunjungan ini, saya telah diberikan taklimat mengenai perancangan dan visi Grab, termasuk pendekatan syarikat dalam pembangunan bakat, peningkatan kemahiran serta usaha memperkukuh keupayaan tenaga kerja dalam mendepani perubahan pesat ekonomi digital.

Kami turut bertukar pandangan mengenai perkembangan ekonomi gig, perubahan landskap pekerjaan serta keperluan untuk memastikan kemajuan teknologi bergerak seiring dengan pembangunan kemahiran dan perlindungan pekerja.

Bagi KESUMA, pertumbuhan ekonomi gig bukan sekadar mengenai perkembangan industri atau kemajuan teknologi. Di sebalik setiap platform terdapat pekerja yang mencari rezeki dan keluarga yang bergantung kepada pendapatan mereka. Justeru, setiap kemajuan perlu diterjemahkan kepada peluang pekerjaan yang lebih baik, peningkatan kemahiran serta perlindungan yang sewajarnya kepada pekerja.

Turut bersama delegasi daripada Grab iaitu Ketua Pegawai Keupayaan Organisasi Grab, Ong Chin Yin; Pengarah Negara, Hal Ehwal Awam dan Dasar Grab Malaysia, Ebi Azly Abdullah; Pengurus Kanan Grab Malaysia, Arinah Najwa; Ketua Grab Academy, Alan Ong; Pengurus Grab Academy (Perkongsian dan Komunikasi Pemasaran), Irma Listiani; Pengurus Grab Academy (Pembelajaran dan Pembangunan), Yao Chung Chew; Ketua Dasar Serantau, Brendan Chia; serta Pengurus Hal Ehwal Awam Serantau, Darryl Tan.

Lawatan ini turut memberi ruang kepada KESUMA untuk melihat dan memahami pendekatan yang dilaksanakan oleh Grab serta meneroka ruang kerjasama yang boleh memberi nilai tambah kepada pembangunan tenaga kerja negara.

Terima kasih kepada kepimpinan dan seluruh warga Grab atas sambutan serta perkongsian yang diberikan.

#KESUMA #YakinMADANI #MalaysiaMadani #YangBerkhidmatRamanan",Sat Aug 08 02:57:45 +0000 2026,datoramanan,,False,30,30
jobs,2085697576834081267,"Kenapa Gaji Pekerja Di Malaysia Rendah?
 
""Nombor satu (puncanya) ialah kewujudan pekerja asing berkemahiran rendah yang menekan upah di peringkat terbawah. Kedua, penciptaan pekerjaan berkualiti yang tidak mencukupi...."" - Dato' Fraziali Ismail, Penolong Gabenor BNM https://t.co/D3vODpHDzk",Fri Aug 07 12:00:27 +0000 2026,EkonomiRakyatMY,Kuala Lumpur,True,197,104
jobs,2085678541421580606,"Rancangan Selangor Kedua (RS-2) merupakan pelan pembangunan bagi tempoh 2026–2030 yang dibina berasaskan pengalaman, kejayaan dan pengajaran daripada pelaksanaan Rancangan Selangor Pertama (RS-1), dengan anggaran pelaksanaan keseluruhan berjumlah RM33.31 bilion.

Menerusi RS-2, sebanyak 6 misi utama, 25 bidang tumpuan dan 98 inisiatif digariskan sebagai hala tuju pembangunan Selangor. Fokus Kerajaan Negeri adalah untuk memperkukuh ekonomi, mewujudkan lebih banyak peluang pekerjaan bergaji tinggi, merapatkan jurang pembangunan antara daerah, meningkatkan kecekapan pengangkutan awam serta terus memperkasa kesejahteraan rakyat.

Sasaran kita jelas, menjadikan Selangor negeri pertama di Malaysia dengan ekonomi bernilai RM600 bilion menjelang 2030.

Namun bagi saya, kejayaan sebenar bukan sekadar diukur melalui angka, tetapi sejauh mana kemajuan negeri dapat diterjemahkan kepada kehidupan yang lebih baik untuk rakyat. Itulah asas kepada setiap agenda yang digariskan dalam RS-2.

Insya-Allah, saya akan memastikan RS-2 dilaksanakan dengan amanah dan berkesan agar manfaat pembangunan dapat dirasai oleh seluruh rakyat. Bersama-sama kita bina Selangor yang lebih maju, inklusif dan sejahtera.

#KitaSelangor
#RancanganSelangorKedua",Fri Aug 07 10:44:48 +0000 2026,AmirudinShari,"Gombak, Selangor",True,10,2
jobs,2085649966316613828,"Mobil terasa murah dibandingkan Indonesia karena rakyatnya jauh lebih makmur. Perbedaannya ada pada struktur ekonomi.

Malaysia sejak puluhan tahun membangun industri manufaktur berteknologi tinggi (elektronik, semikonduktor) yang menghasilkan pekerjaan formal dengan upah tinggi.
Indonesia terlalu bergantung pada komoditas yang dikuasai elit oligarki dan sektor informal berproduktivitas rendah.
Akibatnya, produktivitas pekerja Malaysia lebih tinggi, sehingga gaji rata-ratanya sekitar 3–4 kali lebih besar.

Itulah sebabnya harga mobil baru di kedua negara hampir sama, tetapi bagi orang Malaysia hanya setara sekitar 11 bulan gaji, sedangkan di Indonesia bisa lebih dari 3 tahun gaji.

Masalah Indonesia memang upah pekerja rata-rata terlalu rendah karena ekonomi belum mampu menciptakan cukup banyak pekerjaan formal bernilai tambah tinggi. Sekalipun demikian,  jumlah miliarder Indonesia lebih banyak  daripada Malaysia.",Fri Aug 07 08:51:16 +0000 2026,aik_arif,Kizuki-3 Chome,False,142,38
ringgit,2092903454813671926,"@icyflak @Serabutlahdohh @jjhwonu tak nampak ke Ringgit naik, passport naik, minyak dan petrol subsidi di jaga untuk malaysian sahaja?",Thu Aug 27 09:14:02 +0000 2026,amiraxd3,,False,2,0
ringgit,2092564010503655600,"Ringgit Malaysia meningkat ke paras tertinggi dalam tempoh beberapa minggu susulan kejatuhan harga minyak yang didorong oleh kemungkinan pembukaan semula Selat Hormuz.

Nilai ringgit mengukuh sebanyak 0.5% kepada 4.02 berbanding dolar AS, paras terkuatnya sejak awal bulan Jun. Dengan peningkatan hampir 0.8% setakat tahun ini, ringgit merupakan antara mata wang Asia yang paling berdaya tahan.",Wed Aug 26 10:45:12 +0000 2026,EkonomiRakyatMY,Kuala Lumpur,True,8,1
ringgit,2092500390990545089,"Sentimen pasaran tertekan akibat ringgit yang semakin kukuh serta harga minyak soya yang lebih rendah di pasaran Chicago, manakala harga minyak mentah turut jatuh berikutan harapan baharu bahawa Selat Hormuz mungkin dibuka semula.",Wed Aug 26 06:32:24 +0000 2026,thezakiway,"Kuala Lumpur, Malaysia",True,2,0
ringgit,2092237412726689985,"@kamaghul Kau beli chocotub yg besar kt supermarket baru berbelas ringgit. Benda sama je: minyak, bertih beras, gula, coklat sikit",Tue Aug 25 13:07:25 +0000 2026,havzichiori,,False,1,1
ringgit,2092088981135790495,"🌴 Vegoils Commentary — 24 Aug 2026

📉 CPO futures fell after a week-long rally as profit-taking and weakness across related vegetable oils pressured prices.
🛢️ November CPO dropped RM72 (-1.43%) to RM4,946/tonne, after trading at RM4,930–5,010.
📊 The pullback followed Friday’s 20-month high, with traders squaring positions ahead of Tuesday’s Malaysia holiday.
🌱 CBOT soybean oil weakened sharply: December fell around 3.26% to 67.31¢/lb, extending Friday’s losses.
🇨🇳 China’s vegoil complex also softened: Dalian palm olein -0.01%, soybean oil -0.35%, while Zhengzhou rapeseed oil -1.22%.
🛢️ Crude oil declined 1.5–2% in Asian trading, with Brent later falling 4.08% to $90.54/bbl and WTI 2.35% to $85.01/bbl.
⚠️ Expected US sanctions on Iran contributed to crude weakness, reducing palm oil’s relative attractiveness as a biodiesel feedstock.
🇲🇾 Malaysia palm exports weakened: ITS estimated Aug 1–25 exports at 1.053 million tonnes, down 19.45% from 1.307 million tonnes in the comparable July period.
💱 The Malaysian ringgit weakened 0.12%, offering little support to CPO buying.
🇮🇳 India CPO offers: September cargo at $1,285–1,290/t CFR WCI, versus buying ideas around $1,270/t.
🫘 India soybean oil offers were around $1,280/t CFR WCI, with buying ideas near $1,270–1,272/t.
🟢 Soybean meal bucked the trend: December CME meal rose 0.86% to $328.60/st, supported by grain strength and expectations of tighter supply.
🇪🇺 Euronext November rapeseed was down ���10.25/t to €528/t, while Rotterdam rapeseed oil also weakened.
🌻 EU sunflower oil prices slipped amid thin liquidity; September offers were around $1,460/t, with OND offers near $1,430/t.
📅 BMD is closed Tuesday, Aug 25, for a Malaysian public holiday; trading resumes Wednesday, Aug 26.

🔎 Market takeaway

Bearish near-term tone: profit-taking + weaker crude + falling soybean oil are weighing on vegoils. However, CPO remains elevated after its 20-month high, while softer Malaysian export volumes could provide some underlying support.",Tue Aug 25 03:17:36 +0000 2026,Saveraaintl,Singapore,False,1,0
ringgit,2091900620848648627,"Ringgit jatuh berikutan ancaman AS kenakan sekatan lebih buruk ke atas Iran

#BHbisnes Mata wang tempatan menyusut kepada 4.0405/0440 berbanding dolar AS daripada 4.0365/0405 semasa ditutup Jumaat lalu.

https://t.co/me9hD4Wd3n",Mon Aug 24 14:49:08 +0000 2026,bharianmy,Malaysia,True,2,0
ringgit,2091879433590505896,"Pada 6 petang, ringgit menyusut kepada 4.0405/0440 berbanding dolar AS daripada 4.0365/0405 semasa ditutup Jumaat lepas. 
#AWANInews #AWANI745 
https://t.co/bCG0zYny7W",Mon Aug 24 13:24:56 +0000 2026,501Awani,Malaysia,True,0,0
ringgit,2091874390732599397,"Ketidaktentuan mengenai ‘D-Day’ yang dijanjikan oleh Setiausaha Perbendaharaan AS, Scott Bessent terhadap Iran, risiko dasar itu menjelang simposium Jackson Hole antara faktor ringgit susut hari ini.

#MalaysiaMADANI 
#RancakkanMADANI 
#DDayEconomy
#USTreasury

https://t.co/Hd3yUMSkOl",Mon Aug 24 13:04:54 +0000 2026,Harapan_Madani,Kuala Lumpur,True,0,0
ringgit,2091865920247660793,"Ringgit Ditutup Rendah Selepas AS Ancam Sekatan 'D-Day Ekonomi' Ke Atas Iran 

#BernamaBiz

https://t.co/m8gZ9iI0rb https://t.co/QjnzpLyii0",Mon Aug 24 12:31:15 +0000 2026,BernamaBiz,Kuala Lumpur,True,0,0
ringgit,2091863615112352253,"#NSTBusinessTimes  The ringgit ended lower against the greenback on Monday as the threat of an ""economic D-Day"" on Iran, policy risks ahead of the Jackson Hole symposium and continued instability in the US Treasury market spurred caution.
 
https://t.co/fj5q5kuNs1 https://t.co/kTYckpNFAQ",Mon Aug 24 12:22:05 +0000 2026,NST_Online,Malaysia,True,0,0
ringgit,2090329866164208019,"The Dollar Lost Its Yield Shield | August 20, 2026
(📍Data From https://t.co/rtKhA53pFF Daily Report)

The dollar fell toward a three-month low—but not because the Federal Reserve suddenly turned dovish.

The real catalyst came from the Treasury.

Washington is trying to suppress long-term borrowing costs while the Fed continues discussing possible rate hikes. That policy contradiction is now driving the global FX market.

🇺🇸 USD: Treasury Eases, Fed Stays Hawkish

The U.S. Treasury will at least double selected long-end debt buybacks from $2B to $4B per operation, covering 10-to-30-year securities between September 9 and November 4.

The 30-year yield fell from approximately 5.34% to 5.18%, removing one of the dollar’s strongest recent supports.

The timing was awkward: one day before the announcement, investors reportedly placed record bets on a major long-duration Treasury ETF.

That does not prove foreknowledge. But it shows how aggressively traders were positioned for a reversal once yields approached Washington’s pain threshold.

Meanwhile, federal debt crossed $40 trillion. Treasury may be able to stabilize market liquidity, but it cannot buy back its way out of the fiscal arithmetic.

The Fed offered no rate-cut rescue

July’s FOMC minutes contained no meaningful argument for easing:

• Many participants believed tightening could become necessary if inflation failed to decline.

• Several officials already favored a 25-basis-point increase in July.

• Most still expected inflation to moderate, but many acknowledged persistent upside risks.

• Officials discussed stretched AI-linked valuations and increasingly debt-financed infrastructure spending.

• Treasury-market volatility was identified as a potential financial-stability threat.

Chair Kevin Warsh proposed considering six scheduled meetings per year instead of eight. No change will affect the remainder of 2026.

The Fed’s fixed-rate reverse-repo facility accepted just $317M from 18 counterparties. That is operational plumbing, not a meaningful liquidity injection.

Trump again urged the Fed to cut rates while telling Americans not to fear bond-market volatility. Senators are separately demanding that Warsh disclose conversations with Trump that did not appear on his public calendar.

For FX traders, that raises another dollar risk: perceived erosion of central-bank independence.

USD bias: Tactically bearish while Treasury suppresses long yields, but the hawkish Fed limits the case for a clean one-way collapse.

🇪🇺 EUR: Winning Mostly Because the Dollar Is Losing

ECB policymaker Olli Rehn said wage growth and the wage outlook remain moderate, with no obvious evidence of second-round inflation effects.

That reduces pressure for aggressive ECB tightening.

Lagarde’s warning that Europe cannot miss the AI revolution is economically important but not an immediate monetary-policy signal. Reports that she is again being considered for the World Economic Forum chairmanship are institutional speculation, not an FX catalyst.

The euro’s advance toward $1.167 therefore reflects dollar weakness more than a fresh hawkish repricing of the ECB.

EUR bias: Supported against USD, but the domestic rate story remains less aggressive than the price action suggests.

🇬🇧 GBP: Inflation Up, Bank of England Still Expected to Wait

KPMG argues that the latest rise in British inflation is unlikely to alarm the Bank of England enough to force immediate action, forecasting unchanged rates through the rest of 2026.

That view is not risk-free. Three policymakers already voted for an increase at the July meeting, and the Bank continues to monitor energy-driven second-round effects.

Prime Minister Andy Burnham’s first public declaration of interests is a political-transparency event with limited direct relevance to sterling unless it develops into a wider government issue.

GBP bias: Mildly supported by dollar weakness, but caught between persistent inflation and a cooling domestic economy.

🇰🇷 KRW: Bigger External Buffer, Bigger Short-Term Burden

South Korea’s total external debt reportedly increased to $812.8B at the end of June from $774.4B in March.

Short-term external debt rose to $198.5B, lifting its ratio to foreign-exchange reserves from 43.3% to 46.5%.

That is a deterioration, but not an immediate funding crisis. Korean reserves still cover short-term external debt by more than two times.

The greater concern is direction: short-term foreign-currency liabilities are rising while the won remains exposed to semiconductor volatility, leveraged equity flows and global risk sentiment.

KRW bias: Supported by the weaker dollar and chip rebound, but increasingly sensitive to any renewed global liquidity shock.

🇯🇵 JPY: Record Exports, Even Bigger Energy Bill

Japan’s July exports surged 23.2% YoY to a record, with semiconductor-related shipments reportedly climbing 49.1%.

That looks yen-positive—until the import side appears.

Imports jumped 27.8% to an even larger record as elevated oil prices and more expensive alternative crude supplies pushed Japan’s energy bill higher. The result was a ¥634.5B trade deficit.

Foreign investors also reportedly recorded their largest withdrawal from medium-term Japanese government bonds since 2006.

The yen therefore faces competing forces:

📈 Strong exports and the possibility of another BOJ hike.

📉 A large energy-import bill, bond-market volatility and foreign capital outflows.

JPY bias: Fundamentally less weak than before, but export strength alone cannot offset expensive energy and unstable JGB flows.

🇦🇺 AUD: Labour Data Removes Some Hike Pressure

Australia’s unemployment rate unexpectedly increased from 4.4% to 4.5% in July.

That does not guarantee an RBA pause, because inflation remains above target. But it reduces the urgency for another increase and confirms that restrictive monetary policy is cooling the labour market.

AUD bias: Softer rate expectations cap the upside, leaving AUD dependent on global risk appetite, China and commodity prices.

🇮🇩 IDR: Central Bank Holds the Line

Bank Indonesia kept its benchmark rate unchanged at 5.75% as pressure on the rupiah eased.

Under its new leadership, the central bank expects the currency to strengthen further and remains focused on attracting foreign capital while preserving monetary stability.

That forecast will depend heavily on oil prices, dollar direction and investor confidence in Indonesia’s policy framework.

IDR bias: Improving, but high energy costs remain the obvious external vulnerability.

🇲🇾 MYR: Trade Data Deliver Real Support

Malaysia’s July exports reportedly surged 38.0% YoY, beating expectations of 34.3%.

The trade surplus widened to RM22.46B, versus the RM17.5B consensus estimate.

Malaysia continues to benefit from strong electronics, semiconductor and energy exports. Unlike currencies rising purely because the dollar weakened, the ringgit has a credible domestic trade-surplus story.

MYR bias: One of the stronger fundamental Asian FX setups, although global semiconductor demand remains critical.

🌏 Asia FX: Rallying for the Wrongly Named Reason

The Asian currency index reached its highest level since March.

Some headlines attributed the move to expectations of a dovish Fed. That description is misleading: the FOMC minutes were not dovish.

The actual drivers were:

• Treasury-induced declines in long-term U.S. yields.

• Broad dollar weakness.

• Improved regional equity sentiment.

• Strong export data from Japan and Malaysia.

This is a Treasury-liquidity rally, not a confirmed Fed-easing cycle.

Other Signals

Iran’s central-bank governor proposed a BRICS financial corridor to reduce reliance on external currencies. Iran also said none of its frozen funds have yet been released.

The corridor is strategically relevant to long-term de-dollarization efforts, but without capital mobility, settlement depth and freely accessible reserves, it has little immediate impact on major FX markets.

Trader’s Take

The dollar’s yield shield has cracked, but the Fed has not surrendered.

Treasury wants lower long-term financing costs.

The Fed wants inflation back at 2%.

Trump wants rate cuts.

Bond traders want protection from a $40T debt stock.

Those objectives cannot all be satisfied simultaneously.

Near term, lower U.S. long yields favor EUR, gold and selected Asian currencies. But if inflation remains persistent and the Fed follows through with another hike, the dollar can recover through the short end even while Treasury suppresses the long end.

The next dollar trade is not simply about whether U.S. rates rise or fall.

It is about which part of the yield curve Washington still allows the market to price freely.

#Forex #FXMarket #USDDollar #EURUSD #GBPUSD #USDJPY #KRW #AUDUSD #Rupiah #Ringgit #FederalReserve #USTreasury #InterestRates #YieldCurve #CentralBanks #CurrencyTrading #MacroTrading",Thu Aug 20 06:47:31 +0000 2026,AlphawalkAi,,False,1,0
ringgit,2090258903913414922,"📈 CPO Futures- VegOil Market Summary 
19 Aug 2026  

CPO futures extended gains for the third consecutive session, supported by strength across the vegetable-oil complex and firmer crude oil.
Most-active November CPO closed +RM33/t (+0.68%) at RM4,893/t, reaching a fresh 20-month high.
Trading range: RM4,845–4,905/t.
Strength in Chinese vegetable oils provided additional support:
Dalian palm olein: +0.99% to RMB9,994/t
Dalian soybean oil: +1.19% to RMB8,747/t
Zhengzhou rapeseed oil: +1.00% to RMB10,568/t

🛢️ Crude Oil & Soy Complex

CME soybean oil futures moved higher, supported by firmer crude oil, soybean futures and a weaker US dollar.
October CME soyoil: +0.33% to 69.92¢/lb
December CME soyoil: +0.47% to 69.96¢/lb
Soybeans: +1.68% to $12.37/bu, supported by weather concerns and reports of fresh Chinese purchases of US soybeans.
Soymeal also rallied sharply:
October: +2.03% to $321/st
December: +2.13% to $325.60/st
Crude oil extended gains for a fourth session:
Brent: +0.66% to $91.62/bbl
WTI: +0.39% to $84.39/bbl
Oil prices remained supported by uncertainty around shipping through the Strait of Hormuz and US-Iran tensions.

🇲🇾 Malaysia Palm Oil Outlook

Market participants are awaiting fresh August supply-and-demand data.
Intertek’s preliminary estimate showed Malaysia Aug 1–20 exports down 13.55% month on month.
Final export data were due on 20 August.
Traders are also watching:
Southern Peninsular Palm Oil Millers Association production estimates
Malaysia Palm Oil Association Aug 1–20 production data
The Malaysian ringgit strengthened slightly against the US dollar.

🚢 Indonesia CPO & Olein

September CPO: offers $1,225/t FOB Indonesia, bids $1,217.50/t, with a trade heard at $1,220/t.
October CPO: offers around $1,245/t, bids around $1,235/t.
September olein: $1,162.50–1,165/t FOB Indonesia.
October olein: around $1,180/t FOB Indonesia.
December olein cargoes washed out from China at $1,247–1,255/t CFR.

🇮🇳 India Market

August CPO cargo traded at $1,252.50/t CFR East Coast India.
September CPO traded at $1,260/t CFR West Coast India.
September CPO offers remained at $1,260/t, with bids at $1,250–1,255/t CFR WCI.
October CPO offers were around $1,280/t CFR WCI.
Soybean oil activity increased:
Oct–Dec: $1,275/t CFR WCI
Jan–Mar: $1,274–1,275/t
Nov–Mar: $1,270–1,272/t
September: $1,268/t, unconfirmed
Sunflower oil activity remained limited.

🇪🇺 Rapeseed Oil

Euronext November rapeseed futures: €552.75/t, up €6.75/t.
FOB Rotterdam RSO prices were slightly weaker along the curve, despite broader vegetable-oil and crude strength.
September RSO offers: €1,245–1,260/t; bids €1,225–1,230/t.
October offers: €1,225–1,230/t; bids €1,215–1,220/t.
NDJ 2027 offers: €1,215–1,220/t; bids €1,205–1,208/t.
FMA 2027 offers: €1,195–1,200/t; bids €1,180–1,185/t.

🌻 Sunflower Oil

EU FOB sunflower oil prices were broadly unchanged, with limited liquidity and no fresh open-market trades.
September offers: $1,470/t
OND offers: $1,435/t, bids $1,400/t
JFM 2027 offers: $1,410/t, bids $1,380/t

🔎 Market Takeaway

Bullish near-term tone across palm and soybean oils, driven by firmer crude oil and strength in Chinese vegetable oils.
CPO’s fresh 20-month high highlights strong momentum.
However, lower Malaysian export estimates could influence sentiment once final August data are released.
Continued strength in soybeans, soymeal and crude oil remains supportive for the wider vegetable-oil complex.
Physical demand in India is active, while sunflower oil remains relatively quiet.",Thu Aug 20 02:05:32 +0000 2026,Saveraaintl,Singapore,False,6,1
ringgit,2088806853719597478,@osman_EX5Hitam Harga minyak kat lotus baru 28 ringgit. Harga sayur mmg akan turun naik ikut musim.,Sun Aug 16 01:55:36 +0000 2026,k_wasabeez,My Comfort Zone,False,9,0
ringgit,2088518228427628636,"Kes Ini Kena Buat Audit Forensik Juga Tak Seperti Kes RCI Tabung Haji?

Oleh Lim Sian See 

Kalau harga saham FGV jatuh 40% dan nilai pasaran susut kira-kira RM4 bilion ketika era BN boleh dijadikan bukti kononnya Najib “songlap” atau tidak kompeten, maka bagaimana pula kita mahu menilai apa yang berlaku kepada Petronas Chemicals?

Petronas Chemicals:

April 2022:

Harga saham sekitar RM10.38
Nilai pasaran sekitar RM83 bilion

24 November 2025:

Harga saham RM2.92
Nilai pasaran sekitar RM23 bilion

Kejatuhan hampir 72%.

Nilai pasaran lenyap sekitar RM60 bilion.

Jadi saya mahu tanya mereka yang selama ini menggunakan kejatuhan harga FGV untuk menyerang Najib:

Kalau FGV jatuh, salah Najib.

PetChem jatuh jauh lebih teruk ketika era Madani, salah siapa pula?

FGV disenaraikan pada 2012 pada harga RM4.55 sesaham. Dalam tempoh awal, harganya sempat meningkat sebelum terjejas apabila berlaku kejatuhan besar harga minyak dan komoditi dunia sekitar 2014 hingga 2016, yang turut menekan harga minyak sawit sampai ke RM2,000 satu tan ketika itu berbanding lebih RM4,600 satu tan hari ini. 

Menjelang PRU14, harga FGV sekitar RM1.80. Memang nilainya jatuh dengan ketara.

Tetapi satu fakta penting jarang disebut:

Sehingga PRU14, FGV masih mencatat keuntungan setiap tahun.

Namun kejatuhan harga saham itu tetap dijadikan bahan untuk menggambarkan seolah-olah ada penyelewengan besar dan “songlap”.

Sekarang bandingkan dengan Petronas Chemicals.

PetChem disenaraikan pada 2010 ketika Najib menjadi Perdana Menteri pada harga sekitar RM5.04 sesaham.

Selepas itu syarikat ini mencatat keuntungan besar tahun demi tahun dan harga sahamnya akhirnya meningkat melebihi RM10 sebelum era Madani.

Tetapi keadaannya berubah.

Sejak 2024, PetChem mencatat kerugian suku tahunan pertama dalam sejarahnya.

Pada 2025, kerugian berterusan dan bagi sembilan bulan pertama sahaja jumlah kerugian sudah sekitar RM1.32 bilion.

Harga saham pula pernah menjunam daripada lebih RM10 kepada RM2.92.

Ini bukan sekadar turun 40%.

Ini hampir 72%.

Dan bukan RM4 bilion nilai pasaran hilang.

Sekitar RM60 bilion.

Punca yang diberikan pula ialah keadaan industri: permintaan global yang lemah, tekanan margin serta lebihan kapasiti petrokimia dunia.

Itu memang penjelasan ekonomi yang munasabah.

Tetapi bukankah perkara yang sama patut digunakan ketika menilai FGV?

Harga komoditi jatuh, industri tertekan, harga saham jatuh.

Kenapa apabila FGV jatuh, terus mahu dikaitkan dengan “songlap”, ""tidak kompeten"" atau salah Najib?

Tetapi apabila PetChem jatuh jauh lebih teruk dan mula mencatat kerugian, tiba-tiba semua orang faham bahawa harga saham boleh jatuh kerana faktor pasaran?

Petronas pula memiliki sekitar 65% PetChem manakala KWSP memegang sekitar 12%.

Jadi kalau kita mahu konsisten dengan standard yang digunakan terhadap FGV, patutkah pula kita kata kejatuhan nilai puluhan bilion ringgit PetChem mesti disiasat sebagai satu “skandal”?

Perlu audit forensik juga atau RCI?

Perlu cari siapa yang “sakau” RM60 bilion nilai pasaran itu?

Sudah tentu soalan itu kedengaran mengarut sebab kejatuhan harga saham tidak secara automatik bermaksud wang dicuri.

Nilai pasaran jatuh bukan bukti rasuah.

Kerugian pelaburan juga bukan bukti penyelewengan.

Itulah sebenarnya masalah apabila naratif politik digunakan untuk menilai sesuatu pelaburan.

FGV jatuh 40%: salah Najib.

PetChem jatuh hampir 72%: faktor pasaran.

Standard apa macam ini?",Sat Aug 15 06:48:43 +0000 2026,mynewshub,Malaysia,True,125,43
ringgit,2088117311257313380,"AirAsia Group Berhad mencatatkan kerugian bersih RM831 juta bagi suku kedua 2026, ketika peningkatan mendadak kos bahan api dan kerugian tukaran asing menekan prestasi kewangan kumpulan.

Kerugian itu sebahagian besarnya berpunca daripada kenaikan 66% harga bahan api purata berbanding suku sebelumnya susulan ketegangan geopolitik di Timur Tengah, selain kerugian tukaran asing sebanyak RM331 juta akibat penyusutan mata wang serantau termasuk ringgit berbanding dolar AS.",Fri Aug 14 04:15:37 +0000 2026,EkonomiRakyatMY,Kuala Lumpur,True,8,3
ringgit,2088098243892883502,"Hari ni isi minyak free sbb claim voucher shell rm40 ringgit, dpt la minyak dlm 20litre☺️",Fri Aug 14 02:59:50 +0000 2026,ShashaBlackKatz,Malaysia,True,12,0
ringgit,2086997738856775916,"Ringgit diniagakan pada paras RM4.09 sedolar

#BHbisnes Dolar AS mengukuh berikutan harga minyak mentah yang kekal tinggi susulan pembukaan semula Selat Hormuz.

https://t.co/e1d09GuwPr",Tue Aug 11 02:06:50 +0000 2026,bharianmy,Malaysia,True,0,0
ringgit,2086681973633036779,"Ringgit diunjur stabil akhir Ogos selepas kadar faedah AS kekal

#BHbisnes Ketegangan geopolitik yang kembali memuncak, harga tenaga lebih tinggi meningkatkan permintaan terhadap dolar AS sebagai aset selamat bulan lalu.

https://t.co/uw6Fgt89Fi",Mon Aug 10 05:12:05 +0000 2026,bharianmy,Malaysia,True,2,0
ringgit,2085184604848390469,"“Potensi pembukaan semula Selat Hormuz menyebabkan harga minyak mentah Brent kekal di bawah paras US$80 setong.""
#AWANInews #AWANIpagi

https://t.co/DR9vZtLrGG",Thu Aug 06 02:02:05 +0000 2026,501Awani,Malaysia,True,2,0
ringgit,2084930258739056801,"Bayangkan kita tengah pekena kopi kat warung, bersembang pasal harga minyak dan barang. Kalau sebut je minyak takde subsidi, mesti berderau darah, kan? Yalah, dah berpuluh tahun kita biasa disuap minyak murah.

Memang nampak seronok bila minyak murah, tapi hakikatnya sistem ""subsidi pukul rata"" ni ibarat bom jangka. Nampak cantik di luar, tapi hutang negara kat dalam makin hari makin bengkak.

Sistem BERSAMA ni ibarat kita telan ubat yang pahit sikit hari ni, supaya badan kita kembali sihat dan bertenaga esok hari. Jom kita bedah siasat kenapa sistem ni sebenarnya lebih adil dan untungkan poket orang kampung macam kita.

1. ""Paip Bocor"" Subsidi: Siapa Yang Kenyang?
Dulu kita ingat minyak murah ni adil untuk semua. Tapi cuba kita fikir logik.
Pakcik yang bawa motor kapcai ke kebun, atau anak-anak kita yang pandu Kancil pergi kerja kilang, berapa sen sangat subsidi minyak yang dorang dapat? Sikit je.

Tapi cuba tengok tauke besar yang pakai kereta mewah CC besar dua tiga biji, dorang yang kaut subsidi berlipat kali ganda lebih banyak daripada kita!

Itu belum kira lagi lori hantu, warga asing, dan penyeludup yang sedap-sedap ""curi"" minyak subsidi kita bawa keluar sempadan.
Jadi, bila kerajaan apungkan harga minyak (contohnya pada harga RM 3.82 seliter), kita terus tutup ""paip bocor"" ni. Biar orang kaya raya dan orang luar bayar harga sebenar. Duit subsidi yang berbilion tadi tu, kerajaan simpan untuk bagi terus pada kita.

2. Kira-Kira Poket Orang Kampung
Bila dengar ada GST dan minyak diapungkan, mesti kita rasa macam, ""Ah, habislah duit aku!"" Tapi jom kita congak perlahan-lahan. Sistem ni ambil duit lebihan tu dan letak terus dalam tangan orang yang betul-betul perlukan.
Katakanlah sebulan, disebabkan adanya GST 5%, kita terpaksa keluar belanja tambahan, lebih kurang RM 70. Minyak pula dah tak ada subsidi, maknanya kita bayar harga pasaran terus (RM 3.82 seliter).

Tapi, celah mana untungnya? Haa, di sinilah kelebihannya. Kerajaan akan pulangkan balik penjimatan subsidi tadi dalam bentuk bantuan tunai pukal (macam PADU) sebanyak RM 400 sebulan terus masuk ke akaun kita!

Cuba kita tolak tambah. Dapat bantuan RM 400, tolak belanja lebih cukai tadi RM 70. Hujung bulan, isi rumah kita masih ada baki bersih untung sebanyak +RM 330!

Nampak tak permainannya? Biar orang kaya atau pelancong luar berhabis bayar cukai dan isi minyak mahal, tapi rakyat biasa macam kita yang dapat untung tunai setiap bulan.

3. Henti Bakar Duit, Mula Bina Masa Depan
Selama ni, berbilion ringgit duit kerajaan hangus jadi asap ekzos macam tu je. Duit tu tak beranak dan tak bagi untung pun kat anak cucu kita.

Cuba bayangkan, penjimatan berbilion ringgit bila subsidi minyak ditarik tu, kita guna untuk benda yang ada ""nyawa"" untuk orang kampung:

Gaji Progresif: Kerajaan guna duit tu untuk bantu syarikat swasta naikkan gaji anak-anak kita. Takdelah dorang asyik kais pagi makan pagi sampai ke tua.

Klinik & Hospital Awam: Boleh tambah doktor pakar, besarkan klinik desa, tambah ubat. Mak ayah kita tak payah lagi beratur dari subuh menahan sakit lutut kat hospital.

Sekolah & Kemahiran (TVET): Baiki sekolah yang daif, hantar anak-anak masuk kelas kemahiran supaya dorang senang dapat kerja gaji besar.

4. Takut Berubah Nanti Kita Ketinggalan

Betul kata Rafizi tu, kadang-kadang orang politik ni takut nak buat keputusan. Kalau potong subsidi, sah-sahlah orang marah, takut hilang undi masa pilihan raya. Jadi dorang pilih jalan malas dan selamat biarkan je sistem lama berjalan, biarkan hutang negara membengkak, asalkan dorang kekal berkuasa.

Tapi, kalau kerajaan terus nak main selamat dan takut-takut, ekonomi kita akan kaku, tak bergerak. Sedar-sedar nanti, negara jiran macam Indonesia dan Vietnam dah jauh tinggalkan kita.",Wed Aug 05 09:11:24 +0000 2026,bin_salle39329,,False,38,14
ringgit,2084454305915179190,"🛢️ Veg Oils Market Summary– 3 Aug 2026

🌴 Palm Oil (CPO)

🔻 Bursa Malaysia Oct CPO fell 0.3% to MYR 4,629/t after reversing early gains.
📉 Nearby Aug CPO dropped MYR 56/t on expectations of stronger near-term supply.
📦 Malaysia July palm oil stocks expected at 2.61 Mt (+2.6% MoM, 5-month high).
🌴 July production estimated at 1.76 Mt (+7.4% MoM), offsetting strong exports.
🚢 Exports estimated at 1.38 Mt (+15% MoM).
🏭 SPPOMA estimated July output +1.28% MoM.
💱 Weaker Malaysian ringgit (-0.25% vs USD) limited CPO losses by improving export competitiveness.

🇨🇳 China Veg Oils

🔻 Dalian Sep Palm Olein: 9,253 yuan/t (-0.88%)
🔻 Dalian Sep Soybean Oil: 8,385 yuan/t (-9 yuan)
🔺 Zhengzhou Sep Rapeseed Oil: 9,891 yuan/t (+0.22%)

💰 Physical Palm Market

🌴 Indonesia Aug CPO FOB: US$1,195–1,200/t
🌴 Sep CPO FOB: US$1,212.5–1,215/t
🛢️ Aug Olein FOB: US$1,122.5–1,135/t
🛢️ Sep Olein FOB: US$1,135–1,145/t
🇮🇳 Small Aug CPO trade to India: US$1,230/t CFR WCI
📈 Sep CPO offers about US$10/t higher than August.

🟡 Soybean Oil

🔺 CME Sep Soybean Oil: 68.79 c/lb (+2.27%)
🔺 Dec Soybean Oil: 68.14 c/lb (+1.85%)
🌱 Gains supported by:
🇺🇸 Expectations of EPA denying/limiting Small Refinery Exemptions (SREs), supporting biodiesel demand.
🌽 Stronger soybean and grain markets.

🌻 Other Vegetable Oils

➡️ Argentina Sunflower Oil: US$1,465/t CIF (Sep-Oct, steady).
➡️ Russia-origin Sunflower Oil: ~US$1,500/t CIF (Aug-Sep).
📉 European sunflower oil prices eased alongside weaker crude oil.
📉 FOB Rotterdam Rapeseed Oil declined across the curve despite firmer rapeseed futures.

🌱 South America

📉 Argentina Sep soyoil basis: -14.8 c/lb (weaker).
📉 Brazil Sep soyoil basis: -14.7 c/lb (weaker).
➡️ Brazil soymeal basis unchanged at +US$15/ST.
🔺 Argentina soymeal basis increased to +US$7.5/ST amid port disruptions.

🛢️ Energy & Macro

📉 Brent: US$83.77/bbl (-4.73%)
📉 WTI: US$80.39/bbl (-5.05%)
🕊️ Crude fell after the US delayed planned military action against Iran, easing supply concerns.
🌾 Soybean futures rose 0.4% to US$11.92/bu, supporting soybean oil.

🔑 Key Takeaways

🌴 Palm oil weakened on expectations of higher Malaysian inventories and production.
💱 Weaker ringgit helped cushion CPO losses.
🌱 Soybean oil outperformed, supported by positive US biofuel policy expectations.
🛢️ Falling crude oil pressured most vegetable oils, but biofuel optimism kept soybean oil resilient.",Tue Aug 04 01:40:08 +0000 2026,Saveraaintl,Singapore,False,5,1
ringgit,2084162469719900348,"padahal dulu malaysia banyak banget belajar dari kita

- Impor pengajar dari Indonesia
- Petronas belajar dari Pertamina
- pelajar mereka dikirim ke Indonesia

sekarang malaysia

- salah satu passport terkuat di dunia
- memiliki salah satu perusahaan minyak terbesar di dunia (Petronas)
- pendidikan lebih bagus
- banyak event besar yang dihelat disana
- mata uangnya (ringgit) semakin kuat

dan Indonesia masih gini-gini aja, ohh malangnya nasibmu Indonesia",Mon Aug 03 06:20:29 +0000 2026,mendingmangan,Jakarta,False,13,3
ringgit,2083919755669606801,"@meinmokhtar 3 consecutive deficit reduction.. a first in malaysia… highest approved project, strengthening ringgit against SEA and dollars… apa yg ko merapik ni? Ko idup kat indon ke? We r among the countries tg x perlu catu minyak walaupun kita ni nett importer. Baghal punya un",Sun Aug 02 14:16:01 +0000 2026,kenshin_great,,False,19,1
ringgit,2083314770594480210,"Halusinasi Suci dan Skim Cepat Kaya Politik

Tragedi terbesar sosiopolitik Malaysia adalah kesanggupan sebahagian pengundi Melayu-Islam memaafkan pengkhianatan ekonomi kelas atasan, asalkan ia dibungkus dengan retorik ""Ketuanan Melayu"" dan ""Syiar Islam"". Mengapa elit politik ini kekal disembah biarpun terpalit skandal, manakala parti alternatif yang jujur ditolak?

Mari kita bedah anatomi ini.

1. Ilusi Kertas Tabung Haji
Tabung Haji sepatutnya menjadi lambang integriti. Namun, amalan creative accounting pernah digunakan untuk menyembunyikan kerugian, memanipulasi transaksi hujung tahun, dan mencipta untung atas kertas. Akibatnya, hibah terpaksa dibayar menggunakan wang pokok pendeposit. Di sinilah penipuan dokumen bertukar menjadi Skim Ponzi yang mengkhianati marhaen demi imej politik.

2. DNA ""Ponzi Politik""
Sama seperti skim penipuan piramid, manipulasi kewangan negeri berfungsi untuk mencipta ilusi kejayaan bagi mengekalkan kuasa. Hasil bumi seperti balak dan minyak tidak dilaburkan untuk ekonomi jangka panjang, sebaliknya disalurkan kepada kroni. Rakyat hanya disuapkan bantuan one-off, satu pulangan kecil yang merantai mereka dengan rasa terhutang budi kepada perompak harta mereka sendiri.

3. Teater Hipokrasi Elit Politik

Gabungan retorik ketakutan eksistensial mencipta manipulasi minda yang sempurna. UMNO menjaja naratif ""Melayu merempat"", manakala PAS memegang kunci ""ancaman agama"". Kesatuan naratif ini menjadi perisai kebal. Skandal berbilion ringgit (seperti 1MDB, LCS, NFC) tenggelam begitu sahaja di sebalik jeritan takbir dan laungan ""Hidup Melayu"" di pentas ceramah.

4. Belenggu Minda Pengundi
Mengapa parti alternatif yang berintegriti sering tewas?

Sindrom ""Biar Penyamun, Asalkan Melayu"": Pengundi dihantui paranoia bahawa parti pelbagai kaum yang jujur adalah 'kuda Trojan', lalu lebih rela dirompak oleh bangsa sendiri.

Kasta Feudal: Menganggap pemimpin sebagai ""tuan"" pemberi rezeki, biarpun bantuan itu datang daripada kantung cukai rakyat sendiri.

Eksploitasi Akhirat: Kertas undi dianggap sebagai tiket ke syurga. Hujah ekonomi dan data yang rasional tidak akan pernah menang melawan doktrin pahala dan dosa.

Selagi retorik bangsa dan agama ditelan tanpa tapisan kritikal, penunggang ini tidak perlu bersusah payah menawarkan dasar ekonomi yang baik. Hakikatnya, ancaman terbesar Melayu-Islam bukanlah anasir luar, tetapi perompak dari dalam bangsa sendiri yang terus-menerus kita sorak dan agungkan.

Mana Sakau nya?

Jom ludah berjemaah..",Fri Jul 31 22:12:02 +0000 2026,bin_salle39329,,False,19,10
ringgit,2083314202840801570,"Halusinasi Suci dan Skim Cepat Kaya Politik

Tragedi terbesar sosiopolitik Malaysia adalah kesanggupan sebahagian pengundi Melayu-Islam memaafkan pengkhianatan ekonomi kelas atasan, asalkan ia dibungkus dengan retorik ""Ketuanan Melayu"" dan ""Syiar Islam"". Mengapa elit politik ini kekal disembah biarpun terpalit skandal, manakala parti alternatif yang jujur ditolak?

Mari kita bedah anatomi ini.

1. Ilusi Kertas Tabung Haji
Tabung Haji sepatutnya menjadi lambang integriti. Namun, amalan creative accounting pernah digunakan untuk menyembunyikan kerugian, memanipulasi transaksi hujung tahun, dan mencipta untung atas kertas. Akibatnya, hibah terpaksa dibayar menggunakan wang pokok pendeposit. Di sinilah penipuan dokumen bertukar menjadi Skim Ponzi yang mengkhianati marhaen demi imej politik.

2. DNA ""Ponzi Politik""
Sama seperti skim penipuan piramid, manipulasi kewangan negeri berfungsi untuk mencipta ilusi kejayaan bagi mengekalkan kuasa. Hasil bumi seperti balak dan minyak tidak dilaburkan untuk ekonomi jangka panjang, sebaliknya disalurkan kepada kroni. Rakyat hanya disuapkan bantuan one-off, satu pulangan kecil yang merantai mereka dengan rasa terhutang budi kepada perompak harta mereka sendiri.

3. Teater Hipokrasi Elit Politik

Gabungan retorik ketakutan eksistensial mencipta manipulasi minda yang sempurna. UMNO menjaja naratif ""Melayu merempat"", manakala PAS memegang kunci ""ancaman agama"". Kesatuan naratif ini menjadi perisai kebal. Skandal berbilion ringgit (seperti 1MDB, LCS, NFC) tenggelam begitu sahaja di sebalik jeritan takbir dan laungan ""Hidup Melayu"" di pentas ceramah.

4. Belenggu Minda Pengundi
Mengapa parti alternatif yang berintegriti sering tewas?

Sindrom ""Biar Penyamun, Asalkan Melayu"": Pengundi dihantui paranoia bahawa parti pelbagai kaum yang jujur adalah 'kuda Trojan', lalu lebih rela dirompak oleh bangsa sendiri.

Kasta Feudal: Menganggap pemimpin sebagai ""tuan"" pemberi rezeki, biarpun bantuan itu datang daripada kantung cukai rakyat sendiri.

Eksploitasi Akhirat: Kertas undi dianggap sebagai tiket ke syurga. Hujah ekonomi dan data yang rasional tidak akan pernah menang melawan doktrin pahala dan dosa.

Selagi retorik bangsa dan agama ditelan tanpa tapisan kritikal, penunggang ini tidak perlu bersusah payah menawarkan dasar ekonomi yang baik. Hakikatnya, ancaman terbesar Melayu-Islam bukanlah anasir luar, tetapi perompak dari dalam bangsa sendiri yang terus-menerus kita sorak dan agungkan.

Mana Sakau nya?

Jom ludah berjemaah..",Fri Jul 31 22:09:46 +0000 2026,bin_salle39329,,False,148,65
ringgit,2082277806848069887,"📌 Vegoils Market Summary
📅 Date: 28 July 2026

🌴 Crude Palm Oil (CPO)
🔻 Bursa Malaysia October CPO futures fell 30 ringgit/tonne (-0.64%) to 4,643 ringgit/tonne.
📉 Declined for a second straight session due to:🛢️ Weaker crude oil prices.
🌾 Broad weakness across competing vegetable oils.

🔄 Prices recovered slightly in afternoon trading but still closed lower.
🛢️ Crude Oil Impact
📉 Crude oil dropped over 1.5% during Asian trading.
🤝 Market sentiment improved following:US pause in military strikes on Iran.
Renewed diplomatic efforts in the Middle East.
Prospects of reopening the Strait of Hormuz.

🇨🇳 China Vegetable Oils
🌴 Dalian September palm olein: ▼1.22% to 9,312 yuan/tonne.
🌱 Dalian soybean oil: ▼1.21% to 8,419 yuan/tonne.
🌼 Zhengzhou rapeseed oil: ▼1.89% to 9,892 yuan/tonne.
🇺🇸 CME Soybean Oil
🔻 Continued lower, tracking weaker crude oil and global vegoils.
📉 September contract: 70.14 cents/lb (-1.00%).
📉 December contract: 68.93 cents/lb (-0.93%).
🌱 Soy Complex
🌿 Soybean futures rose 0.51% to $12.20/bushel on heat concerns.
🌾 Soymeal gained:September: ▲0.31%.
December: ▲1.14%.

🇮🇩 Indonesia Physical Market
🌴 August CPO offers:$1,190–1,195/tonne FOB.
Buyers at $1,182.50–1,190 FOB.

🛢️ August RBD palm olein offers:$1,125–1,127.50 FOB.

🤝 Unconfirmed CPO trades heard at $1,185–1,190 FOB.
🇮🇳 India Market
🌴 August CPO:Offers $1,230 CFR WCI.
Buyers $1,225–1,227.50 CFR WCI.

🤝 Trades reported:$1,227.50–1,229 CFR WCI.
$1,217.50–1,222 CFR ECI.

🌱 Soybean oil trades:October–December at $1,248–1,255 CFR WCI.

🌻 Sunflower Oil
🇷🇺 Russia-origin August offers:$1,490–1,500 CIF LW.

🇦🇷 Argentina September offers:Around $1,465 CIF.

🇺🇦 Ukraine August CIF Mersin offers eased $10 to $1,495/tonne.
🇨🇳 China Soybean Crushing
🏭 Crushers processed 2.34 million tonnes in the week ended 24 July.
📈 Crush expected to increase to 2.40 million tonnes this week.
🇧🇷🇦🇷 South America
📈 Soybean oil basis strengthened in both Brazil and Argentina.
📈 Soymeal basis also moved higher in both countries.
🇪🇺 Europe
🌾 Euronext November rapeseed futures:€533.75/tonne (-€2.75).

🌼 FOB Rotterdam rapeseed oil weakened across the curve.
🌻 EU sunflower oil remained quiet with very limited liquidity and slightly lower offers.
🔍 Market Takeaway
📉 Global vegetable oil markets remained under pressure from:🛢️ Sharp decline in crude oil.
🌴 Weak palm oil futures.
🌱 Softer soybean oil and rapeseed oil prices.

🤝 Physical markets stayed active, especially for India and Indonesia, but buyers continued resisting higher offer levels.
⚖️ Overall sentiment remains bearish in the short term, with energy prices continuing to drive the vegetable oils complex.",Wed Jul 29 01:31:30 +0000 2026,Saveraaintl,Singapore,False,7,1
ringgit,2082075819409834391,"𝗞𝗘𝗡𝗬𝗔𝗧𝗔𝗔𝗡 𝗠𝗘𝗗𝗜𝗔
𝟮𝟴 𝗝𝘂𝗹𝗮𝗶 𝟮𝟬𝟮𝟲

𝗣𝗥𝗡 𝗝𝗢𝗛𝗢𝗥 𝟮𝟬𝟮𝟲: 𝗣𝗘𝗡𝗬𝗔𝗧𝗔 𝗣𝗘𝗥𝗕𝗘𝗟𝗔𝗡𝗝𝗔𝗔𝗡 𝗗𝗔𝗡 𝗦𝗨𝗠𝗕𝗘𝗥 𝗞𝗘𝗪𝗔𝗡𝗚𝗔𝗡

Salah satu budaya baru yang dibawa 𝗕𝗘𝗥𝗦𝗔𝗠𝗔 ialah ketelusan dalam pendanaan politik, sebagai usaha untuk memeras rasuah dengan menukar budaya.

𝗕𝗘𝗥𝗦𝗔𝗠𝗔 percaya bahawa slogan anti-rasuah dan janji-janji perubahan undang-undang untuk membanteras rasuah politik telah bertukar menjadi retorik semata-mata.

Parti-parti bertukar ganti menjadi kerajaan persekutuan dan negeri-negeri tetapi amalan rasuah politik tetap berterusan.

Kebelakangan ini, parti-parti politik tanpa segan silu menggunakan agensi-agensi, aset-aset kerajaan dan dana awam untuk berkempen. Perkara ini diterima oleh majoriti rakyat Malaysia kerana gabungan-gabungan parti besar seperti PH, BN dan PN kesemuanya melakukan kesalahan yang sama.

Begitu juga dengan amalan memberi wang minyak, duit poket atau duit belanja kepada pengundi-pengundi. Ada pengundi yang tidak segan silu lagi memaparkan mereka menerima wang untuk mengundi.

Salah satu punca utama ialah perjalanan parti-parti politik masih bergantung kepada khidmat berbayar. Jentera-jentera dibayar, orang ramai diberikan wang dan hadiah untuk hadir ke program-program kempen dan petugas kira undi dibayar.

Di PRN Johor, ada petugas kira undi (PACA) yang dibayar sehingga RM700 seorang (termasuk belanja minyak dan penginapan). Ada yang dibayar mengikut jam (contoh RM70 setiap jam bertugas).

Selagi gerak kerja kempen dan perjalanan aktiviti parti-parti politik perlu dibayar, selagi itulah amalan rasuah sukar dibendung.

Hakikatnya, sesebuah gabungan politik membelanjakan puluhan juta ringgit, malah mencecah ratusan juta ringgit untuk sesebuah pilihan raya negeri.

Wang rasuah ini didahulukan oleh kumpulan-kumpulan berkepentingan, sama ada ahli-ahli perniagaan atau dari perniagaan haram yang bertentangan dengan undang-undang.

Balasannya kelak ialah kontrak-kontrak besar kerajaan yang nilainya dinaikkan berlipat kali ganda untuk mendapatkan kembali modal yang telah dilaburkan kepada gabungan parti politik besar semasa pilihan raya.

Lebih teruk lagi, jika ia melibatkan aktiviti haram, tindakan tidak diambil terhadap aktiviti haram seperti perjudian atas talian, penyeludupan dan pelbagai lagi kegiatan haram, sebagai ganti kepada sumbangan dana semasa kempen pilihan raya.

Jika ada satu kekecewaan utama saya sepanjang saya menjadi ahli politik ialah kegagalan saya merubah amalan ini di dalam parti-parti politik yang saya pernah terlibat.

Juga kegagalan saya meyakinkan majoriti rakyat Malaysia untuk membenci amalan rasuah politik seperti ini, yang diberikan atas nama sumbangan atau duit minyak.

Sebab itu, apabila saya dan Nik Nazmi berkesempatan memulakan kembali kerjaya politik kami dari bawah melalui 𝗕𝗘𝗥𝗦𝗔𝗠𝗔, saya berhasrat melatih aktivis-aktivis politik yang benar-benar benci kepada amalan rasuah seperti ini.

Rasuah seperti ini menyebabkan maruah kita tergadai. Demi wang, kita sanggup menukar pendirian, memberi alasan dan menutup mata kepada kerosakan.

Tetapi ia perlu bermula dengan menukar budaya bagaimana gerak kerja kempen sesebuah parti dijalankan.

Ia bermula dengan kembali kepada asas politik, iaitu keikhlasan untuk menyumbang demi kebaikan masyarakat dengan melakukan sesuatu dengan sukarela.

Alhamdulillah, perkara itu dapat dilaksanakan oleh 𝗕𝗘𝗥𝗦𝗔𝗠𝗔 dalam PRN Johor yang lepas.

Keseluruhan kempen BERSAMA dilaksanakan secara sukarela tanpa perlu ada bayaran dan apa-apa perbelanjaan kempen yang lain dibiayai sepenuhnya dari tiga (3) sumber orang ramai:

1)Yuran keahlian BERSAMA sebanyak RM20 setiap ahli

2)Kutipan dana dari majlis makan malam mengumpul dana #WeFund untuk PRN Johor

3)Sumbangan peribadi dari penderma dan penyokong dalam jumlah yang kecil, sama ada melalui crowdfunding atau sumbangan peribadi

Hari ini, 𝗕𝗘𝗥𝗦𝗔𝗠𝗔 merintis budaya baru dalam sejarah politik Malaysia dengan membentangkan sepenuhnya penyata perbelanjaan dan sumber kewangan bagi PRN Johor baru-baru ini, seperti yang diperincikan di dalam Lampiran A.

Pautan Lampiran A:
https://t.co/2DT8NLXCkB

Amalan ini akan menjadi disiplin 𝗕𝗘𝗥𝗦𝗔𝗠𝗔 untuk semua pilihan raya yang disertai di masa akan datang.

Saya berharap sumbangan kecil 𝗕𝗘𝗥𝗦𝗔𝗠𝗔 dalam membawa budaya politik bersih ini akan membuka hati lebih ramai pengundi untuk bersama kami di masa akan datang.

𝟮𝟴 𝗝𝘂𝗹𝗮𝗶 𝟮𝟬𝟮𝟲

Bagi pihak BERSAMA
𝗥𝗔𝗙𝗜𝗭𝗜 𝗥𝗔𝗠𝗟𝗜",Tue Jul 28 12:08:53 +0000 2026,rafiziramli,Kuala Lumpur City,True,287,89
ringgit,2082034123284304309,"𝗞𝗘𝗡𝗬𝗔𝗧𝗔𝗔𝗡 𝗠𝗘𝗗𝗜𝗔
𝟮𝟴 𝗝𝘂𝗹𝗮𝗶 𝟮𝟬𝟮𝟲

𝗣𝗥𝗡 𝗝𝗢𝗛𝗢𝗥 𝟮𝟬𝟮𝟲: 𝗣𝗘𝗡𝗬𝗔𝗧𝗔 𝗣𝗘𝗥𝗕𝗘𝗟𝗔𝗡𝗝𝗔𝗔𝗡 𝗗𝗔𝗡 𝗦𝗨𝗠𝗕𝗘𝗥 𝗞𝗘𝗪𝗔𝗡𝗚𝗔𝗡

Salah satu budaya baru yang dibawa 𝗕𝗘𝗥𝗦𝗔𝗠𝗔 ialah ketelusan dalam pendanaan politik, sebagai usaha untuk memeras rasuah dengan menukar budaya.

𝗕𝗘𝗥𝗦𝗔𝗠𝗔 percaya bahawa slogan anti-rasuah dan janji-janji perubahan undang-undang untuk membanteras rasuah politik telah bertukar menjadi retorik semata-mata. 

Parti-parti bertukar ganti menjadi kerajaan persekutuan dan negeri-negeri tetapi amalan rasuah politik tetap berterusan. 

Kebelakangan ini, parti-parti politik tanpa segan silu menggunakan agensi-agensi, aset-aset kerajaan dan dana awam untuk berkempen. Perkara ini diterima oleh majoriti rakyat Malaysia kerana gabungan-gabungan parti besar seperti PH, BN dan PN kesemuanya melakukan kesalahan yang sama.

Begitu juga dengan amalan memberi wang minyak, duit poket atau duit belanja kepada pengundi-pengundi. Ada pengundi yang tidak segan silu lagi memaparkan mereka menerima wang untuk mengundi.

Salah satu punca utama ialah perjalanan parti-parti politik masih bergantung kepada khidmat berbayar. Jentera-jentera dibayar, orang ramai diberikan wang dan hadiah untuk hadir ke program-program kempen dan petugas kira undi dibayar.

Di PRN Johor, ada petugas kira undi (PACA) yang dibayar sehingga RM700 seorang (termasuk belanja minyak dan penginapan). Ada yang dibayar mengikut jam (contoh RM70 setiap jam bertugas). 

Selagi gerak kerja kempen dan perjalanan aktiviti parti-parti politik perlu dibayar, selagi itulah amalan rasuah sukar dibendung.

Hakikatnya, sesebuah gabungan politik membelanjakan puluhan juta ringgit, malah mencecah ratusan juta ringgit untuk sesebuah pilihan raya negeri.

Wang rasuah ini didahulukan oleh kumpulan-kumpulan berkepentingan, sama ada ahli-ahli perniagaan atau dari perniagaan haram yang bertentangan dengan undang-undang.

Balasannya kelak ialah kontrak-kontrak besar kerajaan yang nilainya dinaikkan berlipat kali ganda untuk mendapatkan kembali modal yang telah dilaburkan kepada gabungan parti politik besar semasa pilihan raya.

Lebih teruk lagi, jika ia melibatkan aktiviti haram, tindakan tidak diambil terhadap aktiviti haram seperti perjudian atas talian, penyeludupan dan pelbagai lagi kegiatan haram, sebagai ganti kepada sumbangan dana semasa kempen pilihan raya.

Jika ada satu kekecewaan utama saya sepanjang saya menjadi ahli politik ialah kegagalan saya merubah amalan ini di dalam parti-parti politik yang saya pernah terlibat.

Juga kegagalan saya meyakinkan majoriti rakyat Malaysia untuk membenci amalan rasuah politik seperti ini, yang diberikan atas nama sumbangan atau duit minyak.

Sebab itu, apabila saya dan Nik Nazmi berkesempatan memulakan kembali kerjaya politik kami dari bawah melalui 𝗕𝗘𝗥𝗦𝗔𝗠𝗔, saya berhasrat melatih aktivis-aktivis politik yang benar-benar benci kepada amalan rasuah seperti ini.

Rasuah seperti ini menyebabkan maruah kita tergadai. Demi wang, kita sanggup menukar pendirian, memberi alasan dan menutup mata kepada kerosakan.

Tetapi ia perlu bermula dengan menukar budaya bagaimana gerak kerja kempen sesebuah parti dijalankan.

Ia bermula dengan kembali kepada asas politik, iaitu keikhlasan untuk menyumbang demi kebaikan masyarakat dengan melakukan sesuatu dengan sukarela.

Alhamdulillah, perkara itu dapat dilaksanakan oleh 𝗕𝗘𝗥𝗦𝗔𝗠𝗔 dalam PRN Johor yang lepas.

Keseluruhan kempen BERSAMA dilaksanakan secara sukarela tanpa perlu ada bayaran dan apa-apa perbelanjaan kempen yang lain dibiayai sepenuhnya dari tiga (3) sumber orang ramai:

1) Yuran keahlian BERSAMA sebanyak RM20 setiap ahli

2) Kutipan dana dari majlis makan malam mengumpul dana #WeFund untuk PRN Johor

3) Sumbangan peribadi dari penderma dan penyokong dalam jumlah yang kecil, sama ada melalui crowdfunding atau sumbangan peribadi

Hari ini, 𝗕𝗘𝗥𝗦𝗔𝗠𝗔 merintis budaya baru dalam sejarah politik Malaysia dengan membentangkan sepenuhnya penyata perbelanjaan dan sumber kewangan bagi PRN Johor baru-baru ini, seperti yang diperincikan di dalam Lampiran A (boleh rujuk di bahagian gambar).

Amalan ini akan menjadi disiplin 𝗕𝗘𝗥𝗦𝗔𝗠𝗔 untuk semua pilihan raya yang disertai di masa akan datang.

Saya berharap sumbangan kecil 𝗕𝗘𝗥𝗦𝗔𝗠𝗔 dalam membawa budaya politik bersih ini akan membuka hati lebih ramai pengundi untuk bersama kami di masa akan datang.

𝟮𝟴 𝗝𝘂𝗹𝗮𝗶 𝟮𝟬𝟮𝟲

Bagi pihak 𝗕𝗘𝗥𝗦𝗔𝗠𝗔
𝗥𝗔𝗙𝗜𝗭𝗜 𝗥𝗔𝗠𝗟𝗜",Tue Jul 28 09:23:11 +0000 2026,rafiziramli,Kuala Lumpur City,True,899,332
ringgit,2081925776681873659,"🗓️ Vegoils Summary — 27 Jul 2026 

🌴 Vegetable oil markets weakened, led by sharp declines in CPO and CME soybean oil, following a steep fall in crude oil prices.
🛢️ Brent crude plunged 11.27% to US$85.87/barrel, while WTI fell 8.03% to US$82.14/barrel, after the US paused military action against Iran, easing geopolitical risk.
🇲🇾 Bursa Malaysia October CPO futures fell 1.04% (-49 ringgit) to 4,673 ringgit/tonne.
💵 A stronger Malaysian ringgit (+0.12%) reduced export competitiveness, adding further pressure on palm oil prices.
🇨🇳 Chinese vegetable oil futures also declined:
🌴 Palm olein: -1.66% to 9,380 yuan/tonne
🛢️ Soybean oil: -1.42% to 8,471 yuan/tonne
🌼 Rapeseed oil: -2.11% to 9,991 yuan/tonne
📦 Malaysian palm oil exports remained strong:
📈 ITS: 1.31 million tonnes (+15.88% m/m)
📈 Amspec: 1.14 million tonnes (+8.07% m/m)
🌴 Malaysian CPO production was broadly unchanged, with SPPOMA estimating output down 0.11% for July 1–25.
🇮🇩 Indonesia cash market:
🌴 CPO offers: US$1,200–1,202.50/tonne FOB
🛢️ Olein offers: US$1,135–1,140/tonne FOB
🇮🇳 India market:
🌴 August CPO offers: US$1,240/tonne CFR WCI
🛢️ Soybean oil offers (Aug–Dec): US$1,280–1,282/tonne CFR WCI
🌻 Sunflower oil offers remained elevated.
🇺🇸 CME soybean oil futures fell sharply:
📉 September: -3.57% to 70.85 cents/lb
📉 December: -3.37% to 69.58 cents/lb (lowest close since 10 Jul)
🌾 CME soymeal futures also declined:
September: -3.17% to US$320.30/short ton
December: -3.31% to US$324.10/short ton
🇧🇷🇦🇷 South American soyoil basis strengthened to offset weaker futures, while Brazilian soymeal basis softened slightly.
🌾 Euronext November rapeseed futures fell €12 to €538.75/tonne.
🌻 FOB Rotterdam rapeseed oil prices weakened across the forward curve, tracking broader vegetable oil and crude oil weakness.
🌻 EU sunflower oil market remained quiet, with limited buying interest and softer forward prices.
🇹🇷 Ukraine-origin sunflower oil offers to Mersin increased by US$25/tonne due to tighter availability.
🇷🇺 Russia raised its August sunflower oil export duty by 135.2% to 7,748 rubles/tonne, potentially tightening export supply.",Tue Jul 28 02:12:40 +0000 2026,Saveraaintl,Singapore,False,3,0
ringgit,2081924859333079509,"Ringgit dibuka tinggi berbanding mata wang utama, rendah berbanding dolar AS

Dipengaruhi sentimen pasaran berikutan ketidaktentuan yang masih berlarutan berhubung rundingan antara AS dan Iran.

#SinarHarian #BeritaTerkini #ringgit #dibukarendah #dolarAS

https://t.co/mOmVnIP8L4",Tue Jul 28 02:09:01 +0000 2026,SinarOnline,Malaysia,True,0,0
ringgit,2081908809325215760,"#NSTBusinessTimes The ringgit opened higher against most major currencies on Tuesday but eased against the US dollar, weighed down by market sentiment amid lingering uncertainty over US-Iran negotiations.
 
https://t.co/fvbfY7rZ5C https://t.co/vBmNUXXRnC",Tue Jul 28 01:05:14 +0000 2026,NST_Online,Malaysia,True,0,0
ringgit,2081391767149285593,"[F1 Di Malaysia Atas Kebijakan Diplomasi]

Alhamdulillah PM @anwaribrahim guna kebijakan diplomasi antarabangsa utk angkat martabat Malaysia. 

Ekonomi tumbuh segar, pelaburan asing mencanak &amp; ringgit mengukuh. 

1 Ogos nanti sebuah lagi kapal tangki minyak akan berlabuh di PD. https://t.co/9FyC3maR9W",Sun Jul 26 14:50:42 +0000 2026,RashidYusoff11,Shah Alam,False,185,19
ringgit,2080118200604254714,"🌴 Vegetable Oils Market Summary
📅 22 Jul 2026
🌴 CPO futures mixed; October Bursa Malaysia contract ▲ 0.24% to 4,621 ringgit/t as bargain buying and stronger crude oil offset weaker vegoil markets.
⛽ Crude oil surged (Brent $94.07/bbl, WTI $86.44/bbl) on escalating US-Iran tensions, supporting vegetable oils.
🛢️ CME soybean oil rebounded:September ▲ 1.53% to 74.53¢/lb.
December ▲ 1.66% to 72.82¢/lb.

🌾 Soymeal futures extended gains for a third session, supported by the stronger grain complex.
🇨🇳 China vegoil futures declined, with palm olein, soybean oil, and rapeseed oil all closing lower.
🌱 Malaysia's July palm oil production is still expected to increase despite a slight slowdown in early-July output growth.
💰 Physical market remained firm, with CPO, soybean oil, and sunflower oil offers broadly steady to higher.
🌻 European rapeseed oil was mixed, while sunflower oil prices eased as buyers remained cautious despite Black Sea risks.
🔍 Market sentiment: Supportive from higher energy prices and geopolitical risks, but gains were capped by ample palm supply expectations and weaker Chinese vegoil markets.",Thu Jul 23 02:30:00 +0000 2026,Saveraaintl,Singapore,False,3,0
ringgit,2079890553769267649,"Lonjakan harga minyak mentah terbukti mendorong ringgit yang mengukuh berbanding mata wang utama dunia

#Ringgit #dolar #minyakmentah
 
https://t.co/6wDBiXy1Ol",Wed Jul 22 11:25:25 +0000 2026,SinarOnline,Malaysia,True,1,0
ringgit,2079769947253686651,"Ringgit hampir tak berubah berbanding dolar AS, lebih kukuh daripada mata wang utama

#BHbisnes Ketidaktentuan mengenai rundingan perjanjian damai terus menjadi tumpuan apabila AS dan Iran saling melancarkan serangan untuk hari ke-10 berturut-turut.

https://t.co/1ypXWQY6bo",Wed Jul 22 03:26:10 +0000 2026,bharianmy,Malaysia,True,1,0
ringgit,2079260479281902028,https://t.co/AglxKWDfbr,Mon Jul 20 17:41:43 +0000 2026,ksampoh,United State Of America ,False,11,4
ringgit,2079219782835171618,"Harga minyak sawit mentah (CPO) menguat pada perdagangan Senin (20/7/2026), mengikuti lonjakan harga minyak mentah dan penguatan minyak nabati di Bursa Dalian, China.

Kekhawatiran baru terhadap penguatan fenomena El Niño juga turut menopang kenaikan harga.

Kontrak acuan CPO pengiriman Oktober di Bursa Malaysia Derivatives menguat 1,20 persen menjadi 4.652 ringgit Malaysia per ton pada pukul 15.07 WIB.

""Kenaikan kontrak berjangka CPO di Bursa Malaysia dipicu reli harga energi, penguatan kontrak minyak kedelai di CBOT sejak Jumat, serta kenaikan harga minyak nabati di China pada perdagangan Asia hari ini. Pembicaraan mengenai potensi El Niño yang sangat kuat kembali mengemuka, sehingga turut mendorong harga minyak sawit,"" ujar Kepala Riset Komoditas Sunvin Group, Anilkumar Bagani, dikutip Reuters.

Baca selengkapnya di
https://t.co/RmmD1k3Fyk

Atau klik link di Bio @idx_channel

Foto: Magnific

#idxchannel #idxchannelcommunity #cpo #minyak #elnino",Mon Jul 20 15:00:00 +0000 2026,idx_channel,Jakarta Capital Region,False,5,1
ringgit,2078857392704594325,"Harga minyak sawit mentah (CPO) membukukan kenaikan mingguan meski ditutup melemah pada Jumat (17/7/2026). Penguatan selama sepekan didukung prospek permintaan biodiesel di tengah kenaikan harga minyak mentah.

Berdasarkan data Bursa Malaysia Derivatives, kontrak acuan CPO pengiriman Oktober turun 0,20 persen menjadi 4.597 ringgit per ton pada Jumat. Meski demikian, sepanjang pekan kontrak tersebut masih menguat 1,86 persen.

Seorang trader yang berbasis di Kuala Lumpur mengatakan, dikutip Reuters, kontrak berjangka CPO Malaysia terkoreksi mengikuti pergerakan beragam harga minyak nabati pesaing.

Ia menambahkan, harga diperkirakan bergerak konsolidasi dalam kisaran sempit seiring pelaku pasar menunggu katalis baru.

Baca selengkapnya di 
https://t.co/cgOyCivD0x

Atau klik link di Bio @idx_channel

Foto: Magnific 

#idxchannel #idxchannelcommunity #CPO #hargaminyak #hargaminyaksawit",Sun Jul 19 15:00:00 +0000 2026,idx_channel,Jakarta Capital Region,False,3,0
ringgit,2078075993424789978,"Harga minyak sawit mentah (CPO) melemah pada Jumat (17/7/2026), mengikuti pelemahan harga minyak nabati di Bursa Dalian, China.

Kontrak acuan CPO pengiriman Oktober di Bursa Malaysia Derivatives turun 0,22 persen menjadi 4.596 ringgit per ton pada pukul 15.23 WIB.

Sepanjang pekan ini, kontrak tersebut menguat 1,73 persen.

""Kontrak berjangka CPO Bursa Malaysia dibuka sedikit lebih rendah, mengikuti pergerakan beragam harga minyak nabati pesaing,"" kata seorang trader yang berbasis di Kuala Lumpur, dikutip Reuters.

Baca selengkapnya di 
https://t.co/aBjBGCG4Qd

Atau klik link di Bio @idx_channel

Foto: Magnific

#idxchannel #idxchannelcommunity #CPO #Sawit #MinyakSawit",Fri Jul 17 11:15:00 +0000 2026,idx_channel,Jakarta Capital Region,False,5,0
ringgit,2076879359583920552,"Ringgit dibuka tinggi berbanding dolar Amerika pada Selasa berikutan ketidaktentuan di Selat Hormuz yang meningkatkan harga minyak mentah global - Ketua Ahli Ekonomi Bank Muamalat Malaysia Bhd Dr Mohd Afzanizam Abdul Rashid

https://t.co/tkXkJMKSrv https://t.co/aK59WBD2wR",Tue Jul 14 04:00:00 +0000 2026,Bernama_Radio,Malaysia,True,0,0
ringgit,2076637296024240311,"Ringgit ditutup tinggi berbanding dolar AS

Pelabur terus menilai ketidaktentuan berkaitan gencatan senjata AS-Iran serta aliran bebas kapal yang melalui Selat Hormuz.

https://t.co/33XS6CprhV

#sinarharian #beritaterkini",Mon Jul 13 11:58:08 +0000 2026,SinarOnline,Malaysia,True,1,0
ringgit,2076518116075647443,"🌴 Vegoil  Summary
📅 10 Jul 2026 | Fastmarkets

🌴 Palm Oil (CPO)
📉 Malaysia September CPO futures fell 1.81% to 4,511 ringgit/tonne, hitting a one-week low.
📊 Selling followed bearish MPOB June data, showing:
📦 End-June palm oil stocks +4.78% to 2.544 million tonnes (highest since February).
🌴 CPO production +8.08% to 1.64 million tonnes.
🚢 Imports jumped to 103,113 tonnes (from 43,816 tonnes in May).
📈 Despite Friday’s drop, September CPO futures still finished the week 0.69% higher, supported by:
🌦️ Weather risk premium.
🌍 Middle East geopolitical tensions.

🇨🇳 China Vegetable Oils

📉 Dalian September palm olein: -1.76% to 9,222 yuan/tonne.
📉 Dalian September soybean oil: -0.93% to 8,543 yuan/tonne.
📈 Zhengzhou September rapeseed oil: +0.11% to 9,908 yuan/tonne.

📦 Malaysia Supply & Exports

🚢 Palm oil exports in June +6.2% to 1.204 million tonnes.
🏠 Domestic consumption increased 37% to 421,754 tonnes.
📈 July 1–10 export estimates:
🚢 ITS: +1.6% month on month.
🚢 Amspec: +5.12% month on month.

🇮🇩 Indonesia Cash Market

🌴 August CPO offers:
$1,195–1,200/tonne FOB Indonesia.
🛢️ August olein offers:
$1,115–1,120/tonne FOB Indonesia.

🇮🇳 India Market

🤝 August CPO traded at $1,222.50/tonne CFR West Coast India (WCI).
🛢️ Indian buyers actively purchased:
🌱 Soybean oil for August–December shipment.
🌻 Sunflower oil from the Black Sea and Argentina.
📉 CPO vs soybean oil spread narrowed sharply:
August: $19/tonne (vs $32.50 last week).
September: $1.50/tonne (vs $22.50 last week).
📦 Estimated Indian soybean oil purchases this week:
~200,000 tonnes.

🌱 Soybean Oil

📈 August CME soybean oil gained 0.77% to 70.46¢/lb.
📈 Up 3.99% for the week after the USDA WASDE report.
📊 Support came from:
🌍 Lower global soybean ending stocks.
♻️ Continued expectations for strong US biofuel demand.

🌾 Soymeal

📈 August CME soymeal rose 0.95% to $320.40/short ton.
📈 December soymeal gained 1.05%.

🌎 South America

📈 Argentina and Brazil soybean oil export premiums strengthened, offsetting gains in CME soybean oil futures.
📈 Soymeal export basis also improved in both countries.

🌱 Rapeseed Oil

📉 Euronext August rapeseed futures fell to €516.25/tonne (-€2.75).
📉 FOB Rotterdam rapeseed oil weakened due to:
🌴 Lower Malaysian palm oil prices.
🌾 Weaker Paris rapeseed futures.
🤝 Trading activity improved with buying from both food and biofuel sectors.

🌻 Sunflower Oil

⚖️ EU sunflower oil prices were mixed, with nearby positions softer and forward values mostly steady.
🇹🇷 CIF Mersin market remained quiet, with limited liquidity and little fresh trading.

🛢️ Energy Markets

📉 Brent crude: -0.38% to $76.01/barrel.
📉 WTI crude: -0.93% to $71.41/barrel.
🌍 Oil eased after renewed US-Iran diplomatic signals, although geopolitical tensions remained a key market focus.",Mon Jul 13 04:04:33 +0000 2026,Saveraaintl,Singapore,False,5,0
ringgit,2076145540757373304,"Harga minyak kelapa sawit mentah (crude palm oil/CPO) ditutup melemah lebih dari 1 persen pada perdagangan Jumat (10/7/2026). Meski demikian, harga CPO tetap membukukan kenaikan mingguan pertama dalam tiga pekan.

Kontrak CPO acuan untuk pengiriman September di Bursa Malaysia Derivatives Exchange ditutup turun 1,81 persen menjadi 4.511 ringgit Malaysia per ton.

Sepanjang pekan ini, kontrak tersebut masih menguat 0,69 persen, sekaligus mengakhiri tren pelemahan selama dua pekan berturut-turut.

Direktur Pelindung Bestari Paramalingam Supramaniam mengatakan tekanan terhadap harga muncul setelah data Malaysian Palm Oil Board (MPOB) menunjukkan persediaan minyak sawit Malaysia naik ke level tertinggi dalam empat bulan pada Juni.

Baca selengkapnya di
https://t.co/r6yKaimLp1

Atau klik link di Bio @idx_channel

Foto: Magnific

#idxchannel #idxchannelcommunity #CPO #harga #sawit",Sun Jul 12 03:24:04 +0000 2026,idx_channel,Jakarta Capital Region,False,7,0
ringgit,2076126890029658428,Tu circle ang. Yang lain ang taktau lagi cmna. Dulu zaman paklah orang cakap dia kalah sebab naik harga minyak 80sen. Hah tunggu la tengok apa nasib naik harga sampai 4-5 ringgit. https://t.co/U0zJuDRHXN,Sun Jul 12 02:09:57 +0000 2026,meinmokhtar,,False,23,3
ringgit,2075951084036829490,"Kemaren aku sekitar 10jt doang

Tix 2 hari : 6jt
Pesawat pp + bagasi : 3,2jt
Sharing apart 4 hari 3 malam: 500k an (seingetku)
Makan 4 hari: 300k an (ini sharing beli beras+ayam+minyak abis ga sampe 200k dan dibagi 2)
Oleh2: 600k an
Transport pake rapidkl: 20 ringgit kalo ga salah",Sat Jul 11 14:31:22 +0000 2026,belovjjed,Open+read my PINNED please!,False,4,0
ringgit,2075928093303480498,"Harga minyak kelapa sawit mentah (crude palm oil/CPO) ditutup melemah lebih dari 1 persen pada perdagangan Jumat (10/7/2026). Meski demikian, harga CPO tetap membukukan kenaikan mingguan pertama dalam tiga pekan.

Kontrak CPO acuan untuk pengiriman September di Bursa Malaysia Derivatives Exchange ditutup turun 1,81 persen menjadi 4.511 ringgit Malaysia per ton.

Sepanjang pekan ini, kontrak tersebut masih menguat 0,69 persen, sekaligus mengakhiri tren pelemahan selama dua pekan berturut-turut.

Direktur Pelindung Bestari Paramalingam Supramaniam mengatakan tekanan terhadap harga muncul setelah data Malaysian Palm Oil Board (MPOB) menunjukkan persediaan minyak sawit Malaysia naik ke level tertinggi dalam empat bulan pada Juni.

Baca selengkapnya di 
https://t.co/r6yKaimLp1

Atau klik link di Bio @idx_channel

Foto: Istimewa

#idxchannel #idxchannelcommunity #hargaCPO #CPO #sawit",Sat Jul 11 13:00:00 +0000 2026,idx_channel,Jakarta Capital Region,False,5,1
ringgit,2075213395507458555,"Berapa mahal harga sebuah ilmu? Kadang-kadang, satu ilmu yang betul mampu mengelakkan kerugian beribu-ribu ringgit.

Jumpa saya di InvestFair Malaysia 2026.

🎤 Dari Minyak Masak Ke Pasaran Dunia: Peluang Besar Yang Ramai Tak Perasan

📅 18–19 Julai | 📍 MVEC KL https://t.co/u4FIqGMP3a",Thu Jul 09 13:40:03 +0000 2026,norazambudin,"Anywhere, Everywhere",False,4,4
ringgit,2075044769810571561,"🌴 Vegoils Summary | 08 Jul 2026
📈 CPO (Sep): ▲1.34% to RM4,608/t (10-day high), supported by stronger crude oil, vegoils, and weaker ringgit.
🛢️ Crude Oil: Brent neared $78/bbl as renewed US-Iran tensions lifted energy markets.
🌱 CME Soybean Oil: ▲3.29% to 70.85¢/lb, tracking crude oil gains.
🇨🇳 China Vegoil Market: Palm olein ▲0.38%; Soybean oil ▲0.61%; Rapeseed oil ▲0.23%.
🇲🇾 Ringgit: ▼0.15%, improving Malaysian palm oil export competitiveness.
🇮🇳 India: Active soybean oil buying on better import margins; CPO demand remained cautious at higher prices.
🌻 Sunflower Oil: Market remained quiet with limited buying interest.
🇺🇦 Ukraine: Sunflower oil exports 74,445 t (▼23% WoW).
🔑 Key Takeaway: Crude oil rally driven by geopolitical tensions lifted the entire vegetable oil complex, with palm oil and soybean oil leading gains.",Thu Jul 09 02:30:00 +0000 2026,Saveraaintl,Singapore,False,4,2
ringgit,2074690659890655325,"Ringgit dibuka tinggi berbanding mata wang utama namun menyusut berbanding dolar AS pada Rabu berikutan permintaan terhadap unit negara maju itu meningkat dalam keadaan ketegangan geopolitik yang semakin memuncak di Asia Barat.

https://t.co/wQYSlp8xIs https://t.co/95hlKu5IdC",Wed Jul 08 03:02:53 +0000 2026,beritartm,,False,1,1
ringgit,2073021438286590008,"Harga minyak sawit mentah (crude palm oil/CPO) melemah pada perdagangan Jumat (3/7/2026) dan berpotensi mencatatkan penurunan mingguan kedua berturut-turut.

Pelemahan dipicu oleh ekspektasi meningkatnya produksi yang berpotensi mendorong kenaikan stok.

Kontrak acuan CPO untuk pengiriman September di Bursa Malaysia Derivatives turun 0,51 persen menjadi 4.483 ringgit Malaysia per ton pada 14.56 WIB. Sepanjang pekan ini, kontrak tersebut telah terkoreksi sekitar 1,84 persen.

Kepala Riset Komoditas Sunvin Group, Anilkumar Bagani, mengatakan pasar saat ini mencermati potensi kenaikan produksi yang diperkirakan memicu lonjakan persediaan.

Baca selengkapnya di
https://t.co/oPkGtSEfS7

Atau klik link di Bio @idx_channel

Foto: Magnific

#idxchannel #idxchannelcommunity #cpo #stok #sawit",Fri Jul 03 12:30:00 +0000 2026,idx_channel,Jakarta Capital Region,False,4,0
ringgit,2072504280700117500,"Vegoils Summary – 1 Jul 2026 📅🌴🛢️
🇲🇾 CPO (Malaysia)
📈 Bursa Malaysia September CPO futures rose 0.24% to MYR 4,557/t, recovering from Tuesday's losses after trading in a narrow range.
📉 Gains faded into the close, reflecting cautious market sentiment.
📊 Trading volume declined to 63,855 lots (vs 75,359 previous session).
💱 Weaker Malaysian ringgit (-0.34% vs USD) provided some support to prices.
🌴 Palm Oil Fundamentals
📦 June palm exports expected to improve month-on-month.
🌴 SPPOMA estimated June palm oil production up 16.74% MoM, limiting bullish sentiment.
📅 Market awaits MPOB June supply-demand report (10 Jul).
🇮🇩 Indonesia's revised 2026 biodiesel allocation remains pending despite B50 rollout beginning.
🇨🇳 China Vegetable Oils
📉 Dalian September palm olein: -0.59%
📉 Dalian September soybean oil: -0.32%
📉 Zhengzhou September rapeseed oil: -1.25%
🇺🇸 CME Soybean Oil
🔄 Futures were volatile before ending mixed.
📉 August contract: 66.69 c/lb (-0.36%)
📈 December contract: 65.42 c/lb (+0.11%)
🌱 USDA May soybean crush came in below expectations, but had little market impact.
🛢️ Energy Markets
📉 Brent crude: $71.57/bbl (-1.89%)
📉 WTI crude: $68.03/bbl (-2.13%)
🤝 Pressure came from optimism over potential US-Iran peace negotiations and expectations of increased oil supply.
💵 Physical Palm Oil Market
🇮🇩 Indonesia July CPO:🏷️ Offers: $1,200/t FOB
💰 Bids: $1,182.50/t FOB

🛢️ Indonesia July olein:Offers: $1,110–1,115/t FOB
Bids: $1,105/t FOB

🇮🇳 India July CPO:West Coast: Trade at $1,220/t CFR
East Coast: Trades $1,210–1,215/t CFR

🌱 Other Vegetable Oils
🟡 Soybean oil CFR India:Aug-Sep offers: $1,250–1,255/t
No buying interest reported.

🌻 Sunflower oil:Argentina Aug-Sep offers: $1,415–1,420/t
Black Sea Aug offers: $1,450–1,460/t

🌎 South America
📈 Argentina August soyoil basis strengthened to -13.6 c/lb.
📈 Brazil August soyoil basis strengthened to -13.3 c/lb.
📉 Brazil soymeal August basis eased to +$2.50/ST.
📈 Argentina soymeal August basis improved to -$2.50/ST.
🇪🇺 Europe
🌾 Euronext August rapeseed futures: €505.50/t (+€0.25)
🛢️ FOB Rotterdam rapeseed oil remained subdued with weaker soybean oil offset by firmer palm oil.
🌻 EU sunflower oil market stayed quiet with minimal buying interest and no fresh trades.
🔑 Market Takeaways
⚖️ CPO edged higher but lacked a strong bullish catalyst.
🌴 Higher June production expectations offset improving export outlook.
🛢️ Weak crude oil capped gains across the vegetable oils complex.
📅 Focus now shifts to the MPOB June report (10 Jul) and Indonesia's biodiesel policy updates",Thu Jul 02 02:15:00 +0000 2026,Saveraaintl,Singapore,False,2,1
ringgit,2072236170579222667,"ICYMI O/N

MACRO:

The Trump administration and Anthropic have reached an agreement to restore access to the company’s most recent general-access AI model. Anthropic said it would begin restoring access Wednesday after a 2½-week shutdown, saying it had implemented a new safeguard to address the behavior Amazon researchers flagged after working closely with the government. (WSJ)

US President Trump’s forays into cryptocurrency delivered him a windfall of more than $1 billion last year, according to his latest financial disclosure report, an unprecedented surge in income that came alongside earnings from royalty deals, real estate and legal settlements. (WSJ)

Pierre Yared, the acting head of the White House Council of Economic Advisers, is stepping down, Trump said Tuesday, as the president’s nominee to hold the role permanently nears likely confirmation by the Senate. (WSJ)

Global equity fundraising topped $729.4 billion in the first half of 2026, boosted by SpaceX's record initial public offering, and marking the second-best start to a year on record, according to Mergermarket data. (Dow Jones)

Elon Musk said in an X post, pushing back on a view an AI crash is coming, ""There are always momentary dips, even in a rapidly growing economy. The productivity gains from AI and robotics are so enormous, however, that the macro trend is overwhelmingly up."" (X)

Fossil fuel power investment in the US is set to outpace China for the first time in decades thanks to a surge in gas-fired turbine orders, as companies rush to build out data centres. (FT)

Despite President Trump’s defeat at the Supreme Court in his bid to limit birthright citizenship, he has notched several recent court victories that are expected to turbocharge his deportation efforts. (WSJ)

The global oil market is set to swing back into oversupply as the impact of the Iran war fades and traffic through the Strait of Hormuz recovers, according to Goldman Sachs Group Inc. (BBG)

The global AI boom powered Asia's manufacturing sector in June, with brisk demand for technology-related goods offsetting the drag from the Iran war, business surveys showed on Wednesday, offering some relief for the region's export-reliant economies. (RTRS)

Japan’s currency chief suggested intervention was an effective strategy and flagged close communication between Tokyo and Washington over foreign exchange, in comments made as the yen hovers near a four-decade low. (BBG)

The slump in the yen is forcing investors to rethink their strategy to gauge the currency's moves, according to Mizuho Bank They note the relationship between interest-rate differentials and the dollar-yen level has reversed, with the yen weakening even as domestic yields have climbed. (BBG)

Japanese PM Takaichi set a target for raising Japan’s nominal GDP to ¥1,100 trillion ($6.8 trillion) alongside annual domestic private-sector capital investment of ¥230 trillion by the fiscal year starting in April 2040, as she champions her vision for a strong economy. (BBG)

Japan's manufacturing sector expanded in June, sealing its best quarterly performance since early 2014, as new orders grew at their fastest pace in more than two years, a business survey showed on Wednesday. (RTRS)

Japanese business mood climbed to an eight-year high and corporate inflation expectations rose to record levels, a quarterly survey showed, underlining the economy's resilience to the Middle East war and bolstering the case for more rate hikes. (RTRS)

A private gauge (RatingDog) showed China’s manufacturing activity grew at a slower pace in June due to tapered factory production, diverging from a pickup shown in a competing index. (WSJ)

Bullish bets on the Chinese yuan are fading, with options traders unwinding one of the year’s most crowded trades after the Federal Reserve’s hawkish pivot. (BBG)

China’s A-share trading volume set a record high for a first half with semiconductor valuations eclipsing major state-owned banks for the first time ever as AI demand drew investors. (Securities Times)

Chinese carmakers are rushing to cut their dependence on foreign chips in an echo of how their dominance of battery technology gave them an upper hand in making electric vehicles. (FT)

The war in Iran has allowed China's petrochemicals trade to boost exports and ease its glut of key building blocks for plastics, rubber, and textiles. Buyers from Vietnam to Indonesia have tapped China for supply due to the loss of feedstock from the Persian Gulf, and Chinese producers have established supply chains to the rest of Asia. (BBG)

South Korea’s exports posted the strongest growth in nearly 50 years as the global artificial-intelligence buildout keeps fueling demand for chips. (WSJ)

South Korea’s won slid toward its weakest level since the global financial crisis, leading a retreat in Asian currencies, as the dollar strengthened and overseas investors sold local equities. (BBG)

British annual house prices rose by less than expected in June, but softening expectations for interest rate hikes by the Bank of England are likely to improve affordability, mortgage lender Nationwide said on Wednesday. (Guardian)

The EU will limit the amount of tariff-free steel its member states can import from Wednesday, as part of officials’ efforts to protect its steel industry from oversupply from countries like China. (WSJ)

The ECB should not rush into any further rate hike given the unexpectedly quick retreat in oil prices, Maltese central bank chief Alexander Demarco said, joining a growing chorus of policymakers calling for caution. (RTRS)

Germany is pressing the US to allow more American weapons to be built on German soil, seeking to plug Europe’s military gaps while giving Donald Trump a reason to remain invested in the continent’s defence. (FT)

Just 12 per cent of crypto companies that have been operating in the EU are approved to continue doing so from Wednesday under tough new rules that are shrinking the industry and forcing many of them to wind down their businesses. (FT)

India's manufacturing sector expanded at its second-slowest pace in four years in June as cooling demand for goods dragged on output and hiring but easing cost pressures provided some relief, a survey showed. (RTRS)

India’s bonds open to unrestricted global investment attracted a record monthly inflow after the government scrapped taxes on foreign investors. (BBG)

Malaysia’s spending on petrol and diesel subsidies could climb to 40 billion ringgit ($9.8 billion) in 2026 if current market prices persist, Prime Minister Anwar Ibrahim said. The projected cost would be more than double the 15 billion ringgit allocated for subsidies in this year’s budget. (BBG)

GEOPOLITICAL:

'A Dispute Over Opening Hormuz Drives a Wedge Into U.S.-Saudi Relations' WSJ article notes a diplomatic rift has emerged since Saudi blocked U.S. military access for Project Freedom. The U.S. is considering reducing its military footprint in Saudi Arabia, focusing forces on more supportive countries like Israel and Jordan. (WSJ)

'Putin Faces a Political Crisis as Fuel Shortages Ripple Through Russia' WSJ article notes Ukrainian drone attacks have caused widespread fuel shortages across Russia, which has led to Russia planning to import fuel for the first time in decades and has banned gasoline and jet fuel exports. Comes ahead of September parliamentary elections. (WSJ)

China's covert military training of Russian forces last year was personally approved by President Vladimir Putin's defence minister and directly involved at least four Russian and Chinese generals, according to two European officials and documents seen by Reuters. (RTRS)

EQUITIES:

SoftBank Group has executed the $10b follow-on investment in OpenAI that was previously announced in March. Plans to complete the remaining $10b investment on Oct. 1. (BBG)

Bloom Energy and Brookfield have expanded their partnership to ‌finance power projects for AI infrastructure, boosting their funding framework fivefold to $25 billion to accelerate the global deployment of Bloom's ​fuel cells. Shares of Bloom Energy surged 12% in ​extended trading. (RTRS)

Micron CEO Sanjay Mehrotra said Tuesday in a CNBC interview that memory chipmakers aren’t the only ones to blame for the current supply-and-demand imbalance. Customers who drove a hard bargain in pricing in recent years also contributed to the squeeze, Mehrotra argued, suggesting that left the industry underinvested for the AI boom. (CNBC)

Nike recorded another sales decline in the latest quarter as it continued to hit hurdles with weakness in China. The company’s shares dropped more than 7% after the market close. (WSJ)

Microsoft is planning to cut under 2.5% of its workforce in the latest round of layoffs that could be announced as early as next week, according to Business Insider sources. (BI)

Constellation Brands said higher gas prices and economic uncertainty dampened sales of its alcoholic beverages after a promising start in its most recent quarter. (WSJ)

The Trump administration is drafting a ban on imports of foreign inverters, which connect solar projects and batteries to the grid, over concerns China could use them to disrupt power supplies, according to Reuters sources. (RTRS)

KKR said it agreed to acquire the U.S. and Canadian operations of EDF power solutions from EDF group for about $4.2 billion, with potential additional payments of up to $390 million. (WSJ)

KKR and South Korea’s SK Inc. are jointly launching a $1.3 billion renewable-energy platform aimed at meeting surging demand for clean power in AI data centers and semiconductor manufacturing. (WSJ)

South Korea's antitrust regulator alleged on Wednesday that Alphabet's Google abused its dominant position in the Android app marketplace to hinder competition and will recommend corrective measures and a financial penalty. (RTRS)

European Technology Commissioner Henna Virkkunen had a ""constructive"" talk with Apple's Chief Executive Tim Cook during a video call held on Monday, said a Commission spokesperson. (RTRS)

French container shipping group CMA CGM is nearing a deal to buy FedEx's third-party logistics business for $1.4 billion in cash, according to FT sources. (FT)

US data center equipment maker Vertiv Holdings Co. opened a factory in Malaysia, underscoring the rapid pace of AI infrastructure buildout in the Asia Pacific. (BBG)

Lime, backed by Uber, raised $167 million in its U.S. initial public offering, joining a growing list of companies tapping a revived market for new listings. (RTRS)

Dish DBS, the satellite pay-TV provider under Charlie Ergen’s EchoStar broadcast empire, filed for bankruptcy Tuesday after a deal to sell spectrum to AT&T was held up. (WSJ) 

Chinese chip material manufacturers are boosting output of cutting-edge products, such as T-glass, aiming to catch longtime Japanese market leaders as Beijing pushes semiconductor self-sufficiency. (Nikkei)

TikTok is considering cutting about 300 jobs at its European hub in Dublin, following a similarly sized round of layoffs last year. (BBG)

Ipsen said it agreed to buy Swiss biotechnology company Memo Therapeutics in a deal that could exceed 700 million euros ($799.6 million) and that seeks to expand the French drugmaker’s rare-disease portfolio. (WSJ)

Primark owner Associated British Foods said on Wednesday it still expected annual profit to come in below last year's level, with its sugar business loss-making amid a further deterioration in trading conditions. (RTRS)

Britain's biggest fast-food chain Greggs said on Wednesday that its CFO Richard Hutton will step down after 28 years with the company. (RTRS)

Alcoa has agreed to buy South32’s bauxite, alumina and aluminum assets across Australia, Brazil and South Africa in a cash-and-stock deal valued at up to $5.6 billion. (WSJ)

DATA RECAP (Newsquawk):

Australian Ai Group Construction Index (Jun) -38.1 (Prev. -9.9)
Australian Ai Group Industry Index (Jun) -30.0 (Prev. -26.5)
Australian Ai Group Manufacturing Index (Jun) -16.8 (Prev. -22.4)
Australian Building Permits M/M Prelim (May) -1.1% vs. Exp. 1.0% (Prev. -3.4%)
Australian Building Permits Y/Y Prelim (May) 5.3% (Prev. 10.2%)
Australian Private House Approvals M/M Prelim (May) 2.8% (Prev. -1.0%)
Chinese RatingDog Manufacturing PMI (Jun) 51.7 vs. Exp. 51.7 (Prev. 51.8)
EU S&P Global Manufacturing PMI Final (Jun) 51.4 vs. Exp. 51.3 (Prev. 51.6)
French S&P Global Manufacturing PMI Final (Jun) 51.2 vs. Exp. 50.7 (Prev. 49.7)
German S&P Global Manufacturing PMI Final (Jun) 50.3 vs. Exp. 50.0 (Prev. 50.1)
Indian HSBC Manufacturing PMI Final (Jun) 54.2 vs. Exp. 54.5 (Prev. 55.0)
Indonesian S&P Global Manufacturing PMI (Jun) 46.9 (Prev. 50.0)
Irish AIB Manufacturing PMI (Jun) 54.9 (Prev. 55.9)
Italian S&P Global Manufacturing PMI (Jun) 52.2 vs. Exp. 52.6 (Prev. 52.9)
Japanese Consumer Confidence (Jun) 33.8 vs. Exp. 34.0 (Prev. 33.6)
Japanese Tankan Large Manufacturers Index (Q2) 22 vs. Exp. 16 (Prev. 17)
Korea (Republic of) Balance of Trade (Jun) 36.15B (Prev. 26.95B)
Korea (Republic of) Exports Y/Y (Jun) 70.9% (Prev. 53.2%)
Korea (Republic of) Imports Y/Y (Jun) 30.1% (Prev. 20.8%)
Korea (Republic of) S&P Global Manufacturing PMI (Jun) 52.1 (Prev. 54.8)
Malaysian S&P Global Manufacturing PMI (Jun) 50.7 (Prev. 49.9)
Philippine S&P Global Manufacturing PMI (Jun) 50.9 (Prev. 50.8)
Singaporean URA Property Index Q/Q Prelim (Q2) 0.5% (Prev. 0.9%)
Spanish S&P Global Manufacturing PMI (Jun) 49.7 vs. Exp. 51.0 (Prev. 51.2)
Swedish Swedbank Manufacturing PMI (Jun) 58.3 (Prev. 57.3)
Swiss https://t.co/lEYMA0rUW8 Manufacturing PMI (Jun) 54.3 vs. Exp. 56.3 (Prev. 57.3)
Swiss Retail Sales M/M (May) 0.5% (Prev. 0.1%)
Swiss Retail Sales Y/Y (May) 3.5% vs. Exp. 0.8% (Prev. 1.6%)
Taiwan S&P Global Manufacturing PMI (Jun) 55.2 (Prev. 56.1)
Thai S&P Global Manufacturing PMI (Jun) 53.6 (Prev. 52.6)
UK Nationwide Housing Prices M/M (Jun) 0.0% vs. Exp. 0.0% (Prev. -0.6%)
UK Nationwide Housing Prices Y/Y (Jun) 2.2% (Prev. 1.7%)
Vietnam S&P Global Manufacturing PMI (Jun) 51.8 (Prev. 52.8)",Wed Jul 01 08:29:38 +0000 2026,ZackEiseman,,False,7,1
ringgit,2072185781423309087,"🇲🇾 New and live now: 
 
→ Today in Malaysia: solat, minyak, ringgit, cuaca &amp; udara, live
→ Cuti Umum 2026 + countdown ke cuti seterusnya
→ Explainers: B40/M40/T20, SST, EPF, gaji minimum, dijelaskan simple
→ Waktu solat untuk 10 bandar

https://t.co/67OPaZzLAJ https://t.co/X0Cd2SNkXS",Wed Jul 01 05:09:24 +0000 2026,GreaterMsia,Malaysia,True,4,0
ringgit,2071428116480766200,"Ringgit dibuka lebih tinggi berbanding dolar AS hari ini didorong sokongan berterusan daripada pergerakan harga minyak mentah yang kekal pada paras lebih rendah.

Pada jam 8 pagi, mata wang tempatan berada pada paras 4.0855/0950 berbanding dolar AS, berbanding 4.0860/0910 ketika ditutup pada Jumaat lalu.",Mon Jun 29 02:58:42 +0000 2026,EkonomiRakyatMY,Kuala Lumpur,True,15,3
ringgit,2071407732176077125,"Ringgit dibuka tinggi disokong harga minyak rendah

https://t.co/HnFoKVPK0Y",Mon Jun 29 01:37:42 +0000 2026,MalaysiaGazette,Kuala Lumpur,True,0,0
ringgit,2071405489586639213,"Pada 8 pagi, mata wang tempatan berada pada 4.0855/0950 berbanding dolar AS daripada 4.0860/0910 semasa ditutup pada Jumaat lepas.

https://t.co/Wfd0GCOlCd

#AWANInews #AWANIpagi",Mon Jun 29 01:28:48 +0000 2026,501Awani,Malaysia,True,0,1
ringgit,2071402706556846135,"Ringgit dibuka tinggi berbanding dolar AS, disokong harga minyak rendah

Pada sesi pembukaan, ringgit diniagakan tinggi berbanding sekumpulan mata wang utama.

https://t.co/WmAeRJSmjF

#SinarHarian #Threads #BeritaTerkini",Mon Jun 29 01:17:44 +0000 2026,SinarOnline,Malaysia,True,0,0
